:100000000C947D170C949E170C949E170C949E17BD
:100010000C949E170C949E170C949E170C949E178C
:100020000C949E170C949E170C949E170C949E177C
:100030000C949E170C94EE1D0C949E170C949E1716
:100040000C949E170C949E170C949E170C949E175C
:100050000C949E170C949E170C949E170C949E174C
:100060000C949E170C9489790C949E170C945F79CC
:100070000C949E170C949E170C949E170C949E172C
:100080000C949E170C949E170C949E170C949E171C
:100090000C949E170C949E170C949E170C949E170C
:1000A0000C949E170C949E170C949E170C949E17FC
:1000B0000C949E170C949E170C941D1E0C949E1766
:1000C0000C949E170C949E170C949E170C949E17DC
:1000D0000C949E170C949E170C949E170C949E17CC
:1000E0000C949E170C949E170C949E170C949E17BC
:1000F0000C949E170C949E170C949E170C949E17AC
:100100000C949E170C949E170C949E170C949E179B
:100110000C949E170C949E170C949E170C949E178B
:100120000C949E170C949E170C949E170C949E177B
:100130000C949E170C949E170C949E170C949E176B
:100140000C949E170C949E170C949E170C949E175B
:100150000C949E170C949E170C949E170C949E174B
:100160000C949E170C949E170C949E170C949E173B
:100170000C949E170C949E170C949E170C949E172B
:100180000C949E170C949E170C949E170C949E171B
:100190000C949E170C949E170C949E170C949E170B
:1001A0000C949E170C949E170C949E170C949E17FB
:1001B0000C949E170C949E170C949E170C949E17EB
:1001C0000C949E170C949E170C949E170C949E17DB
:1001D0000C949E170C949E170C949E170C949E17CB
:1001E0000C949E170C949E170C9411830C944285CA
:1001F0000C94416D0C94E2780C9448900C942F6D03
:100200000C9438900C9406840C941A710C947D9084
:100210000C9442710C9452740C94CB820C94866DA5
:100220000C940A830C94B9830C943C730C949E81B7
:100230000C94C1810C94E0400C94A2900C94DC834B
:100240000C944E700C94BB900C946B870C94318280
:100250000C94A4830C94A5900C9454900C94476D2A
:100260000C94A0900C94AB900C94B1900C942186BB
:100270000C947D870C94356D0C9426900C94D68745
:100280000C948F830C94606D0C9489870C94C17AC4
:100290000C946D760C94A2870C94FC820C94CA7911
:1002A0000C948A6D0C9427810C949C7E0C942D8365
:1002B0000C9493820C9471900C94AF900C947C6D80
:1002C0000C943B6D0C94B0870C947D720C940C7C58
:1002D0000C9470820C94C1700C94376D0C949A82BB
:1002E0000C947E820C94336D0C94157B0C94659069
:1002F0000C941A780C9499900C945F810C94DC40C7
:100300000C9434830C9474810C943E7C0C9477711F
:100310000C9489810C94C8870C94B3880C946790D2
:100320000C94DE400C9400820C9404890C949D8300
:100330000C94CE870C9406890C94C0830C94D282C2
:100340000C9468840C940E820C943D6D0C94E36EB6
:100350000C9457790C9443810C94BA810C944A7094
:100360000C94A7900C9473900C949B850C948387A9
:100370000C9440900C947A6D0C9450830C942587C7
:100380000C94296D0C947A830C94FF720C948290D7
:100390000C9461870C94AF820C94777F0C94057257
:1003A0000C9446790C9496880C9435810C94388280
:1003B0000C9473830C94FF830C9412810C947B81B6
:1003C0000C94436D0C9490810C940D840C946F905C
:1003D0000C94727B0C941F830C9476900C948B86F7
:1003E0000C94B8900C943C810C94A12A0C949E908F
:1003F0000C944A810C9479870C9460850C94078244
:100400000C944A8D0C945E830C943A900C94D071A9
:100410000C94F8830C94F5820C94CE830C94628235
:100420000C941C820C9423820C94A6870C94D68185
:100430000C9420710C946B900C9480900C943F6DF4
:100440000C94316D0C94ED6E0C9490900C94E640ED
:100450000C946D900C94B2830C9485900C94C98F7D
:100460000C94F9810C943B830C94E2400C94209002
:100470000C94C7850C9469900C9482810C946C73D5
:100480000C94B3810C94AD900C9477760C944B72D1
:100490000C948C820C946C830C9488900C944B90EC
:1004A0000C9460720C948B900C9458810C94C287BD
:1004B0000C94D4780C9415820C9454820C94256D71
:1004C0000C9492900C94236D0C94A9900C94406E13
:1004D0000C94AB830C94DA400C9452700C946681AB
:1004E0000C94EB1C0C94BD820C943D900C94A18256
:1004F0000C942A820C942B6D0C94F76E0C948C70D7
:100500000C94A8820C9469820C9445900C942671EA
:100510000C94BD900C94EB810C9456900C940E7F2F
:100520000C9433740C94E0820C94886D0C94299094
:100530000C94EC400C946D810C9465830C944D826A
:100540000C94AA870C94C7830C94456D0C9451812C
:100550000C94E6780C942C890C9458900C94A581FA
:100560000C9481830C9420810C943C710C945A6DF2
:100570000C9477820C945A900C9457830C94468276
:100580000C9488830C945B6E0C94956E0C94498C3F
:100590000C949C900C94D2870C94B6820C94B690D8
:1005A0000C9451900C949B710C94B3900C946390A8
:1005B0000C9404810C9442830C94806D0C941575FA
:1005C0000C9485820C94E5700C944D860C947B9071
:1005D0000C94C4820C9441890C94C8810C94DE78EC
:1005E0000C94396D0C949C870C945D870C942D6D44
:1005F0000C94AA7A0C94E7820C9403830C943F82A7
:100600000C9442900C94DD810C94D3700C9418835C
:100610000C9497810C9478900C945D900C947E6D62
:100620000C9414840C945B820C944B730C94359052
:100630000C9455870C94016F0C944E900C94846D1F
:100640000C94C6860C9419810C94276D0C94268307
:100650000C9495900C94CF7B0C94D5830C94658767
:100660000C94EA830C94BE870C942E810C94F18335
:100670000C94826D0C94AC810C94626D0C949790E8
:100680000C9449830C94CD700C9410720C94496DA9
:100690000C948D870C94D9820C94E4810C946B6E2D
:1006A0000C9460900C941B840C948D900C94EE82AE
:1006B0000C94E3830C94E4860C94CF810C94DD7548
:1006C0000C94E4400C940B810C9423900C945C7774
:1006D0000C9496830C94DE770C942E900C94F585F4
:1006E0000C94F2810C9416720C9422840C94C770B2
:1006F0006364696E6F70737578585B00BCE5ACC558
:100700009C85960392C1912190961D03ED01DCFD1D
:10071000CCF5BCE5ACC5A86EBCE5ACC59C85960324
:1007200092C1912190961D03ED01DCFDCCF5BCE555
:10073000ACC5A86E436F6D6D616E647320666F7299
:100740002074686520414452463635313820766140
:10075000726961626C65206761696E20616D706CA1
:1007600069666965722E00436F6E74726F6C7320D8
:100770007468652066726F6E74656E6420524620E0
:1007800073776974636865732E0052656769737463
:1007900065722064756D707320666F722072657368
:1007A00070656374697665207065726970686572DA
:1007B000616C732E0045786563757465732074658C
:1007C000737420766563746F72732E00436F6E745A
:1007D000726F6C732074686520626F617264206C44
:1007E0006576656C2066756E6374696F6E732E2016
:1007F00053657175656E7469616C206578656320F9
:100800006F6620617267756D656E74732E00537428
:100810006174757320616E642066756E6374696FB0
:100820006E73207573656420666F722063686563FC
:100830006B696E672074686520626F6172642E2038
:10084000004F4E2F4F464620737769746368657377
:100850002C202830206973204F46462C20312069F7
:1008600073204F4E2900426F6F746C6F6164657224
:10087000206F7074696F6E732E00457869747320F1
:1008800066726F6D207468697320626F6172642094
:100890006261636B20746F20746865204449474926
:1008A00054414C20626F6172642E005072696E7404
:1008B00073206F7574207468652068656C70206D96
:1008C000656E7520666F722074686520626F617254
:1008D000642E00340767078A07B507CC070E084166
:1008E0000866087A08AB08537065636966792077F3
:1008F00068696368206368616E6E656C20612C6254
:100900002C632C64204F5220626974206D61736BDC
:100910002E204D55535420737065636966792066A7
:10092000697273742E004E756C6C20746865205665
:1009300047412773206F7574707574204443206F8E
:100940006666736574732E203120746F20656E6146
:10095000626C652E00427970617373207468652043
:100960005647412773204C502066696C7465722E7F
:10097000203120746F20656E61626C652E005365B6
:1009800074205647412773204C5020636F726E6568
:1009900072206672657120696E204D487A2E005370
:1009A0006574205647412773206761696E2E2028A1
:1009B00043616C6C7320646761696E20616E6420B2
:1009C000616761696E292E20496E7075743A203016
:1009D000202D20393520282D36306442202D20331B
:1009E00035644229004765742056474127732067C4
:1009F00061696E2E0053656C656374205647412013
:100A00004368616E6E656C2028303A20426F7468CE
:100A10002C20493A20312C20513A203229004368B9
:100A200065636B20696620564741206761696E20C7
:100A3000697320746F6F204869676820666F722041
:100A4000746865204144432E2028303A204E6F2C94
:100A500020313A2059657329005365742056474167
:100A60002773206469676974616C206761696E2E01
:100A70002033644220696E6372656D656E74732CF9
:100A800020496E7075743A2030202D20382028348B
:100A9000326442202D20363664422900536574208A
:100AA000564741277320616E616C6F6720676169EB
:100AB0006E2E20302E31644220636F6E74726F6C24
:100AC0006C65642C20496E7075743A2030202D209E
:100AD00037323020282D3130326442202D202D3302
:100AE00030644229005365742056474127732070B3
:100AF0006F737420616D70206761696E2E20302DD8
:100B0000313A20332F3964422E0053657420564702
:100B100041277320696E70757420616E616C6F6718
:100B200020617474656E756174696F6E20696E20E2
:100B300064422E20476F6573207468726F75676812
:100B400020414435363234522E00536574205647C6
:100B5000412773207077722D6D6F64652062617319
:100B60006564206F6E204C5020636F726E6572203A
:100B7000667265712E20312069662066696C746525
:100B800072206D6F646520616E642033314D487A48
:100B9000203C2042572C20656C7365203630204D58
:100BA000487A203C20425700E708260955097E096B
:100BB0009F09E509F5091E0A590A9C0AE50A0A0B6C
:100BC0004A0B43686F6F73652074686520686967B6
:100BD000682028302E352D362047487A29206F721C
:100BE000206C6F7720284443202D20302E3520475D
:100BF000487A292062616E642E204869676828312E
:100C000029206F72206C6F772830292E004279706E
:100C100061737320746865204C4E41206F6E2074A0
:100C2000686520686967682062616E642E20427979
:100C30007061737328312920746865204C4E4120FF
:100C40006F72206E6F742830292E005365747320E4
:100C500066726571206F6620484D43383333206FCC
:100C600075747075742C20696E204B487A2E005371
:100C7000776565707320484D43383333206672655D
:100C80007175656E63792066726F6D20302E324704
:100C9000487A20746F203647487A20776974682034
:100CA000612073746570206F662031304D487A0082
:100CB000504C4C20496E70757420526566657265A3
:100CC0006E6365204672657175656E637900536564
:100CD000747320426173652042616E6420566172B4
:100CE0006163746F7220766F6C7461676520283061
:100CF0002D3430393629203056202D20322E3556CD
:100D00000053656C65637420746865207461726754
:100D1000657420504C4C2028302920484D433833EE
:100D2000302028312920484D43383333005365742F
:100D300020504C4C20496E7075742044697669646B
:100D400065722076616C75652E203120746F2031BC
:100D5000363338330053657420504C4C204665655B
:100D6000646261636B2044697669646572207661B0
:100D70006C75652E20313620746F20353234323553
:100D8000350053657420504C4C2056434F204F750E
:100D90007470757420446976696465722076616C3C
:100DA00075652E20312C20322C20342C2036202E1C
:100DB0002E20363200456E61626C652F4469736186
:100DC000626C652056434F204F75747075742046D1
:100DD00072657175656E637920446F75626C6572BA
:100DE0000053656C656374732074686520636F726B
:100DF000726563742046696C7465722042616E6B23
:100E000020666F72206120676976656E2066726564
:100E10007175656E637920696E206B487A004D7537
:100E200074657320746865204C4F20467265717537
:100E3000656E63792053796E74686573697A65723B
:100E4000207768656E20757365640053656C656313
:100E50007420504C4C204F757470757420506F770F
:100E600065722028303A202D3464426D2C20313AAE
:100E7000202D3164426D2C20323A203264426D2C98
:100E800020333A203564426D290053656C656374E4
:100E9000732044534120417474656E756174696FA9
:100EA0006E2C2028303A203064426D202D3E2031B7
:100EB00032373A2033312E373564426D29004144B0
:100EC00046343335352F4144463533353520446972
:100ED000726563742052656769737465722041633B
:100EE00063657373203C3C323862697420646174BA
:100EF000613E3C3462697420616464726573733E60
:100F00003E00414446343335352F41444635333570
:100F100035206175746F63616C20656E61626C650C
:100F200020283120666F7220656E61626C65293EF3
:100F30003E00E708C20B0D0C4B0C6F0CB00CCE0C36
:100F4000010D2D0D550D820DB50DE10D1E0E4B0E33
:100F50008A0EBE0E020F44756D707320616C6C209A
:100F60007468652072656769737465727320666F53
:100F70007220746865204144433136445833373019
:100F80002E0044756D707320746865207265676902
:100F9000737465727320666F722074686520726561
:100FA00067756C617220616E64205246204750491B
:100FB0004F580044756D707320616C6C20746865C7
:100FC0002072656769737465727320666F7220742E
:100FD000686520414452463635313800E708560FDF
:100FE000820FB30F53657420746865207370656356
:100FF0006966696564204750494F582070696E20C2
:10100000686967682E00436C6561722074686520AA
:10101000737065636966696564204750494F58205D
:1010200070696E206C6F772E0052756E732073702E
:1010300065636966696564207465737420766563A9
:10104000746F72206F662074686520504341393593
:1010500033382E0052756E7320737065636966694C
:101060006564207465737420766563746F72206F95
:101070006620746865204144433136445833373024
:101080000052756E732073706563696669656420CC
:101090007465737420766563746F72206F66207454
:1010A000686520414452463635313800E708E40F80
:1010B00006102910541081105265777269746520EA
:1010C000616C6C207265677320666F7220656E7448
:1010D00069726520626F6172642E005475726E20B1
:1010E0006F6E206F75747075747320287065722030
:1010F0006368616E6E656C292E0052756E73206494
:101100006961676E6F73746963206F6E20706572BA
:101110006970686572616C2028706572206368610F
:101120006E6E656C292E2053686F756C642070722A
:10113000696E7420616C6C20726567697374657286
:10114000732E005475726E206F6666206F75747012
:101150007574732028706572206368616E6E656CAB
:10116000292E00506F776572206379636C6520705B
:1011700065726970686572616C7320616E6420725B
:10118000756E7320626F61726420696E69742028C5
:10119000706572206368616E6E656C292E005475EF
:1011A000726E206F66662070657269706865726124
:1011B0006C732E005475726E732065766572797447
:1011C00068696E67206F66662E005072696E747370
:1011D000206F75742074686520736F667477617210
:1011E0006520616E64206861726477617265207643
:1011F000657273696F6E2E0050726F7669646573E5
:101200002074686520616D6F756E74206F66205262
:10121000414D206C65667420286279746573292EAF
:1012200000546865204144432077696C6C20656EEA
:1012300061626C652074686520535953524546209D
:10124000646574656374696F6E2067617465206698
:101250006F72204A45534420696E697469616C69F4
:101260007A6174696F6E2E00546865204144432092
:1012700077696C6C206F7574707574204A4553449F
:101280002054657374205061747465726E732E20DF
:10129000303A206F66662C20313A204432312E35A8
:1012A0002C20323A204B32382E352C20333A207203
:1012B000707420494C412C20343A2072616D702C9E
:1012C00020353A20484947482E00456E61626C69D6
:1012D0006E672074686520535953524546206465F3
:1012E00074656374696F6E20676174652E203120A8
:1012F000746F20656E61626C652C203020746F20E5
:1013000064697361626C65004F75747075747320E5
:10131000612031362D62697420726570656174696F
:101320006E672073657175656E6365205B302C2078
:1013300032363238302C20302C202D3236333238B1
:101340005D2066726F6D20746865204144432063A0
:101350006F72652E0050726F7669646573207468D1
:10136000652074656D7065726174757265202830D2
:101370002D31292E00426C696E6B732074686520D4
:101380004C4544206120737065636966696564201B
:101390006E756D626572206F662074696D65732E5F
:1013A0000053656C6563747320474C45206D6F6412
:1013B000653A204D43555F474C45283129206F72CF
:1013C00020465047415F474C452028322900E70816
:1013D000B810DB10FA10431163119E11B411CA1139
:1013E000F81121126812CA12081355137513A113AC
:1013F000436F6D6D616E6420666F72207072696EEE
:1014000074696E67207468652063757272656E74A6
:10141000206865617274626561742076616C7565BF
:10142000206F662074686520525820626F61726474
:1014300000436F6D6D616E6420666F72207265731C
:10144000657474696E67207468652068656172747C
:10145000626561742076616C756520666F722074B8
:10146000686520525820626F61726400486561723D
:10147000746265617420696E7469616C697A617403
:10148000696F6E2066756E6374696F6E20746F206D
:1014900073657420636F756E74657220746F20308D
:1014A00000504C4C204C6F636B2044657465637432
:1014B000696F6E204D656368616E69736D2E0052B1
:1014C000657475726E73204D43552064657669634B
:1014D0006520696E666F726D6174696F6E2E00E7CC
:1014E00008F01331146C14A114BF14484D43383361
:1014F000784C503647004144524636353138004129
:1015000044433136445833373000E708EB14F614BF
:10151000FF144E6F20617267756D656E74206E6585
:10152000636573736172792E001215456E7465726E
:101530002074686520626F6F746C6F616465722ED1
:10154000002B155072696E7473206F757420696E6C
:1015500020766572626F7365206D6F64652E203131
:1015600020746F20656E61626C652E004315436FB9
:101570006D6D616E647320666F72207468652044BF
:10158000414333384A38342E00436F6E74726F6CA7
:1015900073207468652066726F6E74656E64205285
:1015A000462073776974636865732E0052656769B6
:1015B000737465722064756D707320666F7220722B
:1015C00065737065637469766520706572697068AB
:1015D0006572616C732E0050726F7669646573205A
:1015E00074686520737461747573206F6620746805
:1015F0006520626F6172642E00436F6E74726F6C4F
:10160000732074686520626F617264206C65766512
:101610006C2066756E6374696F6E732E20536571EE
:1016200075656E7469616C2065786563206F6620EE
:10163000617267756D656E74732E004F4E2F4F4645
:10164000462073776974636865732C20283020699D
:1016500073204F46462C2031206973204F4E2900BD
:10166000426F6F746C6F61646572206F7074696F24
:101670006E732E0045786974732066726F6D2074E6
:1016800068697320626F617264206261636B2074A9
:101690006F20746865204449474954414C20626F6B
:1016A0006172642E005072696E7473206F757420BD
:1016B0007468652068656C70206D656E7520666F56
:1016C000722074686520626F6172642E006E1589E5
:1016D00015AC15D715F9153B1660167416A51653DB
:1016E00070656369667920776869636820636861FB
:1016F0006E6E656C20612C622C632C642C204F5222
:1017000020626974206D61736B2E204D55535420F7
:10171000737065636966792066697273742E00530D
:1017200070656369667920776869636820696E749B
:1017300065726E616C20444143206368616E6E6522
:101740006C3A2028302D332920412D442E0053653A
:1017500074207468652066726571206F7574707589
:1017600074206F662065787465726E616C204441E8
:101770004320636C6B20616674657220696E7465CA
:10178000726E616C20434C4B20636972637569749F
:1017900020284D487A292E005365742074686520EE
:1017A0004E434F2075707065722033322D6269741C
:1017B000732072656769737465722E0053657420B7
:1017C000746865204E434F206C6F7765722033320A
:1017D0002D626974732072656769737465722C2059
:1017E000777269746520746F20757070657220332C
:1017F000322D6269747320666972737421212A2AFA
:10180000005365742074686520284C29206C616E33
:10181000657320706572206C696E6B2E0053657461
:101820002074686520284D2920636F6E7665727478
:1018300065727320706572206C696E6B2E00536543
:10184000742074686520284629206672616D65736E
:1018500020706572206D756C74692D6672616D659E
:101860002E005365742074686520636D6420696E72
:101870007075742066726F6D204A45534428302974
:10188000206F72205350492831292E00456E616225
:101890006C6520746865206D697865722E20312032
:1018A000746F20656E61626C652E00456E61626CBE
:1018B00065207468652050412028706F776572201C
:1018C000616D706C6966696572292070726F7465EC
:1018D0006374696F6E20636972637569742E203159
:1018E00020746F20656E61626C652E0053657420F4
:1018F00074686520696E746572706F6C6174696F6D
:101900006E2031782830292C2032782831292C205B
:1019100034782832292C203878283429206F7220F6
:101920003136782838292E0045786563757465202E
:101930007468652073657264657320746573742EB2
:101940002028302D352920746573742070617474DB
:1019500065726E2E00476574732074686520746527
:101960006D7065726174757265206F66207468654C
:10197000204441432E0044756D70206F75742061C2
:101980006C6C206F6620746865207265676973747B
:101990006572732E00496E697469616C697A65734A
:1019A00020616E6420636F6E66696775726573206F
:1019B000746865204A455344206C696E6B2E004262
:1019C00069742062616E672061646472657373205C
:1019D0006F66204441432E004269742062616E6745
:1019E0002064617461206F66204441432E00426987
:1019F000742062616E67206F7065726174696F6ECA
:101A00002E20313A20777269746520303A20726551
:101A1000616400514D43204443206F6666736574D2
:101A20002C203133626974732C206D65617375727B
:101A3000656420696E20444143204C534227730063
:101A4000514D43206761696E206F66667365742C23
:101A5000203131626974732C20646563696D616C37
:101A600020706E742040206C656674206F66206262
:101A70006974392C2072616E67652030202D203109
:101A80002E393939302C204C53423D302E303030F5
:101A90003937363600514D43207068617365206FC9
:101AA00066667365742C203132626974732C202D44
:101AB000302E35202D20302E34393937352C2072F8
:101AC0006566657220746F20646174617368656512
:101AD00074004C61726765204672616374696F6E51
:101AE000616C2044656C61792053657474696E671C
:101AF0007300536D616C6C204672616374696F6E24
:101B0000616C2044656C61792053657474696E67FB
:101B10007300536D616C6C204672616374696F6E03
:101B2000616C2044656C6179205061746820536554
:101B30007474696E677300456E61626C652F4469E9
:101B40007361626C6520496E7665727365205369B6
:101B50006E632046696C74657200456E61626C65E7
:101B60002F44697361626C652044697468657269A9
:101B70006E6700456E61626C652F44697361626CCB
:101B80006520446974686572204D697865720053F8
:101B90006574207468652044697468657220416DBD
:101BA000706C69747564652C2030206973204D61F8
:101BB00078696D756D202834206269747329004C32
:101BC00061726765204672616374696F6E616C2033
:101BD00044656C61792C20436F656666696369654D
:101BE0006E74205365742073656C656374696F6EE1
:101BF0002E2028496E2044617461736865657429DC
:101C000000536D616C6C204672616374696F6E6124
:101C10006C2044656C6179205461702073656C653B
:101C200063746F7200536574207468652073656C0B
:101C30006563746564205461702076616C756520FD
:101C4000666F722074686520536D616C6C204672FB
:101C5000616374696F6E616C2044656C61790052D8
:101C6000657475726E7320746865206F72276420C6
:101C70006C616E65206572726F7273206F6620747E
:101C800068652066697273742034206C616E6573B8
:101C900000DF161F179817BC178C18551976199561
:101CA00019131A401A951AD21AF21A121B371B5A14
:101CB0001B731B8F1BBF1B011C251C5F1C43686F04
:101CC0006F73652074686520686967682028302E06
:101CD000352D362047487A29206F72206C6F772087
:101CE000284443202D20302E352047487A29206271
:101CF000616E642E2048696768283129206F722040
:101D00006C6F772830292E004279706173732074CC
:101D10006865204C4E41206F6E20746865206869AC
:101D200067682062616E642E204279706173732847
:101D3000312920746865204C4E41206F72206E6FEF
:101D4000742830292E0053657473206672657120E3
:101D50006F6620484D43383333206F757470757447
:101D60002C20696E204B487A2E00536574207468CD
:101D700065205246534120617474656E74756174B8
:101D8000696F6E2E203020746F2032382028306426
:101D90004220746F202D32386442292E00504C4C62
:101DA000205265666572656E636520496E70757454
:101DB0002028696E206B487A290053657420746866
:101DC00065204951204D6F64756C61746F722049B4
:101DD000206269617320766F6C7461676520286981
:101DE0006E2064562C2066726F6D20302D323420A8
:101DF0006456292E0053657420746865204951206B
:101E00004D6F64756C61746F7220512062696173EB
:101E100020766F6C746167652028696E2064562C8B
:101E20002066726F6D20302D3234206456292E00CA
:101E30004E6565647320746F2062652063616C6C0D
:101E40006564206C6173742E20536574732074680C
:101E500065204951204D6F64756C61746F722E203E
:101E60002869652E202D69203137202D71203133CE
:101E7000202D6D290053656C65637420746865209E
:101E800074617267657420504C4C202830292048BA
:101E90004D433833302028312920484D43383333DF
:101EA0000053657420504C4C20496E70757420446A
:101EB0006976696465722076616C75652E203120C3
:101EC000746F2031363338330053657420504C4CD6
:101ED00020466565646261636B2044697669646568
:101EE000722076616C75652E20313620746F203536
:101EF00032343235350053657420504C4C205643F3
:101F00004F204F75747075742044697669646572EA
:101F10002076616C75652E20312C20322C20342CDB
:101F20002036202E2E20363200456E61626C652FE1
:101F300044697361626C652056434F204F7574701D
:101F40007574204672657175656E637920446F758E
:101F5000626C6572004D7574657320746865204C01
:101F60004F204672657175656E63792053796E7482
:101F7000686573697A6572207768656E2075736528
:101F8000640053656C656374732074686520636FC7
:101F900072726563742046696C7465722042616E6A
:101FA0006B20666F72206120676976656E206672AD
:101FB000657175656E637920696E206B487A005093
:101FC0004C4C204F757470757420506F776572207B
:101FD00028303A202D3464426D2C20313A202D31A6
:101FE00064426D2C20323A202B3264426D2C203317
:101FF0003A202B3564426D290052462041747465A5
:102000006E7561746F722053657474696E672028F1
:10201000303A20306442202D3E203132373A202D94
:1020200033312E3735644229004144463433353547
:102030002F41444635333535204469726563742039
:1020400052656769737465722041636365737320B9
:102050003C3C323862697420646174613E3C346295
:10206000697420616464726573733E3E0041444646
:10207000343335352F414446353335352061757459
:102080006F63616C20656E61626C6520283120662B
:102090006F7220656E61626C65293E3E00DF16BD81
:1020A0001C081D461D9D1DBA1DF51D301E751EA167
:1020B0001EC91EF61E291F551F821FBF1FF91F298B
:1020C000206D2044756D707320746865207265679B
:1020D00069737465727320666F722074686520720C
:1020E0006567756C617220616E64205246204750AE
:1020F000494F580044756D7073207468652072658F
:102100006769737465727320666F722074686520E6
:1021100044414333384A383400DF16C320F42043A7
:102120006F6D6D616E6420666F72207468652063E8
:10213000757272656E74206865617274626561742F
:102140002076616C7565206F662074686520545830
:1021500020626F61726400436F6D6D616E64206612
:102160006F7220726573657474696E672074686538
:102170002063757272656E74206865617274626541
:1021800061742076616C7565206F662054582062FA
:102190006F61726400486561727462656174206980
:1021A0006E697469616C697A6174696F6E206675B5
:1021B0006E6374696F6E20746F2073657420636F33
:1021C000756E74657220746F2030004C6F636B20E5
:1021D000446574656374696F6E204D656368616EF4
:1021E00069736D0052657475726E73204D4355208E
:1021F00064657669636520696E666F726D61746986
:102200006F6E2E00DF161F2157219521CB21E4216F
:102210005265777269746520616C6C2072656773B2
:1022200020666F7220656E7469726520626F6172DC
:10223000642E005475726E206F6E206F7574707509
:1022400074732028706572206368616E6E656C29F6
:102250002E0052756E7320646961676E6F737469C6
:1022600063206F6E207065726970686572616C20A2
:1022700028706572206368616E6E656C292E20532C
:10228000686F756C64207072696E7420616C6C206C
:102290007265676973746572732E005475726E206F
:1022A0006F6666206F757470757473202870657220
:1022B000206368616E6E656C292E00506F776572C1
:1022C000206379636C6520706572697068657261FE
:1022D0006C7320616E642072756E7320626F617220
:1022E0006420696E69742028706572206368616E6D
:1022F0006E656C292E005475726E206F66662070B4
:1023000065726970686572616C732E005475726EC7
:10231000732065766572797468696E67206F66668A
:102320002E005072696E7473206F75742074686526
:1023300020736F66747761726520616E64206861D6
:102340007264776172652076657273696F6E2E00B4
:10235000426C696E6B7320746865204C4544206143
:1023600020737065636966696564206E756D62656A
:1023700072206F662074696D65732E0050726F76DF
:10238000696465732074686520616D6F756E742073
:102390006F662052414D206C656674202862797406
:1023A0006573292E0050726F7669646573207468B6
:1023B000652074656D706572617475726520283072
:1023C0002D31292E004F757470757420656E616211
:1023D0006C65283129206F722064697361626C65B5
:1023E0002830292E00456E61626C6573204A455382
:1023F0004420535953524546204761746500536544
:102400006C65637420474C45206D6F64653A204DC0
:1024100043555F474C4528312920465047415F4787
:102420004C4528322900DF161022332252229B22EB
:10243000BB22F6220C2322235023A5237C23C52371
:10244000E523FE2344414333384A383400484D43A2
:102450003833784C5036470041445246363531388F
:1024600020486967682062616E64004144524636C4
:10247000353138204C6F772042616E6400DF16449E
:10248000244D24456E7465722074686520626F6FF8
:10249000746C6F616465722E0083244E6F206172CC
:1024A00067756D656E74206E6563657373617279AF
:1024B0002E009B245072696E7473206F75742069AE
:1024C0006E20766572626F7365206D6F64652E2075
:1024D0003120746F20656E61626C652E00B42443F8
:1024E0006F6D6D616E647320666F72206D616E61D9
:1024F00067696E672074686520434C4B2067656E82
:1025000065726174696F6E207468726F7567682098
:102510004C4D4B30343832382C204144353632342F
:10252000522C20484D433938372E00436F6D6D6172
:102530006E647320666F72206D616E6167696E678D
:102540002074686520434C4B2067656E657261742A
:10255000696F6E207468726F756768204C4D4B30E0
:10256000343832382C20414435363234522C20480D
:102570004D433938372E00436F6D6D616E647320A3
:10258000666F722073657474696E67207468652065
:102590004C4D4B30343832382064656C617920639F
:1025A0006C6F636B732E00436F6D6D616E6473208F
:1025B000666F722073657474696E67207468652035
:1025C0004C4D4B30343832382064656C617920636F
:1025D0006C6F636B732E00436F6D6D616E6473205F
:1025E000666F722073657474696E67204A45534440
:1025F0002F504C4C204E2F522064697669646572CE
:102600007300436F6D6D616E647320666F7220732B
:10261000657474696E6720484D4339383820677295
:102620006F75702064656C6179732E00526561640A
:1026300020616E6420777269746520636F6D6D61CF
:102640006E647320666F7220646562756767696E79
:10265000672E00436F6E74726F6C73207468652010
:10266000626F617264206C6576656C2066756E635E
:1026700074696F6E732E2053657175656E74696130
:102680006C2065786563206F6620617267756D6583
:102690006E74732E00436F6D6D616E647320666F90
:1026A0007220616363657373696E67207468652067
:1026B00068656172746265617420737461747573A6
:1026C000004F4E2F4F4646207377697463686573D9
:1026D0002C202830206973204F46462C2031206959
:1026E00073204F4E2900426F6F746C6F6164657286
:1026F000206F7074696F6E732E0045786974732053
:1027000066726F6D207468697320626F61726420F5
:102710006261636B20746F20746865204449474987
:1027200054414C20626F6172642E005072696E7465
:1027300073206F7574207468652068656C70206DF7
:10274000656E7520666F722074686520626F6172B5
:10275000642E00DF242B257725A725D72502262CDC
:102760002653269526C126E626FA262B27456E6196
:10277000626C65206578742D31304D487A20726521
:10278000666572656E6365202831292E0049737372
:102790007565205359535245462070756C736573A7
:1027A0002066726F6D204A4553442E005365742095
:1027B0007468652044414320636F6E74726F6C6C63
:1027C000696E6720584F20567265662C20302D3474
:1027D000303936206672616374696F6E2056657891
:1027E00074004368616E676520696E7465726E611E
:1027F0006C207265666572656E6365204441432096
:102800006F757470757420766F6C746167650052B3
:10281000652D73796368726F6E697A65206F757460
:102820007075742064697669646572732066726F6E
:102830006D20626F7468204C4D4B73006D278D279F
:10284000AC278D270F2853656C656374204A455368
:1028500044206F7220504C4C2E0053656C6563749D
:102860002064657669636520636C6F636B2E00532B
:102870006574206469676974616C2064656C617952
:1028800020636C6F636B2E0046285A286F284628F9
:102890005A286F2853656C6563742064697669648F
:1028A000657220746F207365742E00536574205216
:1028B000206469766964657220666F7220504C4CA2
:1028C0002E00536574204E20646976696465722019
:1028D000666F7220504C4C2E005365742063616CFF
:1028E0006C6962726174696F6E204E2064697669EA
:1028F0006465722E00536574207072657363616C39
:10290000617220666F722063616C6C6962726174BF
:10291000696F6E2E0053657420636C6F636B206467
:102920006976696465722E0046289428AB28C2280F
:10293000152953656C6563747320626574776565EA
:102940006E207468652074776F20484D433938389D
:1029500020646576696365732028726566657265B3
:102960006E636520616E64206C6D6B292E00476577
:10297000742F736574207468652053594E43206426
:10298000656C617920646976696465722E005365AF
:1029900074206569746865722053594E43206F72C4
:1029A00020534C4950207573696E6720535049205D
:1029B000636F6D6D756E69636174696F6E2E00472C
:1029C00065742F73657420746865206F75747075F5
:1029D00074206C61756E63682070686173652E0089
:1029E0004765742F7365742064656C6179206C6928
:1029F0006E6520736574706F696E742E0047657420
:102A00002F73657420484D43207265666572656E4C
:102A1000636520696E707574206469766964657297
:102A200073202876616C69642064697669646572D4
:102A30007320617265203D20325E6E2C206E3D3128
:102A40002E2E3529004765742F73657420484D4339
:102A50002052782042756666657220626961732033
:102A600028302069732064656661756C742C203190
:102A700020666F722073696E75736F6469616C2074
:102A80002F206E6F6E2D4C565045434C20414320F5
:102A9000636F75706C696E672E290032296E298EFE
:102AA00029BF29E029FD29452A5265616420616E0C
:102AB0006420777269746520636F6D6D616E6473F5
:102AC00020666F7220646562756767696E672E00A5
:102AD0004628A92A5265777269746520616C6C205A
:102AE0007265677320666F7220656E746972652007
:102AF000626F6172642E005475726E206F6E206F6B
:102B00007574707574732028706572206368616EC7
:102B10006E656C292E0052756E7320646961676E54
:102B20006F73746963206F6E207065726970686579
:102B300072616C2028706572206368616E6E656CCE
:102B4000292E2053686F756C64207072696E742032
:102B5000616C6C207265676973746572732E0054C2
:102B600075726E206F6666206F7574707574732051
:102B700028706572206368616E6E656C292E005046
:102B80006F776572206379636C6520706572697018
:102B9000686572616C7320616E642072756E73205B
:102BA000626F61726420696E69742028706572209A
:102BB0006368616E6E656C292E005475726E206FAD
:102BC0006666207065726970686572616C732E004C
:102BD0005475726E732065766572797468696E6774
:102BE000206F66662E005072696E7473206F757464
:102BF0002074686520736F66747761726520616EFA
:102C000064206861726477617265207665727369A9
:102C10006F6E2E00426C696E6B7320746865204C79
:102C20004544206120737065636966696564206E40
:102C3000756D626572206F662074696D65732E0014
:102C400050726F7669646573207468652074656D71
:102C500070657261747572652028302D31292E00DF
:102C600050726F76696465732074686520616D6F5A
:102C7000756E74206F662052414D206C656674201D
:102C8000286279746573292E0053656C65637473CB
:102C900020474C45206D6F64653A204D43555F4792
:102CA0004C45283129206F722053594E54485F46B5
:102CB0005047415F474C452028322900D42AF72A43
:102CC000162B7F2BBA2BD02BE62B142C402C602CF0
:102CD000892C4865617274626561742066756E63E3
:102CE00074696F6E20746F20616E642066726F6D00
:102CF000207468652073657276657200486561723C
:102D000074626561742066756E6374696F6E207499
:102D10006F207265736574207468652068656172E0
:102D2000746265617420636F756E746572004865C6
:102D30006172746265617420696E697469616C693D
:102D40007A6174696F6E2066756E6374696F6E2048
:102D5000746F2073657420636F756E746572207470
:102D60006F2030004765747320504C4C204C6F63CB
:102D70006B204465746563742053746174757300CB
:102D8000476574732C20616E64207468656E2072D0
:102D900065736574732C20504C4C204C6F737320FA
:102DA0006F66204C6F636B205374617475732E00D3
:102DB00052657475726E73204D4355206465766953
:102DC000636520696E666F726D6174696F6E2E0047
:102DD000D22CFC2C2E2D642D802DB02D4C4D4B3043
:102DE0003430323800484D4339383700DC2DE52D7A
:102DF0004E6F20617267756D656E74206E656365D8
:102E000073736172792E00F02D456E7465722074B3
:102E1000686520626F6F746C6F616465722E000963
:102E20002E5072696E7473206F757420696E2076EF
:102E30006572626F7365206D6F64652E203120743A
:102E40006F20656E61626C652E00212E557361677F
:102E5000653A205B636D645D205B2D7C2D2D5D5B91
:102E6000617267315D205B2D7C2D2D5D5B6172672A
:102E7000325D2E2E2E0A00436F6D6D616E64733AC3
:102E80000A0054686973206973206E6F7420616E44
:102E9000206F7065726174696E67207379737465F1
:102EA0006D210A00596F752068617665206265653D
:102EB0006E206772616E74656420726F6F7420702B
:102EC00065726D697373696F6E73210A0065727242
:102ED0006F723A20756E7265636F676E697A6564AA
:102EE00020636F6D6D616E64206F7074696F6E0A20
:102EF000004572726F722E0A000011241FBECFEFC0
:102F0000CDBFDFE5DEBF00E00CBF17E3A0E0B0E21D
:102F1000E4EEF4E401E00BBF02C007900D92AE3680
:102F2000B107D9F72FE3AEE6B7E301C01D92A43F86
:102F3000B207E1F70E94D9940C943FA10C940000D1
:102F4000CF93DF9300D00F92CDB7DEB780E098E447
:102F5000A8EEB1E089839A83AB83BC8369817A81CF
:102F60008B819C812496CDBFDEBFDF91CF910895E8
:102F7000CF93DF9300D000D000D0CDB7DEB7198259
:102F80000E94A0176A837B838C839D838981882F0D
:102F900090E02A813B814C815D8104C05695479524
:102FA000379527958A95D2F7DA01C9018E839F83D9
:102FB000A887B9876E817F81888599852996CDBF3D
:102FC000DEBFDF91CF910895CF93DF93CDB7DEB70A
:102FD0002897CDBFDEBF0E94B81769837A838B83A1
:102FE0009C8389819A81AB81BC818D839E83AF83D1
:102FF000B8876D817E818F8198852896CDBFDEBF91
:10300000DF91CF910895CF93DF93CDB7DEB72897A7
:10301000CDBFDEBF0E94E41769837A838B839C83D4
:1030200089819A81AB81BC818D839E83AF83B88770
:103030006D817E818F8198852896CDBFDEBFDF911F
:10304000CF910895CF93DF93CDB7DEB72897CDBF4B
:10305000DEBF0E94031869837A838B839C838981F6
:103060009A81AB81BC818D839E83AF83B8876D814C
:103070007E818F8198852896CDBFDEBFDF91CF916D
:103080000895CF93DF930F920F92CDB7DEB7898368
:103090009A8389819A81009709F45EC189819A8116
:1030A000803C910529F460E180E00E94E55954C11B
:1030B00089819A81811524E0920729F464E080E0F7
:1030C0000E94E55949C189819A81803821E092079F
:1030D00029F462E080E00E94E5593EC189819A812D
:1030E000811521E0920729F461E080E00E94E55912
:1030F00033C189819A81803823E0920729F461E005
:1031000081E00E94E55928C189819A81803923E0B4
:10311000920729F461E082E00E94E5591DC189818E
:103120009A81811522E0920729F462E081E00E94F1
:10313000E55912C189819A81803422E0920729F4ED
:1031400062E082E00E94E55907C189819A8180325C
:1031500023E0920729F464E082E00E94E559FCC074
:1031600089819A81811528E0920729F461E083E042
:103170000E94E559F1C089819A81811529E0920761
:1031800029F461E084E00E94E559E6C089819A81D2
:1031900081152AE0920729F461E085E00E94E55953
:1031A000DBC089819A8181152BE0920729F461E0C7
:1031B00086E00E94E559D0C089819A81803428E058
:1031C000920729F462E083E00E94E559C5C0898135
:1031D0009A81803429E0920729F462E084E00E9419
:1031E000E559BAC089819A8180342AE0920729F48E
:1031F00062E085E00E94E559AFC089819A818039FB
:1032000028E0920729F464E083E00E94E559A4C015
:1032100089819A81803929E0920729F464E084E069
:103220000E94E55999C089819A8180392AE09207E4
:1032300029F464E085E00E94E5598EC089819A8175
:1032400080392BE0920729F464E086E00E94E5597A
:1032500083C089819A81803C28E0920729F468E044
:1032600083E00E94E55978C089819A81803C29E0F9
:10327000920729F468E084E00E94E5596DC08981D5
:103280009A81803C2AE0920729F468E085E00E9458
:10329000E55962C089819A81803A28E0920729F431
:1032A00060E183E00E94E55957C089819A81803AA4
:1032B00029E0920729F460E184E00E94E5594CC0BE
:1032C00089819A81803A2AE0920729F460E185E0B9
:1032D0000E94E55941C089819A81803A2BE092078A
:1032E00029F460E186E00E94E55936C089819A811F
:1032F000803B28E0920729F460E283E00E94E559D0
:103300002BC089819A81803B29E0920729F460E2F1
:1033100084E00E94E55920C089819A81803B2AE09F
:10332000920729F460E285E00E94E55915C0898181
:103330009A81803824E0920729F460E483E00E94B7
:10334000E5590AC089819A81803A24E0920721F4E4
:1033500060E485E00E94E55900000F900F90DF9136
:10336000CF9108950F931F93CF93DF93CDB7DEB71F
:103370002897CDBFDEBF89839A836B837C830E94AD
:1033800022186D837E838F8398878B819C81FC01BB
:1033900080819181A281B3818C019D01000F111F59
:1033A000221F331F6D817E818F819885A90198012D
:1033B0000E947498DA01C9010597A109B1092B810E
:1033C0003C81F90184839583A683B78389819A819F
:1033D0000E9441182B813C8189819A81B9010E9408
:1033E000E51F082E000C990B2896CDBFDEBFDF919C
:1033F000CF911F910F910895CF92EF920F931F934A
:10340000CF93DF93CDB7DEB76097CDBFDEBF8983A3
:103410009A836B837C834D835E832F8338870987F0
:103420001A87EB86CC860E9422186D877E878F874D
:10343000988B8B819C81FC0180819181A281B381D9
:103440008C019D01000F111F221F331F6D857E858A
:103450008F859889A90198010E947498DA01C901A1
:103460000597A109B1092B813C81F90184839583DA
:10347000A683B78389819A810E94411829853A855C
:103480004F81588569817A818D819E810E94842037
:103490008D819E814C856B850E94CD2000006096B9
:1034A000CDBFDEBFDF91CF911F910F91EF90CF90F5
:1034B0000895CF92EF920F931F93CF93DF9300D095
:1034C00000D0CDB7DEB78A839B836C838C81882341
:1034D00011F480E0C8C11982C0C18981282F30E071
:1034E000C901880F991F820F931F880F991F880F9A
:1034F000991F880F991F9C018A819B81820F931FBE
:10350000FC0180819181009709F47BC08981282F7B
:1035100030E0C901880F991F820F931F880F991FF0
:10352000880F991F880F991F9C018A819B81820FA8
:10353000931FFC0181899289009709F062C08981FB
:10354000282F30E0C901880F991F820F931F880F21
:10355000991F880F991F880F991F9C018A819B8151
:10356000820F931FFC018281938128E3FC01208B51
:103570008981282F30E0C901880F991F820F931F7E
:10358000880F991F880F991F880F991F9C018A81A6
:103590009B81820F931FFC018281938128E3FC01B0
:1035A000218B8981282F30E0C901880F991F820F54
:1035B000931F880F991F880F991F880F991F9C01CF
:1035C0008A819B81820F931FAC014C5F5F4F898181
:1035D000282F30E0C901880F991F820F931F880F91
:1035E000991F880F991F880F991F9C018A819B81C1
:1035F000820F931FFC0180819181BA010E94B21950
:1036000029C18981282F30E0C901880F991F820FB5
:10361000931F880F991F880F991F880F991F9C016E
:103620008A819B81820F931FFC0180819181009789
:1036300009F40EC18981282F30E0C901880F991F34
:10364000820F931F880F991F880F991F880F991F4A
:103650009C018A819B81820F931FFC018189928941
:10366000009709F4F5C08981282F30E0C901880F3F
:10367000991F820F931F880F991F880F991F880F1A
:10368000991F9C018A819B81820F931FFC011789DE
:103690008981282F30E0C901880F991F820F931F5D
:1036A000880F991F880F991F880F991F9C018A8185
:1036B0009B81820F931FFC01A589B6898981282FE0
:1036C00030E0C901880F991F820F931F880F991F3F
:1036D000880F991F880F991F9C018A819B81820FF7
:1036E000931FFC010388F489E02DED83FE8389811B
:1036F000282F30E0C901880F991F820F931F880F70
:10370000991F880F991F880F991F9C018A819B819F
:10371000820F931FFC01418952898981282F30E053
:10372000C901880F991F820F931F880F991F880F57
:10373000991F880F991F9C018A819B81820F931F7B
:10374000BC016C5F7F4F8981282F30E0C901880F51
:10375000991F820F931F880F991F880F991F880F39
:10376000991F9C018A819B81820F931FFC0180819C
:1037700091810F2EF0ECCF2EF02DE12E8D012D81B9
:103780003E810E94FC198981282F30E0C901880FF1
:10379000991F820F931F880F991F880F991F880FF9
:1037A000991F9C018A819B81AC01420F531F898123
:1037B000282F30E0C901880F991F820F931F880FAF
:1037C000991F880F991F880F991F9C018A819B81DF
:1037D000820F931FFC0181899289FA012785308924
:1037E000865B9F4FFC01208331838981282F30E045
:1037F000C901880F991F820F931F880F991F880F87
:10380000991F880F991F9C018A819B81AC01420FEF
:10381000531F8981282F30E0C901880F991F820F1B
:10382000931F880F991F880F991F880F991F9C015C
:103830008A819B81820F931FFC0181899289FA0101
:1038400025853685845B9F4FFC012083318302C030
:10385000898109C089818F5F898399818C819817BB
:1038600008F43BCE80E02696CDBFDEBFDF91CF913E
:103870001F910F91EF90CF900895CF93DF9300D0D9
:103880000F920F92CDB7DEB789839A836B837C83C7
:103890004D832B813C8189819A814D81B9010E94A0
:1038A0001D202596CDBFDEBFDF91CF910895CF9328
:1038B000DF9300D0CDB7DEB789839A836B8389818C
:1038C0009A81865B9F4FFC01808191819E012D5FD3
:1038D0003F4FB9010E941B53982F81E0892788230D
:1038E00011F081E001C080E00F900F900F90DF9108
:1038F000CF910895CF93DF9300D000D000D0CDB703
:10390000DEB78C839D836E837F83488729871982E6
:103910008C819D81FC01828193818A839B8310929B
:103920007F3710928237109283378E819F818093E8
:103930008437909385378885882F90E080938637E9
:103940009093873710928837198235C08C819D817A
:10395000FC0186819781FC018081882F90E029817C
:10396000222F30E0022E02C0959587950A94E2F747
:10397000817099270097E1F08C819D81FC01248161
:1039800035818981882F90E0820F931FFC0180810F
:1039900080937E378A819B8149856EE777E30E9419
:1039A0003D1C882311F081E010C08985882359F4DB
:1039B00089818F5F89838C819D81FC0180859981BC
:1039C000981720F201C0000080E02996CDBFDEBF2D
:1039D000DF91CF910895CF93DF93CDB7DEB72A97CC
:1039E000CDBFDEBF8D839E836F83788749875A87DB
:1039F00019828F819885FC0181818F3009F030F424
:103A00008F819885FC018181882339F489859A8585
:103A100021E0FC01208381E0BBC08F819885FC01FF
:103A200081818B838B81882309F44CC08F81988599
:103A3000FC0184819B81692F0E946898892F8823CB
:103A400039F089859A8521E0FC01208381E0A0C0BE
:103A50008F819885FC0184818823A1F11A8226C078
:103A60008F819885FC01828193812A81422F50E0C9
:103A70002B81222F30E0429FB001439F700D529F57
:103A8000700D11249B01BC01620F731F8D819E81FB
:103A900020E04B810E947A1C8C838C81882319F052
:103AA00081E089830FC08A818F5F8A838F819885A7
:103AB000FC0184819B81692F0E946898982F8A81DC
:103AC000891770F289859A85FC0181818F3009F010
:103AD00008F458C089859A85FC018481882309F4FB
:103AE00051C089859A85FC0181818F508B838B81A0
:103AF000882311F481E04CC089859A85FC0184817A
:103B00009B81692F0E946898892F882339F08985C5
:103B10009A8521E0FC01208381E03AC01A8226C008
:103B200089859A85FC01828193812A81422F50E008
:103B30002B81222F30E0429FB001439F700D529F96
:103B4000700D11249B01BC01620F731F8D819E813A
:103B500021E04B810E947A1C8C838C81882319F090
:103B600081E089830FC08A818F5F8A8389859A85E6
:103B7000FC0184819B81692F0E946898982F8A811B
:103B8000891770F289859A852981FC0120838981B2
:103B90002A96CDBFDEBFDF91CF910895CF93DF93FB
:103BA0000F92CDB7DEB78FE390E0FC01808189836F
:103BB000F89489810F90DF91CF910895CF93DF938F
:103BC0000F92CDB7DEB789838FE390E02981FC01A6
:103BD000208300000F90DF91CF9108951F920F92E4
:103BE0000FB60F9211240BB60F922F933F934F9362
:103BF0005F936F937F938F939F93AF93BF93EF9355
:103C0000FF93CF93DF93CDB7DEB70E948E1F0000E6
:103C1000DF91CF91FF91EF91BF91AF919F918F91E4
:103C20007F916F915F914F913F912F910F900BBEBC
:103C30000F900FBE0F901F9018951F920F920FB606
:103C40000F9211240BB60F922F933F934F935F93D4
:103C50006F937F938F939F93AF93BF93EF93FF9354
:103C6000CF93DF93CDB7DEB70E948E1F0000DF91A8
:103C7000CF91FF91EF91BF91AF919F918F917F91E4
:103C80006F915F914F913F912F910F900BBE0F90CD
:103C90000FBE0F901F901895CF93DF930F920F9246
:103CA000CDB7DEB789839A8389819A81FC018481AB
:103CB000882F90E08370992721E08130910509F0E9
:103CC00020E0822F0F900F90DF91CF910895CF9336
:103CD000DF930F920F92CDB7DEB78A8305C08A813A
:103CE000882311F086EF11C0809192378823B9F7AD
:103CF0000E94CE1D898381E08093923780E8809373
:103D0000933789810E94DE1D80E00F900F90DF9134
:103D1000CF910895CF93DF930F92CDB7DEB7000018
:103D2000809193378038E1F300C08091893790917A
:103D30008A370E944C1E982F81E089278823A9F793
:103D40008091933789831092923789810F90DF9108
:103D5000CF910895CF93DF93CDB7DEB72897CDBF2E
:103D6000DEBF8091893790918A3789839A838091C9
:103D70008B3790918C378B839C8320918D3730913A
:103D80008E378B819C81FC018481958128173907AE
:103D9000E4F48B819C8101968F83988780918D3785
:103DA00090918E379C012F5F3F4F20938D3730933A
:103DB0008E379C018F819885820F931FFC01208193
:103DC00089819A81FC0127833FC020918F373091F0
:103DD00090378B819C81FC0180859185281739075C
:103DE00060F580919137882359F089819A81FC018F
:103DF0008681282F216089819A81FC01268324C035
:103E00008B819C81FC01868197818D839E8380912B
:103E10008F37909190379C012F5F3F4F20938F37C2
:103E2000309390372D813E81820F931FFC012081BA
:103E300089819A81FC01278307C089819A8123E0C7
:103E4000FC0123831092933700002896CDBFDEBF7C
:103E5000DF91CF910895CF93DF9300D000D0CDB7FD
:103E6000DEB78091893790918A3789839A838091D0
:103E70008B3790918C378B839C8320918F37309137
:103E800090378B819C81FC018085918528173907AB
:103E9000B0F58B819C81FC01868197818D839E8307
:103EA00080918F37909190379C012F5F3F4F2093E7
:103EB0008F37309390372D813E81820F931F298158
:103EC0003A81F9012781FC01208320918F373091BD
:103ED00090378B819C81FC0180859185281739075B
:103EE00030F489819A8122E0FC01238310C089810A
:103EF0009A8127E0FC0123831092933708C08981BF
:103F00009A8123E0FC01238389EF8093933700009B
:103F10002696CDBFDEBFDF91CF910895CF93DF937B
:103F20000F92CDB7DEB78091893790918A37FC0127
:103F3000848189838981882F90E0887099270097F0
:103F400099F08091893790918A3729812860FC0106
:103F500024838091893790918A3723E0FC01238361
:103F600086EF809393372CC08981882F90E08470EE
:103F70009927009739F48981882F90E080719927DB
:103F8000009759F08091893790918A3723E0FC019E
:103F900023838FEF8093933713C08981882F90E01C
:103FA00080749927009719F00E94AA1E09C0898180
:103FB00088231CF40E942B1F03C08BEF8093933740
:103FC00000000F90DF91CF910895CF93DF9300D041
:103FD0000F920F92CDB7DEB78A839B836C837D836C
:103FE00088EB89838C819D81FC0184819581A681E8
:103FF000B781282F8A819B81FC0125838A819B813F
:104000002981FC0121838A819B8121E0FC01248399
:10401000109292371092933780EA90E0FC0122814F
:1040200080EA90E02260FC012283789480E025966B
:10403000CDBFDEBFDF91CF910895CF93DF9300D046
:1040400000D00F92CDB7DEB78B839C836D837E83C8
:104050004F838B819C81009721F08D819E810097F9
:1040600011F488EF4BC08D819E81FC0182850E94F6
:10407000671E89838981882309F03FC08B819C81D9
:104080008093893790938A378D819E8180938B3777
:1040900090938C3710928D3710928E3710928F3705
:1040A000109290378F81809391378D819E81FC0192
:1040B0008081880F8A838D819E81FC018481958116
:1040C000009729F49F8181E08927882341F080911E
:1040D000893790918A372A81FC0126830BC08F8112
:1040E000882341F08091893790918A372A81216015
:1040F000FC0126830E948A1E898389812796CDBF71
:10410000DEBFDF91CF910895CF93DF93CDB7DEB7B8
:104110002897CDBFDEBF89839A836B837C834D83D1
:104120005E832F83388789819A812B813C81FC01B2
:104130002083318389819A812D813E81FC012283F4
:10414000338389819A812F813885FC0124833583CB
:1041500089819A818A5B9F4FFC01108289819A81B3
:10416000895B9F4FFC01108289819A81885B9F4FF8
:10417000FC01108289819A81875B9F4FFC0110822C
:1041800089819A81825B9F4FFC01108200002896F2
:10419000CDBFDEBFDF91CF910895CF93DF9300D0E5
:1041A0000F92CDB7DEB789839A836B834C83898165
:1041B0009A81FC01808191812C812863FC012087F8
:1041C00089819A81FC01808191812B81220FFC01E0
:1041D000238700002496CDBFDEBFDF91CF910895E5
:1041E000CF93DF9300D0CDB7DEB78A839B838A81DC
:1041F0009B81FC0180819181FC0182858983898179
:10420000882F90E0847099270097D1F08A819B8154
:104210008A5B9F4FFC0110828A819B81895B9F4F43
:10422000FC0110828A819B81875B9F4F24E0FC0107
:1042300020838A819B81885B9F4FFC0110824DC047
:104240008981882F90E0887099270097D1F08A8122
:104250009B818A5B9F4FFC0110828A819B81895BD5
:104260009F4FFC0110828A819B81875B9F4F23E0D7
:10427000FC0120838A819B81885B9F4FFC01108217
:104280002CC08981882F90E080749927009761F075
:104290008981882F90E081709927009729F08A8181
:1042A0009B810E94742119C08981882F90E08074BD
:1042B0009927009729F08A819B810E94D0210DC007
:1042C000898188232CF48A819B810E940D2205C05C
:1042D0008A819B8165E00E942D2300000F900F9042
:1042E0000F90DF91CF910895CF93DF9300D0CDB79A
:1042F000DEB78A839B838A819B81825B9F4FFC010F
:1043000080818823A1F08A819B81FC018081918139
:1043100022E0FC0121878A819B8166E00E942D2397
:104320008A819B81825B9F4FFC01108232C08A810F
:104330009B81885B9F4F21E0FC0120838A819B81C8
:10434000875B9F4FFC0110828A819B81FC018081E9
:104350009181FC01808589838A819B81FC01808118
:10436000918129812B7FFC0120878A819B818A5B37
:104370009F4FFC0110828A819B81895B9F4FFC01CA
:1043800010828A819B81FC018081918123E0FC0164
:10439000218700000F900F900F90DF91CF9108952B
:1043A000CF93DF9300D00F92CDB7DEB78B839C8382
:1043B0008B819C81FC0180819181FC0180858983B6
:1043C0008B819C81FC018081918129812B7FFC0163
:1043D00020878B819C81FC0180819181FC018285F9
:1043E0008A838B819C81FC01808191812A81206458
:1043F000FC0122878B819C81FC0184819581FC01D9
:1044000019958B819C8161E00E942D2300002496E8
:10441000CDBFDEBFDF91CF910895CF93DF930F9291
:104420000F92CDB7DEB789839A8389819A81FC0187
:1044300080819181FC018285882F90E0827099278C
:10444000009729F089819A810E94BA2204C089814B
:104450009A810E94312200000F900F90DF91CF913E
:104460000895CF93DF9300D00F92CDB7DEB78B8343
:104470009C838B819C81FC0180819181FC018085E2
:1044800089838B819C81FC018081918129812460B9
:10449000FC0120878B819C818A5B9F4FFC0180817E
:1044A0008F3111F008F052C08B819C81FC0180811A
:1044B0009181FC0184858A838B819C818A5B9F4FDB
:1044C000FC018081882F90E02B813C81820F931F1B
:1044D00006962A81FC0120838B819C81FC018281CC
:1044E0009381FC0119958B819C818A5B9F4FFC0114
:1044F000808121E0280F8B819C818A5B9F4FFC018A
:1045000020838B819C81825B9F4FFC01808188236B
:10451000A1F08B819C81FC018081918122E0FC01D2
:1045200021878B819C8166E00E942D238B819C8159
:10453000825B9F4FFC01108216C08B819C81FC0125
:104540008081918123E0FC0121870DC08B819C81BA
:10455000FC018081918126E0FC0121878B819C8177
:1045600062E00E942D2300002496CDBFDEBFDF91C4
:10457000CF910895CF93DF9300D0CDB7DEB78A8374
:104580009B838A819B81895B9F4FFC01808188236B
:10459000D9F08A819B81FC0180819181FC01828517
:1045A000882F90E080719927009771F08A819B8114
:1045B000FC018081918122E0FC0121878A819B811D
:1045C00061E00E942D2342C08A819B81895B9F4FBD
:1045D000FC0180818F3109F060F58A819B81865BC7
:1045E0009F4FFC01808191819E012F5F3F4FB90158
:1045F0000E94A6538A819B81FC018081918129813F
:10460000FC0124878A819B81895B9F4FFC0180810B
:1046100021E0280F8A819B81895B9F4FFC012083C9
:104620008A819B81FC018081918123E0FC012187AB
:104630000DC08A819B81FC018081918122E0FC0177
:1046400021878A819B8162E00E942D2300000F90C8
:104650000F900F90DF91CF910895CF93DF9300D00B
:10466000CDB7DEB789839A836B8389819A81875B13
:104670009F4F2B81FC01208389819A81885B9F4F0A
:10468000FC01108200000F900F900F90DF91CF91EE
:104690000895CF93DF93CDB7DEB72B97CDBFDEBFA5
:1046A0008A876B878A8589838B858A8389818B83B7
:1046B0008B818C838C818695869586958D838D8163
:1046C000882F90E0880F991F82959295907F982768
:1046D000807F98279A5F00008E839F838A8188233A
:1046E000A9F0898188878885882F90E09C012770B0
:1046F000332781E090E002C0880F991F2A95E2F7E6
:10470000282F8E819F81FC01258314C08981898790
:104710008985882F90E09C012770332781E090E005
:1047200002C0880F991F2A95E2F7282F8E819F815A
:10473000FC012683000000002B96CDBFDEBFDF9179
:10474000CF910895CF93DF9300D000D00F92CDB7D3
:10475000DEB78D836E837F838D818C838C81882FE0
:1047600090E09C012770332781E090E002C0880F21
:10477000991F2A95E2F7682F8D81898389818A8321
:104780008A818695869586958B838B81882F90E08C
:10479000880F991F82959295907F9827807F982700
:1047A0009A5F9C0100008E819F81AC01C9010E942B
:1047B0008F5100002796CDBFDEBFDF91CF910895C6
:1047C000CF93DF930F920F92CDB7DEB789839A8391
:1047D00089819A81FC018081282F206489819A81B6
:1047E000FC01208300000F900F90DF91CF9108957E
:1047F000CF93DF9300D0CDB7DEB789839A836B83E5
:1048000089819A812B81FC01238300000F900F90F6
:104810000F90DF91CF910895CF93DF930F920F9276
:10482000CDB7DEB789839A8389819A81FC01838120
:104830000F900F90DF91CF910895CF93DF930F9258
:104840000F92CDB7DEB789839A8389819A81FC0163
:104850008281881F8827881F0F900F90DF91CF914A
:104860000895CF93DF9300D00F92CDB7DEB780E0ED
:1048700098E4A8EEB1E089839A83AB83BC83698115
:104880007A818B819C812496CDBFDEBFDF91CF9151
:104890000895CF93DF9300D000D000D0CDB7DEB71E
:1048A00019820E9431246A837B838C839D83898152
:1048B000882F90E02A813B814C815D8104C0569510
:1048C0004795379527958A95D2F7DA01C9018E83E6
:1048D0009F83A887B9876E817F818885998529966E
:1048E000CDBFDEBFDF91CF910895CF93DF93CDB7DA
:1048F000DEB72897CDBFDEBF0E94492469837A8343
:104900008B839C8389819A81AB81BC818D839E83BB
:10491000AF83B8876D817E818F8198852896CDBFC2
:10492000DEBFDF91CF910895CF93DF93CDB7DEB790
:104930002897CDBFDEBF0E94752469837A838B835D
:104940009C8389819A81AB81BC818D839E83AF8357
:10495000B8876D817E818F8198852896CDBFDEBF17
:10496000DF91CF910895CF93DF93CDB7DEB728972E
:10497000CDBFDEBF0E94942469837A838B839C839E
:1049800089819A81AB81BC818D839E83AF83B887F7
:104990006D817E818F8198852896CDBFDEBFDF91A6
:1049A000CF910895CF93DF9300D00F92CDB7DEB7AC
:1049B00089839A836B837C8389819A810E940C24EA
:1049C000282F8B819C81FC01208300002496CDBF81
:1049D000DEBFDF91CF910895CF93DF930F920F92B7
:1049E000CDB7DEB789839A8389819A810E941D247D
:1049F0000F900F90DF91CF910895462F572FBC0154
:104A0000415051096109710941155105610571054F
:104A1000B9F70895BF92CF92DF92EF92FF920F9372
:104A20001F93CF93DF9300D000D00F92CDB7DEB7A6
:104A30008B839C836D838D81882311F481E0E0C09A
:104A40001A821982D7C08981282F30E0C901880FC6
:104A5000991F880F991F880F991F820F931F2B8111
:104A60003C81820F931FFC018281938143E050E0DF
:104A700060E10E948F518981282F30E0C901880FA1
:104A8000991F880F991F880F991F820F931F2B81E1
:104A90003C81820F931FFC018281938143E050E0AF
:104AA00060E20E948F518981282F30E0C901880F70
:104AB000991F880F991F880F991F820F931F2B81B1
:104AC0003C81820F931FFC018281938140E050E082
:104AD00060E40E948F518981282F30E0C901880F3E
:104AE000991F880F991F880F991F820F931F2B8181
:104AF0003C81820F931FFC018281938141E050E051
:104B000060E80E948F518981282F30E0C901880F09
:104B1000991F880F991F880F991F820F931F2B8150
:104B20003C81820F931FFC01808191810E940E2E97
:104B30008981282F30E0C901880F991F880F991F9C
:104B4000880F991F820F931F2B813C81820F931F27
:104B5000FC0184819581A681B7812981422F50E093
:104B60009A01220F331F220F331F220F331F240FEE
:104B7000351F4B815C81240F351FF901B0842981D9
:104B8000422F50E09A01220F331F220F331F220FB2
:104B9000331F240F351F4B815C81240F351FF90112
:104BA0000190F081E02DEE83FF83BE016E5F7F4FA9
:104BB000C12CD12C76018C019D014B2D8E819F81C2
:104BC0000E943E2E8981282F30E0C901880F991F4D
:104BD000880F991F880F991F820F931F2B813C818B
:104BE000820F931FFC01808191810E94E0238981C3
:104BF0008F5F898399818D81981708F424CF80E095
:104C00002796CDBFDEBFDF91CF911F910F91FF900F
:104C1000EF90DF90CF90BF900895CF93DF9300D0B7
:104C200000D0CDB7DEB78C839D836E838E818823C1
:104C300011F480E04BC0198243C01A8226C08981DA
:104C4000282F30E0C901880F991F880F991F880FFE
:104C5000991F821B930B880F991F9C018C819D814A
:104C6000820F931FFC01248135818A81882F90E077
:104C7000820F931FFC0180818B8363E070E08B8146
:104C80000E94A2238A818F5F8A838981282F30E046
:104C9000C901880F991F880F991F880F991F821BC0
:104CA000930B880F991F9C018C819D81820F931F0C
:104CB000FC0180859A81981710F289818F5F898322
:104CC00099818E81981708F4B8CF80E02696CDBFE1
:104CD000DEBFDF91CF9108952F923F924F925F9266
:104CE0006F927F928F929F92AF92BF92CF92DF92FC
:104CF000EF92FF920F931F93CF93DF93CDB7DEB761
:104D00006C97CDBFDEBF888B998B6A8B7B8B4C8B6E
:104D100088899989DC0112968D919C91FC01808192
:104D200091818A839B8388899989DC011A968D9168
:104D30009C911B97FC018081882309F093C0198204
:104D40002BC088899989DC0116968D919C911797C3
:104D5000FC018081882F90E02981222F30E0022EF3
:104D600002C0959587950A94E2F78170992700977C
:104D700081F088899989DC0114962D913C91898173
:104D8000882F90E0820F931FFC01808160E00E94D9
:104D9000492389818F5F898388899989DC011896E5
:104DA0008C9118979981981760F21EC08A899B8907
:104DB0009C012F5F3F4F2A8B3B8BFC0120818A8116
:104DC0009B818C839D832E838C819D816E810E942B
:104DD000F823000000008A819B810E94EC24982F18
:104DE00081E089278823B9F78C899FEF980F9C8BE6
:104DF0008823E1F619822BC088899989DC011696EF
:104E00008D919C911797FC018081882F90E02981DA
:104E1000222F30E0022E02C0959587950A94E2F782
:104E200081709927009781F088899989DC0114960F
:104E30002D913C918981882F90E0820F931FFC0176
:104E4000808161E00E94492389818F5F89838889FD
:104E50009989DC0118968C9118979981981760F2BE
:104E600080E0A2C288899989FC0182859385DC0152
:104E70008C91843009F094C088899989FC018485DB
:104E800095850196DC018C9161E00E94492319828D
:104E900028C088899989FC0186819781DC018C91E1
:104EA000882F90E02981222F30E0022E02C09595B4
:104EB00087950A94E2F781709927009779F088899D
:104EC0009989FC01248135818981882F90E0820FA6
:104ED000931FDC018C9160E00E94492389818F5FE0
:104EE000898388899989FC0180859981981788F23E
:104EF0001EC08A899B899C012F5F3F4F2A8B3B8B69
:104F0000DC012C918A819B818F83988729878F81EF
:104F1000988569850E94F823000000008A819B81A2
:104F20000E94EC24982F81E089278823B9F78C8987
:104F30009FEF980F9C8B8823E1F6198228C08889FF
:104F40009989FC0186819781DC018C91882F90E002
:104F50002981222F30E0022E02C0959587950A9470
:104F6000E2F781709927009779F088899989FC0187
:104F7000248135818981882F90E0820F931FDC0185
:104F80008C9161E00E94492389818F5F89838889A0
:104F90009989FC0180859981981788F280E004C284
:104FA00088899989DC011A968D919C911B97FC0147
:104FB0008081813009F0C1C088899989DC011C9603
:104FC0008D919C910196FC01808160E00E944923B3
:104FD00019822BC088899989DC0116968D919C9144
:104FE0001797FC018081882F90E02981222F30E0E3
:104FF000022E02C0959587950A94E2F78170992751
:10500000009781F088899989DC0114962D913C9153
:105010008981882F90E0820F931FFC01808160E0DE
:105020000E94492389818F5F898388899989DC015E
:1050300018968C9118979981981760F288899989A8
:10504000FC01848595850196DC018C9161E00E94CC
:1050500049231EC08A899B899C012F5F3F4F2A8B61
:105060003B8BFC0120818A819B818A879B872C87CF
:105070008A859B856C850E94F823000000008A8148
:105080009B810E94EC24982F81E089278823B9F71F
:105090008C899FEF980F9C8B8823E1F688899989EA
:1050A000DC011C968D919C910196FC01808160E051
:1050B0000E94492319822BC088899989DC011696A0
:1050C0008D919C911797FC018081882F90E0298118
:1050D000222F30E0022E02C0959587950A94E2F7C0
:1050E00081709927009781F088899989DC0114964D
:1050F0002D913C918981882F90E0820F931FFC01B4
:10510000808161E00E94492389818F5F898388893A
:105110009989DC0118968C9118979981981760F2FB
:1051200088899989FC01848595850196DC018C919B
:1051300061E00E94492380E037C188899989FC0198
:1051400082859385DC018C91853009F02CC11EC0CD
:105150008A899B899C012F5F3F4F2A8B3B8BFC01E7
:1051600020818A819B818D879E872F878D859E8553
:105170006F850E94F823000000008A819B810E94B5
:10518000EC24982F81E089278823B9F78C899FEF39
:10519000980F9C8B8823E1F688899989DC011C96FD
:1051A0008D919C910196FC01808160E00E944923D1
:1051B00019823CC088899989DC0116968D919C9151
:1051C0001797FC018081882F90E02981222F30E001
:1051D000022E02C0959587950A94E2F7817099276F
:1051E000009789F088899989DC0114962D913C916A
:1051F0008981882F90E0820F931FFC01808161E0FC
:105200000E94492310C088899989DC0114962D9148
:105210003C918981882F90E0820F931FFC0180814F
:1052200060E00E94492389818F5F898388899989F9
:10523000DC0118968C9118979981981708F4BACFC9
:1052400088899989FC01848595850196DC018C917A
:1052500061E00E9449230E94B3246D8B7E8B8F8B6B
:10526000988F8D899E89AF89B88D4C015D01C12CC5
:10527000D12C7601282D392D4A2D5B2D6C2D7D2DBD
:105280008E2D9F2D215C3D4B404F5F4F6F4F7F4FC9
:105290008F4F9F4F222E332E442E552E662E772E63
:1052A000882E992EA12C0F2EFCE7BF2EF02D0F2E4D
:1052B000F2E9CF2EF02DD12CE12CF12C00E010E002
:1052C000222D332D442D552D662D772D882D992D8A
:1052D0000E940399822E932EA42EB52EC62ED72E71
:1052E000E82EF92E082D192D2A2D3B2D4C2D5D2D44
:1052F0006E2D7F2D098F1A8F2B8F3C8F698D7A8DA4
:105300008B8D9C8D0E94FD2488899989DC011C96D7
:105310008D919C910196FC01808160E00E9449235F
:1053200019822BC088899989DC0116968D919C91F0
:105330001797FC018081882F90E02981222F30E08F
:10534000022E02C0959587950A94E2F781709927FD
:10535000009781F088899989DC0114962D913C9100
:105360008981882F90E0820F931FFC01808160E08B
:105370000E94492389818F5F898388899989DC010B
:1053800018968C9118979981981760F28889998955
:10539000FC01848595850196DC018C9161E00E9479
:1053A000492380E001C088EF6C96CDBFDEBFDF915E
:1053B000CF911F910F91FF90EF90DF90CF90BF9012
:1053C000AF909F908F907F906F905F904F903F90A5
:1053D0002F900895CF93DF93CDB7DEB72B97CDBF36
:1053E000DEBF8F83988769877A874B8719828F8181
:1053F0009885FC0182819381FC01808191818A835F
:105400009B83198229C08F819885FC0186819781B1
:10541000FC018081882F90E02981222F30E0022E2C
:1054200002C0959587950A94E2F7817099270097B5
:1054300081F08F819885FC01248135818981882FB5
:1054400090E0820F931FFC01808160E00E9449235D
:105450000AC089818F5F89838F819885FC0180854F
:105460009981981780F225C089859A85FC01208151
:105470008A819B818C839D832E838C819D816E810B
:105480000E94F823000000008A819B810E94EC2486
:10549000982F81E089278823B9F729853A858A8161
:1054A0009B81B9010E94D22489859A8501968987BA
:1054B0009A878B859FEF980F9B878823A9F68F810A
:1054C0009885FC0182859385FC018081853091F16E
:1054D000198229C08F819885FC0186819781FC0102
:1054E0008081882F90E02981222F30E0022E02C097
:1054F000959587950A94E2F781709927009781F036
:105500008F819885FC01248135818981882F90E0E5
:10551000820F931FFC01808161E00E9449230AC031
:1055200089818F5F89838F819885FC01808599812E
:10553000981780F280E02B96CDBFDEBFDF91CF9130
:105540000895CF92DF92EF92FF920F931F93CF9324
:10555000DF93CDB7DEB72E97CDBFDEBF8F839887A1
:1055600069877A874B875C871E828F819885FC01CB
:1055700082819381FC0180858B8319828F8198853C
:10558000FC018185882F90E080749927009709F4A9
:105590004CC08F819885FC0182819381FC0120851C
:1055A0008F819885FC0182819381237DFC01208776
:1055B0008F819885FC0182819381FC018085282F51
:1055C0008F819885FC0181858C72282B8F8198852D
:1055D000FC0182819381FC0120878F819885FC01E9
:1055E00082819381FC0184819581A681B7812F817D
:1055F0003885F90122813381F90140852F81388571
:10560000F90122813381F9010190F081E02DED87CC
:10561000FE87BE016A5F7F4FC12CD12C76018C01C1
:105620009D018D859E850E943E2E89859A85FC016F
:1056300081818F3009F030F489859A85FC01818160
:10564000882311F481E0E2C089859A85FC0181817B
:105650008C838C81882309F444C089859A85FC0158
:1056600084819C81692F0E946898892F882311F07A
:1056700081E0CCC089859A85FC018481882389F1E9
:105680001A8223C089859A85FC01828193812A81AF
:10569000422F50E02C81222F30E0429FB001439FE7
:1056A000700D529F700D11249B01280F391F8F819F
:1056B00098854C81B9010E946C26882319F081E0FD
:1056C00089830FC08A818F5F8A8389859A85FC01CF
:1056D00084819C81692F0E946898982F8A818917FC
:1056E00088F28B859C85FC0181818F3009F008F45C
:1056F00052C08B859C85FC018481882309F44BC0B2
:105700008B859C85FC0181818F508C838C818823C3
:1057100011F481E07BC08B859C85FC0184819C8198
:10572000692F0E946898892F882311F081E06EC04C
:105730001A8225C08B859C85FC01828193812A81F8
:10574000422F50E02C81222F30E0429FB001439F36
:10575000700D529F700D11249B01280F391F8F81EE
:1057600098854C81B9010E94EA298D838D81882317
:1057700019F081E089830FC08A818F5F8A838B85CE
:105780009C85FC0184819C81692F0E946898982FD8
:105790008A81891778F28F819885FC0182819381B3
:1057A0002B81FC0120878F819885FC018185882FC2
:1057B00090E080749927009741F18F819885FC01D2
:1057C00082819381FC0184819581A681B7812F819B
:1057D0003885F90122813381F90140852F8138858F
:1057E000F90122813381F9010190F081E02DED87EB
:1057F000FE87BE016A5F7F4FC12CD12C76018C01E0
:105800009D018D859E850E943E2E89812E96CDBF5D
:10581000DEBFDF91CF911F910F91FF90EF90DF904E
:10582000CF900895CF93DF9300D0CDB7DEB78983B3
:105830009A836B8389819A81009721F08B818330D1
:1058400019F010F081E018C089819A81FC018185EE
:10585000282F2C7F89819A81FC01218789819A8157
:10586000FC0191858B818370892B282F206489818D
:105870009A81FC01218780E00F900F900F90DF91BB
:10588000CF910895CF93DF93CDB7DEB72A97CDBFE1
:10589000DEBF8A878A8589831A8289818B838B817F
:1058A0008C838C818695869586958D838D81882FB6
:1058B00090E0880F991F82959295907F9827807F1E
:1058C00098279A5F00008E839F838A818823A9F09E
:1058D000898188878885882F90E09C0127703327ED
:1058E00081E090E002C0880F991F2A95E2F7282FE7
:1058F0008E819F81FC01258314C0898189878985D8
:10590000882F90E09C012770332781E090E002C04F
:10591000880F991F2A95E2F7282F8E819F81FC011D
:105920002683000000002A96CDBFDEBFDF91CF9115
:105930000895CF93DF93CDB7DEB72A97CDBFDEBFF3
:105940008A878A85898381E08A8389818B838B8199
:105950008C838C818695869586958D838D81882F05
:1059600090E0880F991F82959295907F9827807F6D
:1059700098279A5F00008E839F838A818823A9F0ED
:10598000898188878885882F90E09C01277033273C
:1059900081E090E002C0880F991F2A95E2F7282F36
:1059A0008E819F81FC01258314C089818987898527
:1059B000882F90E09C012770332781E090E002C09F
:1059C000880F991F2A95E2F7282F8E819F81FC016D
:1059D0002683000000002A96CDBFDEBFDF91CF9165
:1059E0000895CF93DF9300D0CDB7DEB789839A8334
:1059F0006B8389819A812B81FC01238300000F90A6
:105A00000F900F90DF91CF910895CF93DF930F9276
:105A10000F92CDB7DEB789839A8389819A81FC0181
:105A200083810F900F90DF91CF910895CF93DF93F3
:105A30000F920F92CDB7DEB789839A8389819A81BD
:105A4000FC018281881F8827881F0F900F90DF91AB
:105A5000CF910895CF93DF930F920F92CDB7DEB71A
:105A600089839A8389819A81FC018081282F206112
:105A700089819A81FC01208300000F900F90DF91B3
:105A8000CF910895CF93DF9300D00F92CDB7DEB7BB
:105A900080E098E4A8EEB1E089839A83AB83BC836D
:105AA00069817A818B819C812496CDBFDEBFDF9195
:105AB000CF910895CF93DF9300D000D000D0CDB721
:105AC000DEB719820E94422D6A837B838C839D837B
:105AD0008981882F90E02A813B814C815D8104C0BF
:105AE00056954795379527958A95D2F7DA01C901DA
:105AF0008E839F83A887B9876E817F8188859985EA
:105B00002996CDBFDEBFDF91CF910895CF93DF936C
:105B1000CDB7DEB72897CDBFDEBF0E945A2D69836F
:105B20007A838B839C8389819A81AB81BC818D83AD
:105B30009E83AF83B8876D817E818F8198852896FB
:105B4000CDBFDEBFDF91CF910895CF93DF93CDB767
:105B5000DEB72897CDBFDEBF0E94862D69837A838A
:105B60008B839C8389819A81AB81BC818D839E8349
:105B7000AF83B8876D817E818F8198852896CDBF50
:105B8000DEBFDF91CF910895CF93DF93CDB7DEB71E
:105B90002897CDBFDEBF0E94A52D69837A838B83B2
:105BA0009C8389819A81AB81BC818D839E83AF83E5
:105BB000B8876D817E818F8198852896CDBFDEBFA5
:105BC000DF91CF910895CF93DF9300D00F92CDB79F
:105BD000DEB789839A836B837C8389819A810E9453
:105BE000052D282F8B819C81FC01208300002496A9
:105BF000CDBFDEBFDF91CF910895CF93DF930F929A
:105C00000F92CDB7DEB789839A8389819A810E94EA
:105C1000162D0F900F90DF91CF910895CF93DF93C2
:105C20000F920F92CDB7DEB789839A8389819A81CB
:105C3000803C28E0920721F468E083E00E94E55967
:105C400089819A81803C29E0920721F468E084E010
:105C50000E94E55989819A81803C2AE0920721F4CB
:105C600068E085E00E94E55989819A810E942A2D89
:105C700000000F900F90DF91CF910895CF92DF92A7
:105C8000EF92FF920F931F93CF93DF93CDB7DEB7C1
:105C90006197CDBFDEBF89839A836B837C834D83FD
:105CA0000E831F8328873987CA86DB86EC86FD86AC
:105CB0000E94C42D6E877F87888B998B8E819F81F0
:105CC000A885B985E981FA810E851F8528893989DA
:105CD000AC01BD01CF010E94352F88237CF0898162
:105CE0009A81FC018081982F937D8D818C72892B04
:105CF000282F89819A81FC01208301C000006196D0
:105D0000CDBFDEBFDF91CF911F910F91FF90EF903C
:105D1000DF90CF900895CF93DF9300D000D000D0D4
:105D2000CDB7DEB78C839D836E837F834887598789
:105D30001EC08E819F819C012F5F3F4F2E833F832A
:105D4000FC0120818C819D8189839A832B838981A9
:105D50009A816B810E94F12C000000008C819D8152
:105D60000E94FD2D982F81E089278823B9F7888527
:105D700099859C0121503109288739870097C9F6F8
:105D800080E02996CDBFDEBFDF91CF910895CF93FC
:105D9000DF9300D000D000D0CDB7DEB78C839D83D9
:105DA0006E837F834887598722C08C819D81898338
:105DB0009A838FEF8B8389819A816B810E94F12C6A
:105DC000000000008C819D810E94FD2D982F81E0B4
:105DD00089278823B9F72E813F818C819D81B90164
:105DE0000E94E32D8E819F8101968E839F838885FB
:105DF00099859C0121503109288739870097A9F698
:105E000080E02996CDBFDEBFDF91CF910895CF937B
:105E1000DF9300D00F92CDB7DEB789839A836B836F
:105E20007C838B819C81FC0180810E94422C00003C
:105E30002496CDBFDEBFDF91CF910895CF93DF933E
:105E400000D00F92CDB7DEB789839A836B837C83B2
:105E50008B819C81FC0180810E94992C00002496FA
:105E6000CDBFDEBFDF91CF9108950F931F93CF93E6
:105E7000DF93CDB7DEB76497CDBFDEBF8F83988742
:105E800049875A876B877C870D871E872F87388BBA
:105E90004D855E856F85788989859A85AB85BC85BA
:105EA000840F951FA61FB71F9C01AD01215031091A
:105EB00041095109298B3A8B4B8B5C8B09851A85DB
:105EC0002B853C8569897A898B899C89A9019801F0
:105ED0000E947498DA01C9018A839B83AC83BD83D5
:105EE0008A819B81AC81BD8180389105A105B10576
:105EF00019F010F08FEF3BC08A818E838E81803441
:105F000021F018F083E0898324C08E81803221F053
:105F100018F082E089831DC08E81803121F018F055
:105F200082E8898316C08E81883021F018F081E0E4
:105F300089830FC08E81843021F018F081E8898335
:105F400008C08E81823019F010F0198202C080E8FA
:105F500089838F819885FC018081982F9C77898126
:105F6000892B282F8F819885FC01208381E06496FE
:105F7000CDBFDEBFDF91CF911F910F910895CF93D9
:105F8000DF930F92CDB7DEB78FE390E0FC01808105
:105F90008983F89489810F90DF91CF910895CF93F1
:105FA000DF930F92CDB7DEB789838FE390E029812D
:105FB000FC01208300000F90DF91CF910895CF93D3
:105FC000DF93CDB7DEB72D97CDBFDEBF8C876D8752
:105FD0008C8589838D858A8389818B838B818C8352
:105FE0008C818695869586958D838D81882F90E00E
:105FF000880F991F82959295907F9827807F982788
:106000009A5F00008E839F838E819F819C01205F19
:106010003F4F8981888788858770882F90E0820F1D
:10602000931F89879A870E94BF2F8B8789859A85BE
:10603000FC018081282F277089859A85FC012083A7
:1060400089859A85FC0190818A81292F282B898551
:106050009A85FC0120838B850E94CF2F00000000D1
:106060002D96CDBFDEBFDF91CF910895CF93DF9303
:10607000CDB7DEB72B97CDBFDEBF8A876B878A850A
:1060800089838B858A8389818B838B818C838C81A7
:106090008695869586958D838D81882F90E0880FD3
:1060A000991F82959295907F9827807F98279A5F75
:1060B00000008E839F838A818130A9F4898188873B
:1060C0008885882F90E09C012770332781E090E03D
:1060D00002C0880F991F2A95E2F7282F8E819F8191
:1060E000FC01218317C08A818823A1F489818987D3
:1060F0008985882F90E09C012770332781E090E00C
:1061000002C0880F991F2A95E2F7282F8E819F8160
:10611000FC012283000000002B96CDBFDEBFDF9183
:10612000CF910895CF93DF93CDB7DEB72B97CDBF37
:10613000DEBF8A876B878A8589838B858A8389817D
:106140008B838B818C838C818695869586958D83B8
:106150008D81882F90E0880F991F82959295907F6E
:106160009827807F98279A5F00008E839F838A817B
:106170008823A9F0898188878885882F90E09C01F1
:106180002770332781E090E002C0880F991F2A957D
:10619000E2F7282F8E819F81FC01258314C089811D
:1061A00089878985882F90E09C012770332781E0BB
:1061B00090E002C0880F991F2A95E2F7282F8E8160
:1061C0009F81FC012683000000002B96CDBFDEBF1F
:1061D000DF91CF910895CF93DF9300D0CDB7DEB795
:1061E00089839A836B8389819A81FC018381282F1B
:1061F0002F7C8B81882F90E082959295907F9827B5
:10620000807F9827822B282F89819A81FC01238304
:1062100000000F900F900F90DF91CF910895CF93D2
:10622000DF9300D0CDB7DEB789839A836B838981F2
:106230009A81FC018381282F237F8B81882F90E016
:10624000880F991F880F991F822B282F89819A8187
:10625000FC01238300000F900F900F90DF91CF91EE
:106260000895CF93DF930F920F92CDB7DEB7898356
:106270009A8389819A81FC018181882F90E08072C4
:10628000992721E0009709F420E0822F0F900F90CA
:10629000DF91CF910895CF93DF93CDB7DEB72897E5
:1062A000CDBFDEBF8A839B836C837D834E835F83F8
:1062B00028878A819B81FC0181819281FC018081F8
:1062C00089838C819D81009709F444C08E819F81D0
:1062D000009741F08E819F819E012F5F3F4FB90152
:1062E0000E941B5300008C819D81FC018181928161
:1062F0000E943131982F81E089278823A1F78C8172
:106300009D81FC01818192812981FC012083888506
:106310008130F1F480919437843039F489818D3063
:1063200021F41092943781E021C080919437882F16
:1063300090E08556974DFC0190818981981731F442
:10634000809194378F5F8093943702C01092943776
:1063500080E00CC08A819B81FC01808991899E012B
:106360002F5F3F4FB9010E941B5380E02896CDBF9D
:10637000DEBFDF91CF910895CF93DF9300D00F92CE
:10638000CDB7DEB78B839C8319828B819C81FC0106
:10639000828993890E94B652982F81E089278823A9
:1063A000B9F08B819C81FC01828993899E012E5FCB
:1063B0003F4FB9010E94A653982F81E08927898316
:1063C0008B819C81FC01818192812A81FC01208347
:1063D00089812496CDBFDEBFDF91CF910895CF9301
:1063E000DF9300D000D00F92CDB7DEB78D839E83B0
:1063F0006F838F81882311F48AEFF1C08D819E8194
:10640000009711F48AEFEBC01982E3C08981282F2D
:1064100030E044E1429FC001439F900D11242D8143
:106420003E81820F931FFC0181819281009711F4BC
:1064300087EFD5C08981282F30E044E1429FC00119
:10644000439F900D11242D813E81820F931FFC01EB
:106450008581482F440F440F440F8981282F30E055
:1064600054E1529FC001539F900D11242D813E8114
:10647000820F931FFC018681840F8A8361E08A81E9
:106480000E94363061E08A810E9492308981282FF3
:1064900030E044E1429FC001439F900D11242D81C3
:1064A0003E81820F931FFC018781482F440F440FC8
:1064B000440F8981282F30E054E1529FC001539F3F
:1064C000900D11242D813E81820F931FFC01808548
:1064D000840F8A8360E08A810E94363068E18A8175
:1064E0000E94DF2F8981282F30E044E1429FC001C4
:1064F000439F900D11242D813E81820F931FFC013B
:1065000083818B838981282F30E044E1429FC00141
:10651000439F900D11242D813E81820F931FFC011A
:1065200084818C836C818B810E94E5598981282F1D
:1065300030E044E1429FC001439F900D11242D8122
:106540003E81820F931FAC01475F5F4F8981282FE7
:1065500030E064E1629FC001639F900D11242D81A2
:106560003E81820F931FFC0181819281BA010E94BA
:106570005238982F81E08927882311F088EF2FC0A7
:106580008981282F30E044E1429FC001439F900D54
:1065900011242D813E81820F931FFC018181928104
:1065A00063E00E940F318981282F30E044E1429F4F
:1065B000C001439F900D11242D813E81820F931FB6
:1065C000FC018181928163E00E94EB3089818F5FC1
:1065D000898399818F81981708F418CF80E02796D6
:1065E000CDBFDEBFDF91CF910895CF93DF9300D071
:1065F0000F920F92CDB7DEB789839A836B837C832A
:106600004D8389819A81FC018181928160E00E94A1
:106610000F3111C08B819C819C012F5F3F4F2B83D9
:106620003C83FC01208189819A81FC0181819281D6
:10663000622F0E94B5398D819FEF980F9D8388232B
:1066400049F789819A81FC018181928163E00E94EE
:106650000F3180E02596CDBFDEBFDF91CF91089549
:10666000CF93DF9300D00F920F92CDB7DEB78A831E
:106670009B836C837D8319820EC08981882F90E073
:106680002C813D81820F931FFC018081882339F08A
:1066900089818F5F898389818F3F79F701C00000ED
:1066A0002C813D818A819B814981B9010E94F5320B
:1066B00000002596CDBFDEBFDF91CF910895CF9327
:1066C000DF9300D0CDB7DEB789839A836B839E01B9
:1066D0002D5F3F4F89819A8141E0B9010E94F532D7
:1066E00000000F900F900F90DF91CF910895CF93FE
:1066F000DF9300D00F920F92CDB7DEB789839A83D4
:106700006B837C834D8389819A81FC018181928195
:1067100060E00E94EB3011C089819A81FC01818187
:1067200092810E94D339282F8B819C81FC01208388
:106730008B819C8101968B839C838D819FEF980F29
:106740009D83882349F789819A81FC018181928107
:1067500063E00E94EB3080E02596CDBFDEBFDF9185
:10676000CF910895CF93DF9300D0CDB7DEB78A8362
:106770009B838A819B8141E09E012F5F3F4FB9013E
:106780000E94773389810F900F900F90DF91CF9106
:106790000895CF93DF9300D000D00F92CDB7DEB72E
:1067A0008C839D836E837F838C819D81FC0180819E
:1067B000833019F010F087EF31C08E819F810097F0
:1067C00011F48AEF2BC08C819D81FC018089918915
:1067D00089839A8310C09E012D5F3F4F89819A81E2
:1067E000B9010E94A6539E012D5F3F4F8E819F816C
:1067F000B9010E941B5389819A810E94B652982F39
:1068000081E08927882349F08E819F810E94D3529D
:10681000982F81E089278823F1F680E02796CDBF65
:10682000DEBFDF91CF910895CF93DF9300D000D0EA
:106830000F92CDB7DEB78C839D836E837F838C816F
:106840009D81FC018081833019F010F087EF4AC0F0
:106850008E819F81009711F48AEF44C08C819D81C5
:10686000FC018289938989839A8310C09E012D5FE0
:106870003F4F8E819F81B9010E94A6539E012D5FDB
:106880003F4F89819A81B9010E941B538E819F815C
:106890000E94B652982F81E08927882349F0898188
:1068A0009A810E94D352982F81E089278823F1F69C
:1068B00089819A810E94B652982F81E08927882386
:1068C00081F09E012D5F3F4F89819A81B9010E941D
:1068D000A6538C819D81FC01818192812B81FC01D9
:1068E000208380E02796CDBFDEBFDF91CF91089552
:1068F000CF93DF930F92CDB7DEB78FE390E0FC012B
:1069000080818983F89489810F90DF91CF910895D8
:10691000CF93DF930F92CDB7DEB789838FE390E0FB
:106920002981FC01208300000F90DF91CF91089511
:10693000CF93DF9300D00F92CDB7DEB780E098E41D
:10694000A8EEB1E089839A83AB83BC8369817A81A5
:106950008B819C812496CDBFDEBFDF91CF910895BE
:10696000CF93DF9300D000D000D0CDB7DEB719822F
:106970000E9498346A837B838C839D838981882FCE
:1069800090E02A813B814C815D8104C056954795FA
:10699000379527958A95D2F7DA01C9018E839F83AF
:1069A000A887B9876E817F81888599852996CDBF13
:1069B000DEBFDF91CF910895CF93DF93CDB7DEB7E0
:1069C0002897CDBFDEBF0E94B03469837A838B8362
:1069D0009C8389819A81AB81BC818D839E83AF83A7
:1069E000B8876D817E818F8198852896CDBFDEBF67
:1069F000DF91CF910895CF93DF93CDB7DEB728977E
:106A0000CDBFDEBF0E94DC3469837A838B839C8395
:106A100089819A81AB81BC818D839E83AF83B88746
:106A20006D817E818F8198852896CDBFDEBFDF91F5
:106A3000CF910895CF93DF930F920F92CDB7DEB72A
:106A400089839A8389819A81009709F45EC189813B
:106A50009A81803C910529F460E180E00E94E5592B
:106A600054C189819A81811524E0920729F464E058
:106A700080E00E94E55949C189819A81803821E0EE
:106A8000920729F462E080E00E94E5593EC18981C5
:106A90009A81811521E0920729F461E080E00E944B
:106AA000E55933C189819A81803823E0920729F41E
:106AB00061E081E00E94E55928C189819A8180398D
:106AC00023E0920729F461E082E00E94E5591DC1AC
:106AD00089819A81811522E0920729F462E081E0A0
:106AE0000E94E55912C189819A81803422E092077F
:106AF00029F462E082E00E94E55907C189819A8108
:106B0000803223E0920729F464E082E00E94E55994
:106B1000FCC089819A81811528E0920729F461E0FF
:106B200083E00E94E559F1C089819A81811529E0AD
:106B3000920729F461E084E00E94E559E6C089816A
:106B40009A8181152AE0920729F461E085E00E948C
:106B5000E559DBC089819A8181152BE0920729F4E0
:106B600061E086E00E94E559D0C089819A81803435
:106B700028E0920729F462E083E00E94E559C5C04D
:106B800089819A81803429E0920729F462E084E0C7
:106B90000E94E559BAC089819A8180342AE092071F
:106BA00029F462E085E00E94E559AFC089819A81AD
:106BB000803928E0920729F464E083E00E94E559D7
:106BC000A4C089819A81803929E0920729F464E080
:106BD00084E00E94E55999C089819A8180392AE030
:106BE000920729F464E085E00E94E5598EC089810E
:106BF0009A8180392BE0920729F464E086E00E94B4
:106C0000E55983C089819A81803C28E0920729F464
:106C100068E083E00E94E55978C089819A81803CD0
:106C200029E0920729F468E084E00E94E5596DC0EC
:106C300089819A81803C2AE0920729F468E085E006
:106C40000E94E55962C089819A81803A28E09207C2
:106C500029F460E183E00E94E55957C089819A8157
:106C6000803A29E0920729F460E184E00E94E55926
:106C70004CC089819A81803A2AE0920729F460E128
:106C800085E00E94E55941C089819A81803A2BE0D4
:106C9000920729F460E186E00E94E55936C08981B7
:106CA0009A81803B28E0920729F460E283E00E9409
:106CB000E5592BC089819A81803B29E0920729F40C
:106CC00060E284E00E94E55920C089819A81803B7E
:106CD0002AE0920729F460E285E00E94E55915C098
:106CE00089819A81803824E0920729F460E483E066
:106CF0000E94E5590AC089819A81803A24E092076E
:106D000021F460E485E00E94E55900000F900F90A7
:106D1000DF91CF910895CF93DF930F920F92CDB76C
:106D2000DEB789839A8389819A81FC018481282F27
:106D3000206189819A81FC01248300000F900F90CB
:106D4000DF91CF910895CF93DF930F920F92CDB73C
:106D5000DEB789839A8389819A81FC018481282FF7
:106D60002F7E89819A81FC01248300000F900F906F
:106D7000DF91CF910895CF93DF9300D00F920F92C0
:106D8000CDB7DEB789839A836B834C832D839B8138
:106D90008C81892B982F8D81882311F088E001C088
:106DA00080E0892B282F89819A81FC0125830000AE
:106DB0002596CDBFDEBFDF91CF910895CF93DF93AE
:106DC0000F920F92CDB7DEB789839A8389819A811A
:106DD000FC018481282F286089819A81FC01248309
:106DE00000000F900F90DF91CF910895CF93DF9324
:106DF00000D0CDB7DEB789839A836B8389819A816E
:106E0000FC018581982F9F738B81892B282F898185
:106E10009A81FC01258300000F900F900F90DF9165
:106E2000CF910895CF93DF930F920F92CDB7DEB736
:106E300089839A8389819A81FC018181882F90E0DE
:106E40008072992721E0009709F420E0822F0F90AB
:106E50000F90DF91CF910895CF93DF930F920F9210
:106E6000CDB7DEB789839A8389819A81FC018181BC
:106E7000882F90E08078992721E0009709F420E09E
:106E8000822F0F900F90DF91CF910895CF93DF93D2
:106E9000CDB7DEB72D97CDBFDEBF8C876D878C85D4
:106EA00089838D858A8389818B838B818C838C8177
:106EB0008695869586958D838D81882F90E0880FA5
:106EC000991F82959295907F9827807F98279A5F47
:106ED00000008E839F838E819F819C01205F3F4FA6
:106EE0008981888788858770882F90E0820F931F1B
:106EF00089879A870E9478348B8789859A85FC01D7
:106F00008081282F277089859A85FC0120838985B7
:106F10009A85FC0190818A81292F282B89859A8561
:106F2000FC0120838B850E948834000000002D9690
:106F3000CDBFDEBFDF91CF910895CF93DF93CDB763
:106F4000DEB72B97CDBFDEBF8A876B878A858983A3
:106F50008B858A8389818B838B818C838C818695B9
:106F6000869586958D838D81882F90E0880F991F57
:106F700082959295907F9827807F98279A5F00004E
:106F80008E839F838A818130A9F48981888788854F
:106F9000882F90E09C012770332781E090E002C0A9
:106FA000880F991F2A95E2F7282F8E819F81FC0177
:106FB000218317C08A818823A1F4898189878985E3
:106FC000882F90E09C012770332781E090E002C079
:106FD000880F991F2A95E2F7282F8E819F81FC0147
:106FE0002283000000002B96CDBFDEBFDF91CF9142
:106FF0000895CF93DF93CDB7DEB72B97CDBFDEBF1C
:107000008A876B878A8589838B858A8389818B832D
:107010008B818C838C818695869586958D838D81D9
:10702000882F90E0880F991F82959295907F9827DE
:10703000807F98279A5F00008E839F838A818823B0
:10704000A9F0898188878885882F90E09C01277026
:10705000332781E090E002C0880F991F2A95E2F75C
:10706000282F8E819F81FC01258314C08981898707
:107070008985882F90E09C012770332781E090E07C
:1070800002C0880F991F2A95E2F7282F8E819F81D1
:10709000FC012683000000002B96CDBFDEBFDF91F0
:1070A000CF9108950F931F93CF93DF9300D000D01B
:1070B00000D0CDB7DEB78A839B836C837D838A81C2
:1070C0009B810E941A358A819B8160E00E94F6367E
:1070D0008C819D81FC0126818C819D81FC014581F3
:1070E0008C819D81FC0134818A819B81632F0E9468
:1070F000BB360E94FB346E837F83888799878C819F
:107100009D81FC0180819181A281B381EA81FB8113
:107110000E811F8128853985AC01BD01CF010E94F8
:107120003E3B89838A819B810E94DE368A819B81D6
:107130000E948B3689812996CDBFDEBFDF91CF912A
:107140001F910F9108950F931F93CF93DF93CDB7A6
:10715000DEB72A97CDBFDEBF8B839C836D837E8392
:107160008B819C810E941A358B819C810E94A33661
:107170008D819E81FC018481823031F08D819E81E0
:10718000FC018481833019F481E090E002C080E04A
:1071900090E08A838A8181708A838B819C81803A86
:1071A000F8E09F0779F480E496E0FC018685882F5B
:1071B00090E080719927009719F085E1898302C0DA
:1071C00081E189838B819C81803BF8E09F0711F4EA
:1071D00085E189838B819C81803A29E0920779F44B
:1071E00080E696E0FC018685882F90E080719927E3
:1071F000009719F08DE1898302C089E189838B8131
:107200009C81803BF9E09F0711F48DE189838B819C
:107210009C81803A2AE0920779F480E896E0FC01AC
:107220008685882F90E080719927009719F085E274
:10723000898302C081E289838B819C81803BFAE053
:107240009F0711F485E289838B819C81803A2BE032
:10725000920779F480EA96E0FC018685882F90E019
:1072600080719927009719F08DE2898302C089E225
:10727000898361E089810E949D378A81882311F08A
:1072800080E401C080E0682F89810E94463761E078
:1072900089810E94F9378B819C8160EC0E94F636CF
:1072A0008D819E81FC018481813031F08D819E81B0
:1072B000FC018481833059F48B819C81FC018581A0
:1072C000282F22608B819C81FC0125830AC08B8141
:1072D0009C81FC018581282F2D7F8B819C81FC0165
:1072E00025838D819E81FC018581882359F08B81C6
:1072F0009C81FC018581282F24608B819C81FC016D
:1073000025830AC08B819C81FC018581282F2B7FDE
:107310008B819C81FC0125830E94FB346F837887DD
:1073200089879A878D819E81FC0180819181A281CC
:10733000B381EB81FC810F81188529853A85AC01E9
:10734000BD01CF010E94223D8B819C810E94DE36CF
:107350008B819C810E948B3600002A96CDBFDEBFB8
:10736000DF91CF911F910F910895CF93DF9300D0BC
:10737000CDB7DEB789839A836B83000089819A81B8
:107380000E941237982F81E089278823B9F78981D5
:107390009A812B81FC01208380E00F900F900F9049
:1073A000DF91CF910895CF93DF930F920F92CDB7D6
:1073B000DEB789839A83000089819A810E942C37E5
:1073C000982F81E089278823B9F789819A81FC0168
:1073D00080810F900F90DF91CF910895CF93DF932D
:1073E00000D00F92CDB7DEB769837A838B839C83FD
:1073F00089819A81AB81BC81811521EE9207A1051B
:10740000B10509F485C089819A81AB81BC81811560
:1074100021EE9207A105B10511F008F07BC089812A
:107420009A81AB81BC81811526E99207A105B1053E
:1074300009F46CC089819A81AB81BC81811526E9F0
:107440009207A105B10511F008F064C089819A8105
:10745000AB81BC8181152BE49207A105B10509F42C
:1074600053C089819A81AB81BC8181152BE492073D
:10747000A105B10511F008F04DC089819A81AB8159
:10748000BC81803825E29207A105B105D9F1898137
:107490009A81AB81BC81803825E29207A105B105B4
:1074A00009F0C0F589819A81AB81BC81803C22E1E1
:1074B0009207A105B10521F189819A81AB81BC8137
:1074C000803C22E19207A105B10509F018F58981F8
:1074D0009A81AB81BC81803B24E09207A105B10574
:1074E00059F089819A81AB81BC81803629E092076D
:1074F000A105B10519F00EC080E00DC081E00BC000
:1075000082E009C083E007C084E005C085E003C0D5
:1075100086E001C08FEF2496CDBFDEBFDF91CF9113
:107520000895CF93DF9300D00F920F92CDB7DEB7BF
:1075300089839A836B837C834D832B8189819A8194
:10754000FC0126838B819C81892F9927982F9F701E
:107550008D818295807F292F282B89819A81FC013A
:10756000278300002596CDBFDEBFDF91CF91089520
:107570000F931F93CF93DF93CDB7DEB76997CDBF3E
:10758000DEBF8C879D874E875F87688B798B0A8BE0
:107590001B8B2C8B3D8B19821A828E859F85A88927
:1075A000B9898E8B9F8BA88FB98F6E897F89888DC3
:1075B000998D0E94EE398B838A899B89AC89BD891C
:1075C0008038E4E89E07EEE1AE07B105C1F48B8197
:1075D000882F90E0880F991F885E984F8887998739
:1075E00088859985FC0125913491CF012A873B87B5
:1075F000888799878A859B8589839A8323C08A890E
:107600009B89AC89BD898115F8E49F07F8EEAF0727
:10761000F1E0BF07B9F48B81882F90E0880F991FA4
:107620008A5D984F8C839D838C819D81FC0125917F
:107630003491CF012E833F838C839D838E819F81E4
:1076400089839A838B818F3F81F029818C859D85E9
:10765000DC0117962C93179789819A81892F992796
:10766000282F8C859D85FC01268300006996CDBF5F
:10767000DEBFDF91CF911F910F9108950F931F935C
:10768000CF93DF93CDB7DEB7AF97CDBFDEBF8E8B85
:107690009F8B488F598F6A8F7B8F0C8F1D8F2E8FFA
:1076A0003F8F8C8D9D8DAE8DBF8D689412F8B695F1
:1076B000A795979587951694D1F78E879F87A88B66
:1076C000B98B8C8D9D8DAE8DBF8D072E76E1B695D5
:1076D000A795979587957A95D1F7702D8A879B877F
:1076E000AC87BD878E899F89DC0114968C91149795
:1076F000882F90E0847099270097C1F48E859F852C
:10770000A889B989B695A795979587958E879F87FC
:10771000A88BB98B8A859B85AC85BD85B695A795C9
:10772000979587958A879B87AC87BD87488D598DAC
:107730006A8D7B8D8E859F85A889B98948175907E1
:107740006A077B0709F068F4488D598D6A8D7B8D37
:107750008A859B85AC85BD85481759076A077B07D5
:1077600010F480E067C18E899F89FC018481882F95
:1077700090E084709927009761F4888D998DAA8D87
:10778000BB8D880F991FAA1FBB1F888F998FAA8F47
:10779000BB8F8FEF90E0A0E0B0E08E839F83A8873F
:1077A000B9870C8D1D8D2E8D3F8D0CA71DA72EA783
:1077B0003FA7088D198D2A8D3B8D6CA57DA58EA5C3
:1077C0009FA5A90198010E947498DA01C9018A8BCA
:1077D0009B8BAC8BBD8B89EF898328C04A895B89E1
:1077E0006C897D898E819F81A885B9854817590745
:1077F0006A077B0700F18E819F81A885B985880F74
:10780000991FAA1FBB1F8E839F83A887B987898171
:107810008D3F4CF48E819F81A885B98581608E83D0
:107820009F83A887B98789818F5F89838981863003
:10783000A9F2A4F201C00000898188230CF09CC049
:10784000888D998DAA8DBB8D880F991FAA1FBB1F8C
:10785000880F991FAA1FBB1F880F991FAA1FBB1F44
:10786000AC01BD018C8D9D8DAE8DBF8D841B950BA4
:10787000A60BB70B8C8F9D8FAE8FBF8F89818E3FEC
:10788000D4F58981082E000C990B2DEF3FEF281BB2
:10789000390B8C8D9D8DAE8DBF8DAC01BD0104C0AB
:1078A000440F551F661F771F2A95D2F7888D998D33
:1078B000AA8DBB8DB695A795979587958A019B0153
:1078C000080F191F2A1F3B1F08A319A32AA33BA3B4
:1078D000088D198D2A8D3B8D68A179A18AA19BA164
:1078E000A90198010E947498DA01C9018A839B83D7
:1078F000AC83BD8384C08981082E000C990B9C0148
:107900002D5F3F4F888D998DAA8DBB8D04C0880F48
:10791000991FAA1FBB1F2A95D2F7888F998FAA8F0C
:10792000BB8F888D998DAA8DBB8DAC01BD017695DD
:107930006795579547958C8D9D8DAE8DBF8D8A012E
:107940009B01080F191F2A1F3B1F0CA31DA32EA369
:107950003FA3088D198D2A8D3B8D6CA17DA18EA131
:107960009FA1A90198010E947498DA01C9018A8334
:107970009B83AC83BD8343C08981082E000C990B87
:107980009C012D5F3F4F888D998DAA8DBB8D04C0C2
:10799000880F991FAA1FBB1F2A95D2F7888F998F2E
:1079A000AA8FBB8F888D998DAA8DBB8DAC01BD012F
:1079B00076956795579547958C8D9D8DAE8DBF8D2E
:1079C0008A019B01080F191F2A1F3B1F08A719A72F
:1079D0002AA73BA7088D198D2A8D3B8D68A579A50F
:1079E0008AA59BA5A90198010E947498DA01C90192
:1079F0000197A109B1098A839B83AC83BD838A81E6
:107A00009B81AC81BD81892F9A2FAB2FBB27982FEB
:107A10009F7089818295807F292F282B8E899F894D
:107A2000DC0117962C9317972A818E899F89FC0178
:107A3000268381E0AF96CDBFDEBFDF91CF911F914E
:107A40000F9108950F931F93CF93DF93CDB7DEB7B8
:107A50006097CDBFDEBF8B839C834D835E836F8336
:107A6000788709871A872B873C8789859A85AB8514
:107A7000BC85B695A795979587954D815E816F8159
:107A80007885481759076A077B0700F58D819E8125
:107A9000AF81B8858C019D01000F111F221F331F7C
:107AA00089859A85AB85BC858D879E87AF87B88B86
:107AB0006D857E858F859889A90198010E947498AB
:107AC000DA01C901019789839A8302C019821A8257
:107AD00089819A81892F9927282F2F708B819C81EA
:107AE000DC0117962C93179729818B819C81FC01CF
:107AF000268300006096CDBFDEBFDF91CF911F913E
:107B00000F910895CF93DF930F92CDB7DEB78FE338
:107B100090E0FC0180818983F89489810F90DF9146
:107B2000CF910895CF93DF930F92CDB7DEB78983BE
:107B30008FE390E02981FC01208300000F90DF910A
:107B4000CF910895CF93DF930F92CDB7DEB789839E
:107B50008981882F90E0BC0182E00E9446960F90B8
:107B6000DF91CF910895CF93DF9300D00F92CDB7DF
:107B7000DEB780E098E4A8EEB1E089839A83AB8316
:107B8000BC8369817A818B819C812496CDBFDEBFC5
:107B9000DF91CF910895CF93DF9300D000D000D034
:107BA000CDB7DEB719820E94B33D6A837B838C8395
:107BB0009D838981882F90E02A813B814C815D8162
:107BC00004C056954795379527958A95D2F7DA01DF
:107BD000C9018E839F83A887B9876E817F8188853D
:107BE00099852996CDBFDEBFDF91CF910895CF93C0
:107BF000DF93CDB7DEB72897CDBFDEBF0E94CB3D68
:107C000069837A838B839C8389819A81AB81BC81D0
:107C10008D839E83AF83B8876D817E818F819885A8
:107C20002896CDBFDEBFDF91CF910895CF93DF932C
:107C3000CDB7DEB72897CDBFDEBF0E94F73D698381
:107C40007A838B839C8389819A81AB81BC818D836C
:107C50009E83AF83B8876D817E818F8198852896BA
:107C6000CDBFDEBFDF91CF910895CF93DF9300D0DA
:107C70000F92CDB7DEB78A839B836C830E94823DCF
:107C800089838A819B81FC018081282F8C81882FA8
:107C900090E0880F991F880F991F822B282F8A81C7
:107CA0009B81FC01208389810E94923D00002496E3
:107CB000CDBFDEBFDF91CF910895CF93DF9300D08A
:107CC000CDB7DEB789839A836B8389819A81FC0162
:107CD00096818B8189230F900F900F90DF91CF9128
:107CE0000895CF93DF9300D0CDB7DEB789839A8311
:107CF0006B8389819A812B81FC01268300000F9080
:107D00000F900F90DF91CF910895CF93DF9300D024
:107D1000CDB7DEB789839A836B8389819A816B8122
:107D20000E945D3E982F8B818917B9F789819A81CE
:107D30006B810E94713E00000F900F900F90DF91B9
:107D4000CF910895CF93DF9300D0CDB7DEB78B836B
:107D50008B81882F90E082309105E9F18230910586
:107D600011F00CF051C0009721F081309105D1F055
:107D70004BC081E20E94A23D882F90E089839A83C4
:107D800089819A81982F882789839A8380E20E942B
:107D9000A23D882F90E029813A81822B932B898301
:107DA0009A8334C085E20E94A23D882F90E08983A7
:107DB0009A8389819A81982F882789839A8384E27C
:107DC0000E94A23D882F90E029813A81822B932B3B
:107DD00089839A831BC08FE20E94A23D882F90E086
:107DE00089839A8389819A81982F882789839A83A6
:107DF0008EE20E94A23D882F90E029813A81822B59
:107E0000932B89839A8302C019821A8289819A816D
:107E10000F900F900F90DF91CF9108950F931F93C4
:107E2000CF93DF93CDB7DEB76597CDBFDEBF888731
:107E300099874A875B876C877D870E94163E6E878D
:107E40007F87888B998B8E859F85A889B9898A833E
:107E50009B83AC83BD838A819B81AC81BD818A8BEE
:107E60009B8BAC8BBD8B0A851B852C853D856A89D8
:107E70007B898C899D89A90198010E947498DA01F7
:107E8000C9018E839F838E819F818430910509F083
:107E900010F4198239C08E819F818830910509F0D4
:107EA00018F481E0898330C08E819F8180319105F3
:107EB00009F018F482E0898327C08E819F81803287
:107EC000910509F018F483E089831EC08E819F819B
:107ED0008034910509F018F484E0898315C08E81FF
:107EE0009F818038910509F018F485E089830CC0E2
:107EF0008E819F818115A1E09A0709F018F486E030
:107F0000898302C087E08983888599852981FC015E
:107F1000248300006596CDBFDEBFDF91CF911F9116
:107F20000F910895CF93DF9300D00F920F92CDB7AA
:107F3000DEB789839A836B834C832D8389819A81F1
:107F4000FC018181282F297E89819A81FC0121836E
:107F500089819A81FC0191812C818B81822B292F2F
:107F6000282B89819A81FC01218389819A81FC01D6
:107F70008281282F2F7889819A81FC01228389812F
:107F80009A81FC0192818D81292F282B89819A81E8
:107F9000FC01228300002596CDBFDEBFDF91CF918B
:107FA0000895CF93DF9300D00F920F92CDB7DEB735
:107FB00089839A836B834C832D838B81882F90E0F8
:107FC0008530910509F49AC08530910511F00CF0C7
:107FD000BEC08430910509F468C08430910511F069
:107FE0000CF0B5C08330910509F449C08330910588
:107FF00011F00CF0ACC082309105D1F082309105C7
:1080000011F00CF0A4C0009721F08130910561F1CE
:108010009EC089819A81FC018181282F277F8981D7
:108020009A81FC01218389819A81FC0113828FC08E
:1080300089819A81FC018181282F277F89819A81FA
:10804000FC0121838D81882F90E0880F991F880F74
:10805000991F880F991F982F8C81892B282F898130
:108060009A81FC01238373C089819A81FC018181FB
:10807000282F286089819A81FC01218368C0898129
:108080009A81FC018181282F286089819A81FC01D5
:1080900021838C818150282F2295220F220F207C52
:1080A00089819A81FC01238352C089819A81FC01D4
:1080B0008181282F277F89819A81FC0121838C81EE
:1080C000882F90E0019700249695879507949695C0
:1080D00087950794982F802D282F8D81882F90E0E9
:1080E000880F991F880F991F880F991F822B856011
:1080F000282F89819A81FC01238329C089819A8153
:10810000FC018181282F277F89819A81FC012183AD
:108110008C81882F90E0019700249695879507948D
:10812000969587950794982F802D282F8D81882FDD
:1081300090E0880F991F880F991F880F991F822B35
:108140008660282F89819A81FC012383000000002A
:108150002596CDBFDEBFDF91CF910895CF93DF93FA
:108160000F92CDB7DEB789838981882F90E08F3F4A
:10817000910581F18F3F910509F074F580329105E9
:1081800009F0A4F4992344F18981882F90E0A0E0BC
:10819000B0E080329105A105B10509F0E8F4FC01D9
:1081A0008827EF5BFE458F4F0C949698803491059D
:1081B00079F012C08CE111C080E00FC084E00DC0E6
:1081C00088E00BC08CE009C080E107C084E105C0F5
:1081D00088E103C080E001C080E00F90DF91CF9183
:1081E0000895CF93DF9300D00F920F92CDB7DEB7F3
:1081F00089839A836B834C832D838B818F3081F0AD
:1082000078F089819A81FC0110828B818051282F1E
:10821000220F220F220F89819A81FC0121838BC0BA
:108220008C818A3079F489819A8121E0FC01208354
:108230008B81282F220F220F220F89819A81FC0126
:10824000218379C08C81833009F0B8F489819A81C7
:1082500022E0FC0120838B81882F90E0880F991FFA
:10826000880F991F880F991F982F8C81892B282F91
:1082700089819A81FC0121835EC08C81873009F05D
:10828000E0F48D810E94AE40282F236089819A817D
:10829000FC0120838B81882F90E0880F991F880F25
:1082A000991F880F991F982F8C818450892B282F14
:1082B00089819A81FC0121833EC08D818130E1F466
:1082C00089819A8122E0FC0120838B81882F90E0B4
:1082D000880F991F880F991F880F991F982F8C81DD
:1082E000883011F485E001C087E0892B282F89812F
:1082F0009A81FC0121831FC08D810E94AE40282FEE
:10830000236089819A81FC0120838B81882F90E0F2
:10831000880F991F880F991F880F991F982F8C819C
:10832000893011F484E001C085E0892B282F8981F0
:108330009A81FC01218300002596CDBFDEBFDF912D
:10834000CF910895CF93DF93CDB7DEB72897CDBFF8
:10835000DEBF8D839E836F8378878D819E8181159B
:1083600022E0920731F480E00E94A23E89839A8342
:108370000CC08D819E818034E2E09E0709F05BC0D5
:1083800081E00E94A23E89839A830E94823D8B8372
:108390008D819E810E944A498D819E81FC01808150
:1083A00081708C838D819E8122E0FC0120838D81F0
:1083B0009E8129813A81FC01248735878F819885A8
:1083C000FC01258136818D819E81FC01208F318FBA
:1083D0008F819885FC0122818D819E81FC01228301
:1083E0008F819885FC0124818D819E81FC012483ED
:1083F0008F819885FC0123818D819E81FC012383DF
:108400008F819885FC0121818D819E81FC012183D2
:108410008F819885FC0190818C81292F282B8D815B
:108420009E81FC0120838D819E810E947D498B81EC
:108430000E94923D01C000002896CDBFDEBFDF91B3
:10844000CF910895CF93DF9300D00F920F92CDB7C5
:10845000DEB78A839B836C837D830E94823D898300
:108460008A819B810E944A498A819B81FC0180818B
:10847000282F207C8C819D81FC0120838A819B8117
:10848000FC01208D318D8C819D81FC0125833683FB
:108490008A819B81FC0122818C819D81FC01228348
:1084A0008A819B81FC0124818C819D81FC01248334
:1084B0008A819B81FC0123818C819D81FC01238326
:1084C0008A819B81FC0121818C819D81FC0121831A
:1084D0008A819B810E947D4989810E94923D000092
:1084E0002596CDBFDEBFDF91CF910895CF93DF9367
:1084F000CDB7DEB72C97CDBFDEBF888799876A8757
:108500004B875C87888599858C839D838A858E833C
:108510001F828E81882F90E083709927009739F40D
:108520008F818E5F8F838E81869586958E838E81D7
:10853000882F90E081709927009719F48F818F5FC1
:108540008F838C819D819C01205E3F4F8F81882F7E
:1085500090E0880F991F880F991F880F991F820F2D
:10856000931F89839A830E94823D8B838885998596
:108570000E944A498B859C85FC01208189819A81D2
:10858000FC0120838B859C85FC01228189819A8155
:10859000FC0122838B859C85FC01218189819A8144
:1085A000FC0121838A85882F90E0817099270097AC
:1085B00041F08B859C85FC01238189819A81FC0196
:1085C0002683888599850E947D498B810E94923DF2
:1085D00000002C96CDBFDEBFDF91CF910895CF93E1
:1085E000DF93CDB7DEB72C97CDBFDEBF88879987E5
:1085F0006A874B875C87888599858C839D838A856C
:108600008E831F828E81882F90E083709927009738
:1086100039F48F818E5F8F838E81869586958E83C8
:108620008E81882F90E081709927009719F48F81AF
:108630008F5F8F838C819D819C01205E3F4F8F8156
:10864000882F90E0880F991F880F991F880F991F16
:10865000820F931F89839A830E94823D8B83888532
:1086600099850E944A4989819A81FC0120818B85E4
:108670009C85FC01208389819A81FC0122818B8564
:108680009C85FC01228389819A81FC0121818B8553
:108690009C85FC0121838A85882F90E08170992731
:1086A000009741F089819A81FC0126818B859C8508
:1086B000FC012383888599850E947D498B810E94D6
:1086C000923D00002C96CDBFDEBFDF91CF91089583
:1086D000CF93DF93CDB7DEB76097CDBFDEBF8C877A
:1086E0009D876E874F87288B8C859D859E012F5F88
:1086F0003F4FB9010E9422429E01285F3F4F8C8567
:108700009D85A9016E850E94EF42288940E060E0C6
:10871000CE0101960E94923F20E041E060E0CE0150
:1087200001960E94D13F40E45DE063E070E0CE013D
:1087300001960E940E3FCE01089621E04AE06F8527
:108740000E94F1408C859D859E012F5F3F4FB901AE
:108750000E94A2419E01285F3F4F8C859D85A90103
:108760006E850E9476428C859D850E94B2490000EC
:108770006096CDBFDEBFDF91CF910895CF93DF9399
:1087800000D000D000D0CDB7DEB78D839E836F833D
:10879000488759878D819E816F810E94353E8D81EA
:1087A0009E816F810E94853E8D819E8189839A83FF
:1087B0008F818B831C828B81882F90E08370992717
:1087C000009739F48C818E5F8C838B81869586959A
:1087D0008B838B81882F90E081709927009719F403
:1087E0008C818F5F8C8389819A819C01205E3F4FB1
:1087F0008C81882F90E0880F991F880F991F880F10
:10880000991F820F931FFC012481358188859985EA
:10881000FC012083318300002996CDBFDEBFDF91AC
:10882000CF9108952F923F924F925F926F927F92D5
:108830008F929F92AF92BF92CF92DF92EF92FF9270
:108840000F931F93CF93DF93CDB7DEB7C757D109EF
:10885000CDBFDEBF8B879C876D874E875F872E8558
:108860003F858B859C85A9016D850E94BE438BE762
:1088700090E089839A838E859F85FC018081918118
:108880009C01220F331F89819A81A901481B590B32
:10889000CA018C0120E030E040E050E0BA010B83D7
:1088A0001C832D833E834F83588769877A87AB80EB
:1088B000BC80CD80DE80EF80F88409851A852B810D
:1088C0003C814D815E816F81788589859A850E9482
:1088D000A998A22EB32EC42ED52EE62EF72E082F41
:1088E000192F2A2C3B2C4C2C5D2C6E2C7F2C802E8F
:1088F000912EA22CB32CC42CD52CE62CF72C082DB1
:10890000192D2A2D3B2D4C2D5D2D6E2D7F2D802F69
:10891000912F06E00E94609928AB39AB4AAB5BAB64
:108920006CAB7DAB8EAB9FABA8A8B9A8CAA8DBA8DF
:10893000ECA8FDA80EA91FA92A2D3B2D4C2D5D2DBD
:108940006E2D7F2D802F912FA22CB32CC42CD52CD3
:10895000E62CF72C082D192D0E949F99A22EB32EDC
:10896000C42ED52EE62EF72E082F192F2A2D3B2D9B
:108970004C2D5D2D6E2D7F2D802F912F02E00E94BA
:10898000609928AF39AF4AAF5BAF6CAF7DAF8EAFA8
:108990009FAFA8ACB9ACCAACDBACECACFDAC0EADD7
:1089A0001FAD2A2D3B2D4C2D5D2D6E2D7F2D802F43
:1089B000912FA22CB32CC42CD52CE62CF72C082DEF
:1089C000192D0E949F99222E332E442E552E662E4D
:1089D000772E882E992EAA24A3940F2EF0EEBF2E68
:1089E000F02DCC24CA94D12CE12CF12C00E010E025
:1089F000222D332D442D552D662D772D882D992D23
:108A00000E940399822E932EA42EB52EC62ED72E09
:108A1000E82EF92E888A998AAA8ABB8ACC8ADD8AAE
:108A2000EE8AFF8A5B8121965FAF21978C81229627
:108A30008FAF2297ED812396EFAF2397FE81249687
:108A4000FFAF24974F8125964FAF259758852696DF
:108A50005FAF2697898527968FAF2797EA85289657
:108A6000EFAF289721968FAC219722969FAC229743
:108A70002396AFAC23972496BFAC24972596CFAC12
:108A800025972696DFAC26972796EFAC2797289652
:108A9000FFAC2897282D392D4A2D5B2D6C2D7D2D6F
:108AA0008E2D9F2D02E00E94609929962FAF299765
:108AB0002A963FAF2A972B964FAF2B972C965FAFF6
:108AC0002C972D966FAF2D972E967FAF2E972F96C2
:108AD0008FAF2F9760969FAF609729968FAC29979D
:108AE0002A969FAC2A972B96AFAC2B972C96BFACAF
:108AF0002C972D96CFAC2D972E96DFAC2E972F96D8
:108B0000EFAC2F976096FFAC6097282D392D4A2D3A
:108B10005B2D6C2D7D2D8E2D9F2D2196AFAC219739
:108B20002296BFAC22972396CFAC23972496DFAC36
:108B300024972596EFAC25972696FFAC2697279687
:108B40000FAD279728961FAD28970E94969961969A
:108B50002FAF619762963FAF629763964FAF63976F
:108B600064965FAF649765966FAF659766967FAFC3
:108B7000669767968FAF679768969FAF689761967D
:108B80002FAD619762963FAD629763964FAD639745
:108B900064965FAD649765966FAD659766967FAD99
:108BA000669767968FAD679768969FAD689704E064
:108BB0000E946099822E932EA42EB52EC62ED72EFB
:108BC000E82EF92E282D392D4A2D5B2D6C2D7D2D6B
:108BD0008E2D9F2D6196AFAC61976296BFAC629768
:108BE0006396CFAC63976496DFAC64976596EFAC01
:108BF00065976696FFAC669767960FAD6797689620
:108C00001FAD68970E949F99822E932EA42EB52E99
:108C1000C62ED72EE82EF92E282D392D4A2D5B2D64
:108C20006C2D7D2D8E2D9F2D02E00E9460996996FE
:108C30002FAF69976A963FAF6A976B964FAF6B9766
:108C40006C965FAF6C976D966FAF6D976E967FAFBA
:108C50006E976F968FAF6F97A0969FAFA09769960C
:108C60008FAC69976A969FAC6A976B96AFAC6B971F
:108C70006C96BFAC6C976D96CFAC6D976E96DFAC73
:108C80006E976F96EFAC6F97A096FFACA097282DCC
:108C9000392D4A2D5B2D6C2D7D2D8E2D9F2D2196EE
:108CA000AFAC21972296BFAC22972396CFAC2397E7
:108CB0002496DFAC24972596EFAC25972696FFAC3B
:108CC000269727960FAD279728961FAD28970E94C5
:108CD0009F99222E332E442E552E662E772E882EC7
:108CE000992EAA24AA940F2EFFE0BF2EF02DC12C9E
:108CF000D12CE12CF12C00E010E0222D332D442D5D
:108D0000552D662D772D882D992D0E940399A22E21
:108D1000B32EC42ED52EE62EF72E082F192F2A2C6F
:108D20003B2C4C2C5D2C6E2C7F2C802E912E288978
:108D300039894A895B896C897D898E899F89A22CB2
:108D4000B32CC42CD52CE62CF72C082D192D0E9401
:108D50009F99288F398F4A8F5B8F6C8F7D8F8E8F75
:108D60009F8FAB80BC80CD80DE80EF80F88409854A
:108D70001A852B813C814D815E816F817885898543
:108D80009A850E94A998822E932EA42EB52EC62EC7
:108D9000D72EE82EF92E88A299A2AAA2BBA2CCA215
:108DA000DDA2EEA2FFA2AB80BC80CD80DE80EF8092
:108DB000F88409851A8528A139A14AA15BA16CA173
:108DC0007DA18EA19FA10E94A998822E932EA42EF0
:108DD000B52EC62ED72EE82EF92E88A699A6AAA6BD
:108DE000BBA6CCA6DDA6EEA6FFA688A499A4AAA43D
:108DF000BBA4CCA4DDA4EEA4FFA4282D392D4A2DBC
:108E00005B2D6C2D7D2D8E2D9F2D01E00E94609994
:108E1000A1962FAFA197A2963FAFA297A3964FAF6F
:108E2000A397A4965FAFA497A5966FAFA597A696B4
:108E30007FAFA697A7968FAFA797A8969FAFA89743
:108E4000A1968FACA197A2969FACA297A396AFAC28
:108E5000A397A496BFACA497A596CFACA597A696CA
:108E6000DFACA697A796EFACA797A896FFACA897FC
:108E7000282D392D4A2D5B2D6C2D7D2D8E2D9F2D6E
:108E8000A8A4B9A4CAA4DBA4ECA4FDA40EA51FA5A4
:108E90000E949699822E932EA42EB52EC62ED72EE2
:108EA000E82EF92E282D392D4A2D5B2D6C2D7D2D88
:108EB0008E2D9F2D02E00E946099A9962FAFA99751
:108EC000AA963FAFAA97AB964FAFAB97AC965FAF62
:108ED000AC97AD966FAFAD97AE967FAFAE97AF96AE
:108EE0008FAFAF97E0969FAFE097A9968FACA99709
:108EF000AA969FACAA97AB96AFACAB97AC96BFAC1B
:108F0000AC97AD96CFACAD97AE96DFACAE97AF96C3
:108F1000EFACAF97E096FFACE097282D392D4A2DA6
:108F20005B2D6C2D7D2D8E2D9F2DA8A4B9A4CAA4D8
:108F3000DBA4ECA4FDA40EA51FA50E949F99822E80
:108F4000932EA42EB52EC62ED72EE82EF92E282D20
:108F5000392D4A2D5B2D6C2D7D2D8E2D9F2D03E0FF
:108F60000E946099E1962FAFE197E2963FAFE297BA
:108F7000E3964FAFE397E4965FAFE497E5966FAF64
:108F8000E597E6967FAFE697E7968FAFE797E89687
:108F90009FAFE897E1968FACE197E2969FACE2979E
:108FA000E396AFACE397E496BFACE497E596CFAC1D
:108FB000E597E696DFACE697E796EFACE797E8969D
:108FC000FFACE897282D392D4A2D5B2D6C2D7D2D7A
:108FD0008E2D9F2DA8A4B9A4CAA4DBA4ECA4FDA443
:108FE0000EA51FA50E949699222E332E442E552E93
:108FF000662E772E882E992EAA24AA940F2EFFE291
:10900000BF2EF02DC12C0F2EFDEFDF2EF02D0F2ED9
:10901000FFE0EF2EF02DF12C00E010E0222D332D9B
:10902000442D552D662D772D882D992D0E9403995D
:10903000A22EB32EC42ED52EE62EF72E082F192FD2
:109040002A2C3B2C4C2C5D2C6E2C7F2C802E912EB0
:10905000288D398D4A8D5B8D6C8D7D8D8E8D9F8D8C
:10906000A22CB32CC42CD52CE62CF72C082D192DB2
:109070000E949F99822E932EA42EB52EC62ED72EF7
:10908000E82EF92E282D392D4A2D5B2D6C2D7D2DA6
:109090008E2D9F2D27533F4F4F4F5F4F6F4F7F4F69
:1090A0008F4F9F4F2B833C834D835E836F837887E5
:1090B00089879A872B813C818E859F85FC0120833F
:1090C00031830000C958DF4FCDBFDEBFDF91CF91A4
:1090D0001F910F91FF90EF90DF90CF90BF90AF90D6
:1090E0009F908F907F906F905F904F903F902F90C8
:1090F0000895CF93DF93CDB7DEB7E997CDBFDEBF3D
:1091000089879A876B874C875D872C853D85898504
:109110009A85A9016B850E94BE438C859D85DC01E3
:109120008D919C919C0140E050E02E8F3F8F48A391
:1091300059A36E8D7F8D88A199A10E944D976E874E
:109140007F87888B998B20E030EF4FE755E46E8561
:109150007F85888999890E94B9966AA37BA38CA38D
:109160009DA38AA19BA1ACA1BDA18A8B9B8BAC8B3B
:10917000BD8B20E030E044E050E46A897B898C8933
:109180009D890E94FF976EA37FA388A799A72EA110
:109190003FA148A559A52E8B3F8B488F598F23E3BC
:1091A00033E343ED5DE36E897F89888D998D0E945D
:1091B00050966AA77BA78CA79DA78AA59BA5ACA55F
:1091C000BDA589839A83AB83BC832BE33FED4FE43A
:1091D0005FE369817A818B819C810E9450966EA7A2
:1091E0007FA788AB99AB2EA53FA548A959A92A8F7F
:1091F0003B8F4C8F5D8F2DEB3AE347EC5AEB6A8D3A
:109200007B8D8C8D9D8D0E94B9966AAB7BAB8CABB0
:109210009DAB8AA99BA9ACA9BDA98D839E83AF8371
:10922000B8876D817E818F8198850E9421976EAB72
:109230007FAB88AF99AF2EA93FA98C859D85DC01B6
:109240002D933C9311970000E996CDBFDEBFDF91CF
:10925000CF910895CF93DF930F92CDB7DEB78FE311
:1092600090E0FC0180818983F89489810F90DF91DF
:10927000CF910895CF93DF930F92CDB7DEB7898357
:109280008FE390E02981FC01208300000F90DF91A3
:10929000CF910895CF93DF930F920F92CDB7DEB7A2
:1092A00089839A8389819A81811522E0920769F4E2
:1092B0008091953791E0980F909395378823B9F472
:1092C00062E081E00E94E55912C089819A81803470
:1092D00022E0920761F48091963791E0980F909385
:1092E0009637882321F462E082E00E94E55900006D
:1092F0000F900F90DF91CF910895CF93DF930F924E
:109300000F92CDB7DEB789839A8389819A818115BF
:1093100022E0920771F480919537815080939537C0
:10932000809195378823C1F462E081E00E940C5A55
:1093300013C089819A81803422E0920769F4809178
:10934000963781508093963780919637882321F401
:1093500062E082E00E940C5A00000F900F90DF91B3
:10936000CF910895CF93DF9300D0CDB7DEB78A8336
:109370009B830E942A4989838A819B810E944A4952
:109380008A819B81FC018081282F21608A819B81B9
:10939000FC01208389810E943A4900000F900F90C0
:1093A0000F90DF91CF910895CF93DF9300D0CDB789
:1093B000DEB78A839B830E942A4989838A819B81A5
:1093C000FC018081282F2E7F8A819B81FC012083D4
:1093D0008A819B810E947D4989810E943A490000CF
:1093E0000F900F900F90DF91CF910895CF93DF935F
:1093F0000F920F92CDB7DEB789839A8389819A81C4
:10940000811522E0920739F49091953781E09923F4
:1094100081F480E00EC089819A81803422E0920735
:1094200039F49091963781E0992319F480E001C0D6
:1094300080E00F900F90DF91CF910895CF93DF934D
:10944000CDB7DEB7000080E890E0FC018281882F74
:1094500090E08170992781309105A9F30000000008
:10946000DF91CF910895CF93DF93CDB7DEB780E83A
:1094700090E0FC018081882F90E08270992721E0A4
:109480008230910509F020E0822FDF91CF9108957D
:10949000CF93DF930F920F92CDB7DEB78A838A8185
:1094A000882F90E0880F991F880F991F282F2C7301
:1094B00080E890E0FC0180818270822B816089834A
:1094C000698180E890E00E9462980E941E4A000034
:1094D0000F900F90DF91CF910895CF93DF930F926C
:1094E0000F92CDB7DEB78A830E94334A982F81E06E
:1094F0008927882311F080E019C08A81882F90E0A5
:10950000880F991F880F991F282F2C7380E890E0EF
:10951000FC0181818270822B81608983698181E86D
:1095200090E00E9462980E941E4A81E00F900F9086
:10953000DF91CF910895CF93DF930F92CDB7DEB730
:1095400080E890E0FC0180818C7F81608983698163
:1095500080E890E00E94629800000F90DF91CF9128
:109560000895CF93DF930F92CDB7DEB780E890E0F8
:10957000FC0180818C7383608983698180E890E03D
:109580000E9462980E941E4A00000F90DF91CF91C6
:109590000895CF93DF930F92CDB7DEB70E94334A81
:1095A000982F81E08927882311F080E00DC080E8A2
:1095B00090E0FC0181818C7F81608983698181E8F1
:1095C00090E00E94629881E00F90DF91CF91089522
:1095D000CF93DF930F92CDB7DEB70E94334A982F17
:1095E00081E08927882311F080E00FC080E890E0B7
:1095F000FC0181818C7383608983698181E890E0BB
:109600000E9462980E941E4A81E00F90DF91CF91E4
:109610000895CF93DF930F92CDB7DEB783E08983B0
:10962000698180E890E00E9462980E941E4A8BE265
:109630008983698181E890E00E9462980E941E4AB5
:10964000A8950000FECFCF93DF93CDB7DEB780ECB7
:1096500091E0FC018785882F90E0807899278038F9
:109660009105A9F300000000DF91CF910895CF93F9
:10967000DF93CDB7DEB761E08BEC91E00E9462989A
:109680000000DF91CF910895CF93DF930F920F9257
:10969000CDB7DEB78A8380EC91E0FC0182858983B7
:1096A00080EC91E02A81FC01228761E08BEC91E063
:1096B0000E94629880EC91E02981FC0122870000E1
:1096C0000F900F90DF91CF910895CF93DF930F927A
:1096D000CDB7DEB789838981882F90E0BC0182E015
:1096E0000E9446960F90DF91CF910895CF93DF931C
:1096F0000F920F92CDB7DEB789839A8389819A81C1
:10970000BC0181E00E9446960F900F90DF91CF91AF
:109710000895CF93DF93CDB7DEB78CEC91E0FC01D9
:1097200020818CEC91E02860FC0120830000DF9117
:10973000CF910895CF93DF93CDB7DEB78CEC91E056
:10974000FC0120818CEC91E0277FFC01208300004C
:10975000DF91CF910895CF93DF9300D000D000D058
:10976000CDB7DEB76E837F83888799878E819F818F
:10977000A885B98589839A83AB83BC8389819A81C3
:10978000AB81BC81ABBFFC0187918D838D81299614
:10979000CDBFDEBFDF91CF910895CF93DF93CDB7DB
:1097A000DEB72A97CDBFDEBF6F83788789879A8718
:1097B0008F819885A985BA8589839A83AB83BC8379
:1097C00089819A81AB81BC81ABBFFC018791969165
:1097D0008D839E838D819E812A96CDBFDEBFDF91D2
:1097E000CF910895CF93DF93CDB7DEB72897CDBF44
:1097F000DEBF69837A838B839C830E94234B89819C
:109800009A81AB81BC818D839E83AF83B88744E20C
:109810006D817E818F8198851E94000000002896BE
:10982000CDBFDEBFDF91CF910895CF93DF93CDB74A
:10983000DEB72897CDBFDEBF69837A838B839C8395
:109840000E94234B89819A81AB81BC818D839E8349
:10985000AF83B88745E26D817E818F8198851E94A4
:10986000000000002896CDBFDEBFDF91CF910895A4
:10987000CF93DF93CDB7DEB70E94234B48E160E082
:1098800070E0CB011E9400000000DF91CF9108959D
:10989000CF93DF93CDB7DEB70E94234B4AE160E060
:1098A00070E0CB011E9400000000DF91CF9108957D
:1098B000CF93DF930F920F92CDB7DEB789839A8350
:1098C00088E00E94654B282F89819A81FC012083C2
:1098D00089E00E94654B282F89819A81FC012183B0
:1098E0008AE00E94654B282F89819A81FC0122839E
:1098F0008BE00E94654B282F89819A81FC0123838C
:109900008CE00E94654B282F89819A81FC01248379
:109910008DE00E94654B282F89819A81FC01258367
:1099200080E10E94654B282F89819A81FC01268362
:1099300082E10E94654B282F89819A81FC0127834F
:1099400083E10E94654B282F89819A81FC01208741
:1099500084E10E94654B282F89819A81FC0121872F
:1099600085E10E94654B282F89819A81FC0122871D
:1099700000000F900F90DF91CF910895CF93DF9368
:1099800000D0CDB7DEB78A839B830E94234B0E9411
:10999000894B8A819B81905FFC01808189830E9431
:1099A0009A4B89810F900F900F90DF91CF9108957E
:1099B000CF93DF9300D000D0CDB7DEB789839A83F1
:1099C0006B837C834D835E830E94234B0E94894B73
:1099D00089819A81905FBC012D813E818B819C8120
:1099E000A9010E94EE9A0E949A4B00002696CDBFD4
:1099F000DEBFDF91CF910895CF93DF9300D00F9218
:109A0000CDB7DEB78A839B836C8380EC91E0FC0149
:109A1000828589830E94944D0E94234B8A816C81A8
:109A20000E94AF4D80EC91E0FC0112828A819B8103
:109A3000292F332780EC91E0FC01218380EC91E019
:109A40002A81FC01208380EC91E025E3FC01228740
:109A50000E94374B80EC91E02981FC0122870000B5
:109A60002496CDBFDEBFDF91CF910895CF93DF93D2
:109A700000D000D0CDB7DEB789839A836B837C8317
:109A80004D835E8344C089819A818F7199270097A5
:109A900031F58D819E818F31910509F100F18B8126
:109AA0009C810E94CA4D89819A819695879592954D
:109AB00082958F7089279F7089270E94F14D898137
:109AC0009A81809689839A838B819C8180968B83EF
:109AD0009C838D819E8180978D839E8318C08B810E
:109AE0009C81FC01408189819A819C012F5F3F4FBD
:109AF00029833A83642F0E94FC4C8B819C810196C0
:109B00008B839C838D819E8101978D839E838D8124
:109B10009E81009709F0B7CF000000002696CDBFC8
:109B2000DEBFDF91CF910895CF93DF93CDB7DEB73E
:109B30000E94234B80EC91E0FC018785882F90E008
:109B400082709927009739F080EC91E026E3FC01C0
:109B500022870E94374B0000DF91CF910895CF9369
:109B6000DF930F920F92CDB7DEB789836A830E948D
:109B7000234B0E94894B8981882F90E0905F2A8136
:109B8000FC0120830E949A4B00000F900F90DF9100
:109B9000CF910895CF93DF9300D0CDB7DEB78A83FE
:109BA0009B830E94234B198210C08A819B81FC01F8
:109BB0008081682F89810E94AF4D8A819B810196A7
:109BC0008A839B8389818F5F898389818F3169F340
:109BD00060F3000000000F900F900F90DF91CF9185
:109BE0000895CF93DF9300D0CDB7DEB78B830E946B
:109BF000234B8B81882F90E0880F991F8295929537
:109C0000907F9827807F982789839A8380EC91E0C2
:109C1000FC01128289819A81292F332780EC91E0FF
:109C2000FC01218380EC91E02981FC01208385E304
:109C30000E94444B00000F900F900F90DF91CF9146
:109C40000895CF93DF9300D0CDB7DEB78B830E940A
:109C5000234B8B81882F90E0880F991F82959295D6
:109C6000907F9827807F982789839A8380EC91E062
:109C7000FC01128289819A81292F332780EC91E09F
:109C8000FC01218380EC91E02981FC01208384E3A5
:109C90000E94444B00000F900F900F90DF91CF91E6
:109CA0000895CF93DF930F920F92CDB7DEB78A83DB
:109CB0000E94944D0E94234B198207C06A818981BA
:109CC0000E94AF4D89818F5F898389818F31B1F384
:109CD000A8F3000000000F900F90DF91CF9108953E
:109CE000CF93DF9300D0CDB7DEB78B830E94234B99
:109CF0008B81882F90E0880F991F82959295907F95
:109D00009827807F982789839A8380EC91E0FC01D3
:109D1000128289819A81292F332780EC91E0FC01FE
:109D2000218380EC91E02981FC01208382E30E9461
:109D3000444B00000F900F900F90DF91CF9108954A
:109D4000CF93DF930F92CDB7DEB789838FEF0E9459
:109D5000514E89810E94704E00000F90DF91CF918B
:109D60000895CF93DF93CDB7DEB70E94234B80E3F6
:109D70000E94444B0000DF91CF910895CF93DF9371
:109D8000CDB7DEB78FEF0E94514E0E94B14E00005A
:109D9000DF91CF910895CF93DF9300D000D000D012
:109DA000CDB7DEB76A837B838C839D832E833F830D
:109DB0004887598780EC91E0FC018285898380EC9B
:109DC00091E02AE3FC01228780EC91E02A81FC01EA
:109DD00020838A819B81AC81BD81892F9A2FAB2FF3
:109DE000BB2720EC31E0F90181838A819B81AC8122
:109DF000BD81CD01AA27BB2720EC31E0F901828388
:109E000080EC91E02E81FC0124838E819F81A885C6
:109E1000B985892F9A2FAB2FBB2720EC31E0F901B0
:109E200085838E819F81A885B985CD01AA27BB270F
:109E300020EC31E0F901868361E08BEC91E00E9437
:109E4000629880EC91E02981FC012287000029962C
:109E5000CDBFDEBFDF91CF910895CF93DF93CDB714
:109E6000DEB76097CDBFDEBF6D837E838F8398871B
:109E700049875A872B873C878D819E81AF81B88522
:109E800089839A83AB83BC830E94234B28C089813A
:109E90009A81AB81BC818D879E87AF87B88B6D859A
:109EA0007E858F8598890E94AB4B282F89859A855E
:109EB000DC012C9389859A85019689879A87898107
:109EC0009A81AB81BC810196A11DB11D89839A83C2
:109ED000AB83BC838B859C8501978B879C878B8507
:109EE0009C850097A1F6000000006096CDBFDEBF04
:109EF000DF91CF910895CF93DF93CDB7DEB72A9747
:109F0000CDBFDEBF6B837C838D839E834F83588759
:109F100029873A878B819C81917089839A8318C0A5
:109F200089819A810E94764B282F8F819885FC0128
:109F300020838F81988501968F83988789819A8164
:109F4000019689839A8389859A85019789879A875B
:109F500089859A85009721F7000000002A96CDBFD9
:109F6000DEBFDF91CF9108950F931F93CF93DF93BF
:109F7000CDB7DEB76497CDBFDEBF688779878A87A4
:109F80009B874C875D872E873F87088B88859985BF
:109F90008B839C831D828CC019821A8281C0888920
:109FA0008823E9F08E010A5F1F4F89819A810E9400
:109FB000764BF801808389819A8101968E010A5F30
:109FC0001F4F0F5F1F4F0E94764BF80180838E81D9
:109FD0009F818F3F980739F081E08D8304C08FEF18
:109FE0009FEF8E839F838E859F850097F1F02B8155
:109FF0003C8189819A8128173907B9F48E859F851C
:10A0000001978E879F878B819C8101968B839C8390
:10A01000CE0106962C853D85F9012081FC01208327
:10A020008C859D8501968C879D878E859F85009761
:10A0300001F189819A8101962B813C81281739078A
:10A04000C1F48E859F8501978E879F878B819C8128
:10A0500001968B839C83CE01069601962C853D85C7
:10A06000F9012081FC0120838C859D8501968C87D8
:10A070009D872E813F8189819A81AC0160E070E0EB
:10A08000498B5A8B6B8B7C8BA90169897A898B8967
:10A090009C891E940F0089819A81029689839A83F4
:10A0A00089819A818F3F51E0950709F008F477CFB5
:10A0B0008E859F85009709F06FCF8D81882311F0E1
:10A0C0000E94384C0E94484C00006496CDBFDEBF11
:10A0D000DF91CF911F910F9108950F93CF93DF934D
:10A0E000CDB7DEB7A697CDBFDEBF6E877F87888BE3
:10A0F000998B4A8B5B8B2C8B3D8B0E8B8E859F8532
:10A10000A889B98988879987AA87BB87888599850F
:10A11000AA85BB8588279E7F8C839D83AE83BF8362
:10A12000D8C01B820E94234B19821A82A0C08E893C
:10A130008823C1F02C813D814E815F812F8F38A310
:10A1400049A35AA36F8D78A189A19AA10E94CD4BF2
:10A150008C879D878C859D858F3F980739F081E09E
:10A160008B8304C08FEF9FEF8C879D878C899D899F
:10A17000009751F1488559856A857B858C819D8141
:10A18000AE81BF81481759076A077B07E9F48C89BC
:10A190009D8901978C8B9D8B88859985AA85BB8528
:10A1A0000196A11DB11D88879987AA87BB87CE011B
:10A1B0000C962A893B89D9012C91FC0120838A893C
:10A1C0009B8901968A8B9B8B8C899D89009771F165
:10A1D0008C819D81AE81BF810196A11DB11D4885F5
:10A1E00059856A857B85481759076A077B07F1F40B
:10A1F0008C899D8901978C8B9D8B88859985AA85F3
:10A20000BB850196A11DB11D88879987AA87BB8749
:10A21000CE010C9601962A893B89D9012C91FC012B
:10A2200020838A899B8901968A8B9B8B8C859D854F
:10A230002C813D814E815F812BA33CA34DA35EA366
:10A24000AC016BA17CA18DA19EA11E940F008C81FD
:10A250009D81AE81BF810296A11DB11D8C839D831E
:10A26000AE83BF8389819A81029689839A8389818B
:10A270009A818F3F31E0930709F008F458CF8B8122
:10A280008823A1F08C819D81AE81BF819C01AD01AD
:10A290003250410951092F8B388F498F5A8F6F895E
:10A2A000788D898D9A8D0E94154C13C08C819D816B
:10A2B000AE81BF819C01AD013250410951092B8F04
:10A2C0003C8F4D8F5E8F6B8D7C8D8D8D9E8D0E9412
:10A2D000F24B8C899D89009709F023CF0000000084
:10A2E000A696CDBFDEBFDF91CF910F910895CF939A
:10A2F000DF930F92CDB7DEB789830E94234B80ECAA
:10A3000091E02981FC01208387E00E94444B80EC8E
:10A3100091E0FC0184810F90DF91CF910895CF935C
:10A32000DF9300D000D0CDB7DEB78A839B836C83E8
:10A330004D835E83198222C08C81882F90E0298111
:10A34000222F30E0022E02C0959587950A94E2F7FD
:10A3500081709927009779F08D819E81492F55272B
:10A360008981882F90E040962A813B81820F931F3C
:10A37000242FFC01208389818F5F89838981873025
:10A38000D9F2D0F28D819E81817099270097D1F00A
:10A390008D819E8182709927009739F08A819B81F7
:10A3A00005962C81FC01208306C08A819B8106963C
:10A3B0002C81FC0120838A819B8101962C81FC01E8
:10A3C000208306C08A819B8102962C81FC01208318
:10A3D00000002696CDBFDEBFDF91CF910895CF93C9
:10A3E000DF93CDB7DEB72897CDBFDEBF89839A83D1
:10A3F0006B837C834D835E832F83388789819A8129
:10A40000FC011082118289819A81FC0112821382DF
:10A4100089819A812D813E81FC0124833583898144
:10A420009A812F813885FC012683378389819A811F
:10A430002B813C81FC012087318700002896CDBF0D
:10A44000DEBFDF91CF910895CF93DF930F920F92EC
:10A45000CDB7DEB789839A8389819A81FC01108206
:10A46000118289819A81FC011282138200000F906F
:10A470000F90DF91CF910895CF93DF930F920F92BA
:10A48000CDB7DEB789839A8389819A81FC012281C5
:10A49000338189819A81FC01808191812817390754
:10A4A000A8F089819A81FC012681378189819A816E
:10A4B000FC0182819381281B390B89819A81FC01DF
:10A4C00080819181820F931F01970FC089819A81AA
:10A4D000FC012081318189819A81FC0182819381F3
:10A4E000A901481B590BCA0101970F900F90DF91EA
:10A4F000CF910895CF93DF930F920F92CDB7DEB730
:10A5000089839A8389819A81FC012281338189819F
:10A510009A81FC01808191812817390778F089811F
:10A520009A81FC012281338189819A81FC01808199
:10A530009181A901481B590BCA0113C089819A81D5
:10A54000FC012681378189819A81FC01808191817A
:10A55000281B390B89819A81FC0182819381820FAA
:10A56000931F0F900F90DF91CF910895CF93DF93BA
:10A570000F920F92CDB7DEB789839A8389819A8132
:10A58000FC012081318189819A81FC018281938142
:10A590002817390711F481E001C080E00F900F9077
:10A5A000DF91CF910895CF93DF930F920F92CDB7A4
:10A5B000DEB789839A8389819A81FC012281338164
:10A5C00089819A81FC018081918128173907D1F016
:10A5D000C8F089819A81FC012281338189819A8125
:10A5E000FC0180819181281B390B89819A81FC01B2
:10A5F0008681978101972817390710F081E016C0EE
:10A6000080E014C089819A81FC0120813181898197
:10A610009A81FC0182819381A901481B590BCA01CF
:10A620008130910511F481E001C080E00F900F901E
:10A63000DF91CF910895CF93DF9300D00F92CDB7E4
:10A64000DEB789839A836B837C8389819A81DC015D
:10A650001496ED91FC9189819A81DC0118962D91D7
:10A660003C9189819A81DC0114966D917C9189815C
:10A670009A81DC0112964D915C91649FC001659FA7
:10A68000900D749F900D1124820F931F2B813C819C
:10A69000AF01B9010E94EE9A89819A810E94D3523A
:10A6A000882309F189819A81FC01808191819C0133
:10A6B0002F5F3F4F89819A81DC012D933C938981E3
:10A6C0009A81FC012081318189819A81DC01169671
:10A6D0008D919C9117972817390728F089819A81C5
:10A6E000FC011082118289819A81DC0112968D9180
:10A6F0009C919C012F5F3F4F89819A81FC012283AD
:10A70000338389819A81DC0112962D913C911397B4
:10A7100089819A81FC01868197812817390738F051
:10A7200089819A81DC0112961D921C92139789816E
:10A730009A810E94D352882311F080E001C081E009
:10A740002496CDBFDEBFDF91CF910895CF93DF93E5
:10A7500000D00F92CDB7DEB789839A836B837C8359
:10A7600089819A810E94B652982F81E08927882397
:10A7700009F449C089819A81DC011496ED91FC911C
:10A7800089819A81DC0118962D913C9189819A8169
:10A79000DC0114966D917C9189819A81DC014D9147
:10A7A0005C91649FC001659F900D749F900D112472
:10A7B000280F391F8B819C81AF01B9010E94EE9A4D
:10A7C00089819A81FC01808191819C012F5F3F4F9B
:10A7D00089819A81DC012D933C9389819A81FC01C6
:10A7E0002081318189819A81DC0116968D919C911D
:10A7F00017972817390728F089819A81FC01108260
:10A80000118281E001C080E02496CDBFDEBFDF91E0
:10A81000CF910895CF93DF9300D00F92CDB7DEB7DD
:10A8200089839A836B837C8389819A81FC018481EB
:10A8300095818130910511F080E04FC089819A8126
:10A840000E947A529C018B819C818217930710F0A1
:10A8500080E043C089819A81FC01208131818B8114
:10A860009C81280F391F89819A81FC0186819781FB
:10A870002817390700F189819A81FC0120813181F3
:10A880008B819C81280F391F89819A81FC018681E7
:10A890009781A901481B590BCA018B839C8389812D
:10A8A0009A81FC01208531858B819C81820F931FC9
:10A8B000FC01808112C089819A81FC01208531854B
:10A8C00089819A81FC01408151818B819C81840F17
:10A8D000951F820F931FFC0180812496CDBFDEBFA0
:10A8E000DF91CF910895EF92FF920F931F93CF9333
:10A8F000DF9300D000D0CDB7DEB78D839E838D81EE
:10A900009E810E94B652982F81E08927882309F4FE
:10A910001CC112C18D819E81DC012D913C9111974A
:10A920008D819E81FC01828193812817390740F433
:10A930008D819E81DC0112968D919C91139704C0AC
:10A940008D819E810E947A528B839C838D819E8112
:10A95000FC018081918189839A8338C08D819E8199
:10A96000DC0118962D913C918D819E81FC016481C2
:10A97000758149815A81649FC001659F900D749FC4
:10A98000900D1124280F391F8D819E81DC011896AE
:10A990004D915C9189819A81FC0131978D819E81D5
:10A9A000DC0114966D917C91E69FC001E79F900DAC
:10A9B000F69F900D1124840F951FF9012081DC0171
:10A9C0002C9389819A81019689839A8329813A817E
:10A9D0008B819C812817390708F28D819E81FC01AB
:10A9E000208131818D819E81DC0112968D919C9117
:10A9F00013972817390709F008F46CC08D819E81E0
:10AA0000FC01008511858D819E81DC011896ED90F9
:10AA1000FC908D819E810E947A52AC014150510977
:10AA20008D819E81FC0124813581429FC001439F1D
:10AA3000900D529F900D11248E0D9F1DD8012C91C9
:10AA4000FC01208381E090E089839A8338C08D8166
:10AA50009E81DC0118962D913C918D819E81FC0197
:10AA60006481758149815A81649FC001659F900D01
:10AA7000749F900D1124280F391F8D819E81DC0158
:10AA800018964D915C9189819A81FC0131978D8155
:10AA90009E81DC0114966D917C91E69FC001E79F39
:10AAA000900DF69F900D1124840F951FF9012081C0
:10AAB000DC012C9389819A81019689839A838D8107
:10AAC0009E81FC018281938129813A81281739076F
:10AAD00008F4BDCF8D819E81DC0112968D919C91F1
:10AAE0001397009781F08D819E81FC018281938173
:10AAF0009C01215031098D819E81DC0112962D939C
:10AB00003C9313970CC08D819E810E947A529C01C8
:10AB1000215031098D819E81FC01228333838D81F7
:10AB20009E81DC018D919C919C01215031098D8188
:10AB30009E81FC01208331838D819E81DC018D917A
:10AB40009C911197009709F0E5CE00002696CDBFA5
:10AB5000DEBFDF91CF911F910F91FF90EF9008958D
:10AB60000F931F93CF93DF93CDB7DEB72A97CDBF57
:10AB7000DEBF8F83988769877A878F819885FC01EC
:10AB8000848195818130910519F080E090E068C062
:10AB900019821A8258C01B821C8281E090E08D834A
:10ABA0009E832EC029813A818B819C818901080F67
:10ABB000191F8F8198850E947A5208171907C0F4CF
:10ABC00029853A858B819C81820F931FFC0110811E
:10ABD00029813A818B819C81280F391F8F8198852B
:10ABE000B9010E940A54181731F01D821E8212C04A
:10ABF0001D821E820FC08B819C8101968B839C835A
:10AC000029853A858B819C81820F931FFC0180816D
:10AC1000882341F68B819C81009749F08D819E812C
:10AC20008130910521F489819A81019619C08B8127
:10AC30009C81009719F480E090E012C089819A818C
:10AC4000019689839A838F8198850E947A529C010C
:10AC500089819A818217930708F49DCF80E090E064
:10AC60002A96CDBFDEBFDF91CF911F910F9108953E
:10AC7000CF93DF93CDB7DEB72A97CDBFDEBF8D83ED
:10AC80009E836F83788749875A878D819E81FC01D7
:10AC9000848195818130910511F081E07EC08D81A4
:10ACA0009E810E947A528B839C838F819885FC01C0
:10ACB0008081918189839A8305C089819A810196D7
:10ACC00089839A8329813A818D819E81B9010E946D
:10ACD0000A548032A1F098F029813A818D819E81B9
:10ACE000B9010E940A548E3709F048F429813A814B
:10ACF0008D819E81B9010E940A548D3241F48B816D
:10AD00009C81019729813A8128173907B0F229815E
:10AD10003A818B819C812817390769F08F8198854A
:10AD200029813A81FC012083318305C089819A8180
:10AD3000019689839A8329813A818D819E81B90107
:10AD40000E940A54803299F090F029813A818D81D5
:10AD50009E81B9010E940A548E3709F040F48B811C
:10AD60009C81019729813A8128173907F8F22981B6
:10AD70003A818B819C812817390771F08F819885E2
:10AD8000FC018081918129813A81281B390B8985B9
:10AD90009A85FC012083318380E02A96CDBFDEBFF7
:10ADA000DF91CF910895CF93DF93CDB7DEB728978A
:10ADB000CDBFDEBF8D839E836F8378878D819E811B
:10ADC000FC01848195818130910521F48F819885E2
:10ADD000009711F481E06CC08D819E81FC01268179
:10ADE00037818D819E81FC0180819181A901481B61
:10ADF000590BCA0101978B839C838D819E81FC0135
:10AE0000228133818D819E81FC018081918128176F
:10AE1000390768F48D819E81FC01228133818B8109
:10AE20009C81820F931F019689839A8310C08D8124
:10AE30009E81FC01228133818D819E81FC01808174
:10AE40009181A901481B590BCA0189839A832981E1
:10AE50003A818F8198852817390710F481E028C03E
:10AE60002F8138858B819C812817390791F088F0D4
:10AE70002F8138858B819C81F901E81BF90BCF016B
:10AE80009C01215031098D819E81FC0120833183F9
:10AE90000EC08D819E81FC01208131818F8198853A
:10AEA000280F391F8D819E81FC012083318380E032
:10AEB0002896CDBFDEBFDF91CF910895CF93DF936A
:10AEC000CDB7DEB72C97CDBFDEBF8B879C878B8538
:10AED0009C85009731F08B859C850E94B652882313
:10AEE00011F081E0EAC019861A868B859C85FC01E9
:10AEF0008281938189839A838B859C85FC018281E1
:10AF000093818B839C83ABC08B859C85FC012085C2
:10AF1000318589819A81820F931FFC01808188305D
:10AF200021F18B819C81009749F48B859C85FC01E4
:10AF30008681978101978B839C8305C08B819C813F
:10AF400001978B839C8389819A81009749F48B8533
:10AF50009C85FC0186819781019789839A8305C02E
:10AF600089819A81019789839A831D821E821CC0E0
:10AF70008D819E8101968D839E8389859A85019618
:10AF800089879A8789819A81009749F48B859C8566
:10AF9000FC0186819781019789839A8305C0898105
:10AFA0009A81019789839A838B859C85FC012085F2
:10AFB000318589819A81820F931FFC0180818830BD
:10AFC00051F48B859C85FC018081918129813A8196
:10AFD0002817390769F61F82188617C089819A8158
:10AFE000009749F48B859C85FC01868197810197A8
:10AFF00089839A8305C089819A81019789839A837D
:10B000008F81988501968F8398872F8138858D81D0
:10B010009E812817390710F38B859C85FC012085BC
:10B02000318589819A81820F931FFC01808188304C
:10B03000B1F08B859C85FC012085318589819A81C1
:10B04000280F391F8B859C85FC01408551858B819C
:10B050009C81840F951FF9012081FC0120838B8541
:10B060009C85FC018081918129813A8128173907CB
:10B0700009F04ACF8B859C850E947A5296958795D8
:10B0800029853A852817390740F48B859C852B81C3
:10B090003C81FC01208331830FC08B859C85FC01A2
:10B0A000128213828B859C85FC01228133818B85E2
:10B0B0009C85FC012083318380E02C96CDBFDEBFD0
:10B0C000DF91CF9108950F931F93CF93DF93CDB767
:10B0D000DEB72B97CDBFDEBF8B839C836D834E8302
:10B0E0005F83288739870A871B878B819C8100971C
:10B0F00079F08A859B85009759F08B819C81FC01B2
:10B1000086819781288539852817390719F010F02D
:10B1100081E02CC019821A8221C02E813F81898151
:10B120009A81280F391F8B819C81B9010E940A5492
:10B13000982F8D81891769F42E813F8189819A81A9
:10B14000280F391F8A859B85FC012083318380E08D
:10B150000DC089819A81019689839A8329813A81D8
:10B160008885998528173907C0F281E02B96CDBFD5
:10B17000DEBFDF91CF911F910F910895CF93DF93A1
:10B1800000D000D000D0CDB7DEB78C839D836E8316
:10B190007F83488759878C819D81009721F08E811C
:10B1A0009F81009711F480E02EC019821A8223C07B
:10B1B0009E012D5F3F4F8C819D81B9010E94A65356
:10B1C000982F81E08927882311F081E01CC09E011F
:10B1D0002D5F3F4F8E819F81B9010E941B53982F95
:10B1E00081E08927882311F081E00DC089819A814F
:10B1F000019689839A8329813A81888599852817C0
:10B200003907B0F280E02996CDBFDEBFDF91CF9144
:10B210000895CF93DF930F92CDB7DEB78FE390E021
:10B22000FC0180818983F89489810F90DF91CF910F
:10B230000895CF93DF930F92CDB7DEB789838FE365
:10B2400090E02981FC01208300000F90DF91CF91D5
:10B250000895CF93DF930F920F92CDB7DEB78A8315
:10B260000E940959898380E590E0FC01308180E5E6
:10B2700090E02A81232BFC01208389810E941959A7
:10B2800000000F900F90DF91CF910895CF93DF933F
:10B290000F92CDB7DEB7898300000F90DF91CF9179
:10B2A0000895CF93DF930F920F92CDB7DEB78A83C5
:10B2B0000E940959898380E590E0FC018081982FE4
:10B2C0008A818095292F282380E590E0FC01208346
:10B2D00089810E94195900000F900F90DF91CF9142
:10B2E0000895CF93DF930F92CDB7DEB7898389811D
:10B2F000883021F089810E94295903C089810E94E8
:10B30000465900000F90DF91CF910895CF93DF93BE
:10B310000F92CDB7DEB7898380E590E0FC01918183
:10B320008981982381E0992309F480E00F90DF91CF
:10B33000CF910895CF93DF930F92CDB7DEB7898376
:10B34000000089810E948659982F81E089278823EF
:10B35000C1F7000000000F90DF91CF910895CF93C7
:10B36000DF9300D00F92CDB7DEB780E790E08983FE
:10B370009A831C821B820DC089819A819C012F5F58
:10B380003F4F29833A832FEFFC0120838B818F5F0E
:10B390008B838B81863081F378F382E00E94715930
:10B3A00082E00E949A59000061E080E490E00E94EF
:10B3B00062988C81882319F481E00E945159249667
:10B3C000CDBFDEBFDF91CF910895CF93DF9300D043
:10B3D000CDB7DEB78A836B830E94095989838A813E
:10B3E000882F90E080599F4FFC018081982F8B819E
:10B3F0008095292F28238A81882F90E080599F4F9C
:10B40000FC01208389810E94195900000F900F9040
:10B410000F90DF91CF910895CF93DF9300D0CDB7F8
:10B42000DEB78A836B830E94095989838A81882FBA
:10B4300090E080599F4FFC0130818A81882F90E0F5
:10B4400080599F4F2B81232BFC01208389810E94EF
:10B45000195900000F900F900F90DF91CF91089530
:10B460000F931F93CF93DF93CDB7DEB7A597CDBFD3
:10B47000DEBF8D8F9E8F6F8F78A349A35AA32BA316
:10B480000CA31DA38D8D9E8D009741F08F8D98A1EB
:10B49000009721F089A19AA1009711F481E00CC6D0
:10B4A0001F8A188E8D8D9E8D0E947A528F87988B61
:10B4B0008BA1882F90E00296898B9A8B8F85988933
:10B4C0009C01215031098D8D9E8DB9010E940A5435
:10B4D0008D3011F08989F0C58D8D9E8D0E945E574B
:10B4E0008D8D9E8D0E947A528F87988BAE01475E1C
:10B4F0005F4F9E01295E3F4F8D8D9E8DB9010E9449
:10B500003856882311F08989D7C519821A8271C0EB
:10B510001B821C822BC02F89388D8B819C81280F28
:10B52000391F8D8D9E8DB9010E940A54482F2981A3
:10B530003A81C901880F991F820F931F880F991FA5
:10B540009C0189A19AA1820F931FDC012D913C914E
:10B5500011978B819C81820F931FFC01808148177A
:10B5600041F58B819C8101968B839C83898D9A8D7B
:10B570002B813C8128173907E9F029813A81C901DB
:10B58000880F991F820F931F880F991F9C0189A113
:10B590009AA1820F931FDC012D913C9111978B8111
:10B5A0009C81820F931FFC018081882309F0B3CF17
:10B5B00001C0000029813A81C901880F991F820FBB
:10B5C000931F880F991F9C0189A19AA1820F931F35
:10B5D000DC012D913C9111978B819C81820F931FEF
:10B5E000FC018081882379F089819A810196898381
:10B5F0009A838BA1882F90E029813A8128173907F7
:10B6000008F486CF01C000001B821C8219C02F895C
:10B61000388D8B819C81280F391F8D8D9E8DB901AE
:10B620000E940A54282F8B819C818056974DDC0103
:10B630008C91281761F48B819C8101968B839C836C
:10B640008B819C818130910511F308F301C00000CA
:10B650008B819C8182309105D9F48D8D9E8D0E94C5
:10B660007A529C018D8D9E8DB9010E94D3568AE33A
:10B6700099E20E940F9B8BE599E2892F8F938BE5CE
:10B6800099E28F930E94F79A0F900F9080E014C573
:10B690001B821C8219C02F89388D8B819C81280FB9
:10B6A000391F8D8D9E8DB9010E940A54282F8B81E0
:10B6B0009C818D55974DFC018081281761F48B8109
:10B6C0009C8101968B839C838B819C818330910527
:10B6D00011F308F301C000008B819C818430910537
:10B6E000D9F48D8D9E8D0E947A529C018D8D9E8DF8
:10B6F000B9010E94D3568EE599E20E940F9B8BE51B
:10B7000099E2892F8F938BE599E28F930E94F79AA4
:10B710000F900F9080E0D0C42F89388D898D9A8D3D
:10B72000820F931F8B8F9C8F19861A861D861E860B
:10B730002DC4AE01475E5F4F9E01255E3F4F8D8D4C
:10B740009E8DB9010E943856898D9A8D009709F413
:10B750001CC48B8D9C8D9C01215031098D8D9E8D3B
:10B76000B9010E940A548D3289F48B8D9C8D9C0105
:10B77000225031098D8D9E8DB9010E940A548D325F
:10B7800029F481E090E08D839E8302C01D821E8299
:10B790001F821886BCC38D819E818130910509F07E
:10B7A0009CC01B821C8238C02B8D3C8D8B819C8160
:10B7B000280F391F8D8D9E8DB9010E940A54782F54
:10B7C00029813A81C901880F991F820F931F880F21
:10B7D000991F9C0189A19AA1820F931FDC011296E7
:10B7E0002D913C914F81588561E1649FC001659F17
:10B7F000900D1124820F931FFC01228133818B81D4
:10B800009C81820F931FDC018C917817B1F58B819D
:10B810009C8101968B839C83898D9A8D2B813C81A1
:10B820002817390759F129813A81C901880F991FD1
:10B83000820F931F880F991F9C0189A19AA1820FE3
:10B84000931FFC01228133814F81588561E1649F00
:10B85000C001659F900D1124820F931FDC01129689
:10B860002D913C9113978B819C81820F931FFC013A
:10B870008081882309F098CF01C0000029813A8196
:10B88000C901880F991F820F931F880F991F9C0170
:10B8900089A19AA1820F931FDC0112962D913C91F0
:10B8A0004F81588561E1649FC001659F900D11240F
:10B8B000820F931FFC01228133818B819C81820F37
:10B8C000931FDC018C91882319F41B861C8639C0D8
:10B8D00081E090E08B879C8734C08D819E810097AA
:10B8E00081F52B8D3C8D8D8D9E8DB9010E940A5462
:10B8F000782F29813A81C901880F991F820F931FE0
:10B90000880F991F9C0189A19AA1820F931FFC01A6
:10B91000228133814F81588561E1649FC001659F19
:10B92000900D1124820F931FDC0114968C911497B3
:10B93000781719F41B861C8604C081E090E08B8781
:10B940009C878B859C85009709F0DCC28D859E8540
:10B9500001968D879E878B8D9C8D8B8B9C8B898D83
:10B960009A8D8D8B9E8B2B8D3C8D898D9A8D820F20
:10B97000931F8B8F9C8FAE01475E5F4F9E01255EAC
:10B980003F4F8D8D9E8DB9010E9438561B821C82BF
:10B9900017C02B8D3C8D8B819C81280F391F8D8D7D
:10B9A0009E8DB9010E940A54282F8B819C81895653
:10B9B000984CFC0120838B819C8101968B839C8316
:10B9C000898D9A8D2B813C812817390720F4898D28
:10B9D0009A8D0097F1F68B819C818956984CDC01F9
:10B9E0001C92898D9A8D009769F08B8D9C8D9C019E
:10B9F000215031098D8D9E8DB9010E940A548D32DE
:10BA000009F04BC029813A81C901880F991F820F23
:10BA1000931F880F991F9C0189A19AA1820F931FE0
:10BA2000FC01228133814F81588561E1649FC0010F
:10BA3000659F900D1124A901480F591F29813A8152
:10BA4000C901880F991F820F931F880F991F9C01AE
:10BA500089A19AA1820F931FDC0112962D913C912E
:10BA60006F817885E1E1E69FC001E79F900D112489
:10BA7000280F391FFA0187819085A185B285F901C8
:10BA800085879687A787B08B8B899C898B8F9C8FA6
:10BA90008D899E89898F9A8F0AC229813A81C9012D
:10BAA000880F991F820F931F880F991F9C0189A1EE
:10BAB0009AA1820F931FDC0112962D913C9113974E
:10BAC0004F81588561E1649FC001659F900D1124ED
:10BAD000820F931FFC018681882309F06FC02981A2
:10BAE0003A81C901880F991F820F931F880F991FF0
:10BAF0009C0189A19AA1820F931FDC0112962D91BE
:10BB00003C914F81588561E1649FC001659F900D14
:10BB10001124820F931F0D96292F2F938F9386E860
:10BB200099E2892F8F9386E899E28F9387E997E3CB
:10BB3000892F8F9387E997E38F930E943B9B0F9008
:10BB40000F900F900F900F900F90009709F0AFC1DA
:10BB500029813A81C901880F991F820F931F880F8D
:10BB6000991F9C0189A19AA1820F931FFC01228138
:10BB700033814F81588561E1649FC001659F900DBD
:10BB80001124820F931F0D96292F2F938F938AE8EC
:10BB900099E2892F8F938AE899E28F9387E997E357
:10BBA000892F8F9387E997E38F930E943B9B0F9098
:10BBB0000F900F900F900F900F9079C129813A81CB
:10BBC000C901880F991F820F931F880F991F9C012D
:10BBD00089A19AA1820F931FDC0112962D913C91AD
:10BBE00013974F81588561E1649FC001659F900D57
:10BBF0001124820F931FFC0186818130B9F52981C0
:10BC00003A81C901880F991F820F931F880F991FCE
:10BC10009C0189A19AA1820F931FDC0112962D919C
:10BC20003C914F81588561E1649FC001659F900DF3
:10BC30001124820F931F0D96292F2F938F938AE83B
:10BC400099E2892F8F938AE899E28F9387E997E3A6
:10BC5000892F8F9387E997E38F930E943B9B0F90E7
:10BC60000F900F900F900F900F9021C129813A8172
:10BC7000C901880F991F820F931F880F991F9C017C
:10BC800089A19AA1820F931FFC01228133814F81E8
:10BC9000588561E1649FC001659F900D1124820F5A
:10BCA000931FDC0116968C911697823009F070C0B4
:10BCB00017C02B8D3C8D8B819C81280F391F8D8D5A
:10BCC0009E8DB9010E940A54282F8B819C81895630
:10BCD000984CFC0120838B819C8101968B839C83F3
:10BCE0008B819C8101978956984CDC018C918F3116
:10BCF000D1F0C8F08B819C8101978956984CFC014A
:10BD000080818E3709F078F48B819C810197895668
:10BD1000984CDC018C91873231F08B819C81883189
:10BD2000910539F230F28B819C8101978956984CAC
:10BD3000FC0110828B819C81FC01319768E977E3DB
:10BD400029813A81C901880F991F820F931F880F9B
:10BD5000991F9C0189A19AA1820F931FDC01129661
:10BD60002D913C914F815885A1E1A49FC001A59FD1
:10BD7000900D1124820F931FDC011B968D919C91D5
:10BD8000AF010E94EE9A8B819C81898F9A8F8FC020
:10BD900029813A81C901880F991F820F931F880F4B
:10BDA000991F9C0189A19AA1820F931FFC012281F6
:10BDB00033814F81588561E1649FC001659F900D7B
:10BDC0001124820F931FDC0116968C9116978330F5
:10BDD00009F06DC029813A81C901880F991F820F2E
:10BDE000931F880F991F9C0189A19AA1820F931F0D
:10BDF000FC01228133814F81588561E1649FC0013C
:10BE0000659F900D1124820F931F0D96292F2F935C
:10BE10008F938DE899E2892F8F938DE899E28F9324
:10BE200087E997E3892F8F9387E997E38F930E94A0
:10BE30003B9B0F900F900F900F900F900F900097DB
:10BE4000B1F529813A81C901880F991F820F931F8B
:10BE5000880F991F9C0189A19AA1820F931FDC0171
:10BE600012962D913C914F81588561E1649FC001EC
:10BE7000659F900D1124820F931F0D96292F2F93EC
:10BE80008F938AE899E2892F8F938AE899E28F93BA
:10BE900087E997E3892F8F9387E997E38F930E9430
:10BEA0003B9B0F900F900F900F900F900F90298158
:10BEB0003A81C901880F991F820F931F880F991F1C
:10BEC0009C0189A19AA1820F931FFC0122813381D9
:10BED0004F81588561E1649FC001659F900D1124D9
:10BEE000820F931FDC018D919C91FC011995282FE5
:10BEF0008CA19DA1DC018C91280F8CA19DA1FC013E
:10BF000020831FC08F81988501968F839887298110
:10BF10003A81C901880F991F820F931F880F991FBB
:10BF20009C0189A19AA1820F931FDC0114968C9128
:10BF30001497882F90E02F8138852817390708F447
:10BF40002ACC29813A81C901880F991F820F931F3A
:10BF5000880F991F9C0189A19AA1820F931FFC0150
:10BF60008481882F90E02F8138852817390721F4A4
:10BF700081E090E089879A872B8D3C8D898D9A8D01
:10BF8000820F931F8B8F9C8F01C000008BA1882F85
:10BF900090E029813A8128173907C1F08B8D9C8D5B
:10BFA0002F853889281B390B4B8D5C8DBE01655E52
:10BFB0007F4F8D8D9E8D8B016DE20E94635888238B
:10BFC00029F489859A85009709F4B3CB8BA1882F32
:10BFD00090E029813A812817390741F48F859889A3
:10BFE000009721F083E999E20E940F9B89859A8549
:10BFF000009721F083E999E20E940F9B8D8D9E8D21
:10C000000E947A529C018D8D9E8DB9010E94D3565B
:10C010008F859889009769F48BE599E2892F8F9332
:10C020008BE599E28F930E94F79A0F900F9080E032
:10C0300043C089859A850097E9F48BA1882F90E009
:10C0400029813A8128173907A9F08F8598890097A7
:10C0500089F08D859E85009769F08BE599E2892F9F
:10C060008F938BE599E28F930E94F79A0F900F9030
:10C0700080E022C08D859E850097E1F429813A8178
:10C08000C901880F991F820F931F880F991F9C0168
:10C0900089A19AA1820F931FDC018D919C9124E0CC
:10C0A00030E04DE066EB79E20E942661882311F4CE
:10C0B00080E002C089818F5FA596CDBFDEBFDF9192
:10C0C000CF911F910F910895CF93DF93CDB7DEB736
:10C0D0002F97CDBFDEBF8E879F878E859F85009768
:10C0E00011F481E083C085E0E6EBF9E2DE0115960C
:10C0F00001900D928A95E1F71A861B868E859F85A1
:10C100000E947A528B839C838B819C819C0121505D
:10C1100031098E859F85B9010E940A548D3011F036
:10C1200081E064C08E859F850E945E578E859F85C5
:10C130000E947A528B839C83AE01445F5F4F9E01C5
:10C14000265F3F4F8E859F85B9010E943856882310
:10C1500011F081E04BC019821A821CC02A853B85F0
:10C1600089819A81280F391F8E859F85B9010E9488
:10C170000A54482F9E012B5F3F4F89819A81820F7D
:10C18000931FFC0180814817C1F489819A8101962F
:10C1900089839A838C859D8529813A81281739075F
:10C1A00069F09E012B5F3F4F89819A81820F931F17
:10C1B000FC018081882391F601C000008E859F8557
:10C1C0000E947A529C018E859F85B9010E94D356A8
:10C1D0009E012B5F3F4F89819A81820F931FFC0143
:10C1E0008081882311F480E001C081E02F96CDBFCB
:10C1F000DEBFDF91CF910895CF93DF930F920F921F
:10C20000CDB7DEB789839A8389819A81009731F00F
:10C2100089819A810E94B652882311F081E011C071
:10C2200089819A810E947A529C0121503109898129
:10C230009A81B9010E940A548D3011F081E001C049
:10C2400080E00F900F90DF91CF910895CF93DF930F
:10C2500000D000D000D0CDB7DEB78B839C836D8338
:10C260007E834F832887398719821A8217C02B81D2
:10C270003C8189819A81820F931FFC0140812D812D
:10C280003E8189819A81820F931FFC01808148172A
:10C2900019F589819A81019689839A8329813A8146
:10C2A0008885998528173907C0F42B813C818981BD
:10C2B0009A81820F931FFC0180819F81981769F0FA
:10C2C0002D813E8189819A81820F931FFC0180819B
:10C2D0009F81981761F601C000002B813C81898104
:10C2E0009A81820F931FFC0180819F81981721F111
:10C2F0002D813E8189819A81820F931FFC0180816B
:10C300009F819817C9F029813A81888599852817D6
:10C310003907A1F42B813C8189819A81820F931F77
:10C32000FC0140812D813E8189819A81820F931F7A
:10C33000FC018081481711F480E001C081E029965A
:10C34000CDBFDEBFDF91CF910895CF93DF93CDB7FF
:10C35000DEB76497CDBFDEBF898B6A8B7B8B4C8B3E
:10C360008C898823E9F48989882F90E0880F991FA8
:10C370008353994E89839A8389819A81FC012591FF
:10C380003491CF012B833C8389839A838B819C8159
:10C390009C018A899B8943E650E0B9010E94DF9A9B
:10C3A0008C898130E9F48989882F90E0880F991F62
:10C3B0008D52974F8D839E838D819E81FC012591A7
:10C3C0003491CF012F8338878D839E838F81988509
:10C3D0009C018A899B8943E650E0B9010E94DF9A5B
:10C3E0008C898330E9F48989882F90E0880F991F20
:10C3F0008D52974F89879A8789859A85FC01259167
:10C400003491CF012B873C8789879A878B859C85C0
:10C410009C018A899B8943E650E0B9010E94DF9A1A
:10C420008C898230E9F48989882F90E0880F991FE0
:10C430008D5A984D8D879E878D859E85FC0125910F
:10C440003491CF012F87388B8D879E878F85988970
:10C450009C018A899B8943E650E0B9010E94DF9ADA
:10C4600000006496CDBFDEBFDF91CF910895CF93DA
:10C47000DF93CDB7DEB7C55AD109CDBFDEBFFE0110
:10C48000EF55FF4F8083CE018E559F4FFC01608397
:10C49000CE018D559F4FFC0140835183CE018B55BA
:10C4A0009F4FFC012083CE018B559F4FFC01808163
:10C4B000882309F094C1CE018F559F4FFC018081E4
:10C4C000882331F5CE018E559F4FFC018081882F46
:10C4D00090E0880F991F8F56934E89A39AA389A144
:10C4E0009AA1FC0125913491CF012BA33CA389A3F0
:10C4F0009AA38BA19CA19C01CE018D559F4FFC015D
:10C500008081918143E650E0B9010E94DF9A67C1C2
:10C51000CE018F559F4FFC018081813031F5CE01D6
:10C520008E559F4FFC018081882F90E0880F991FC6
:10C5300083569F4D8D8F9E8F8D8D9E8DFC012591F5
:10C540003491CF012F8F38A38D8F9E8F8F8D98A11F
:10C550009C01CE018D559F4FFC018081918143E666
:10C5600050E0B9010E94DF9A3AC1CE018F559F4F2A
:10C57000FC018081823031F5CE018E559F4FFC0148
:10C580008081882F90E0880F991F875E9E4D898F4C
:10C590009A8F898D9A8DFC0125913491CF012B8F33
:10C5A0003C8F898F9A8F8B8D9C8D9C01CE018D55F0
:10C5B0009F4FFC018081918143E650E0B9010E94C8
:10C5C000DF9A0DC1CE018F559F4FFC0180818330D2
:10C5D00031F5CE018E559F4FFC018081882F90E070
:10C5E000880F991F8C5F9D4D8D8B9E8B8D899E89A9
:10C5F000FC0125913491CF012F8B388F8D8B9E8B31
:10C600008F89988D9C01CE018D559F4FFC018081B3
:10C61000918143E650E0B9010E94DF9AE0C0CE016B
:10C620008F559F4FFC018081843031F5CE018E55AE
:10C630009F4FFC018081882F90E0880F991F8A5DB1
:10C640009B4D898B9A8B89899A89FC01259134911C
:10C65000CF012B8B3C8B898B9A8B8B899C899C017E
:10C66000CE018D559F4FFC018081918143E650E0C2
:10C67000B9010E94DF9AB3C0CE018F559F4FFC01D4
:10C680008081853031F5CE018E559F4FFC01808130
:10C69000882F90E0880F991F83589B4D8D879E8728
:10C6A0008D859E85FC0125913491CF012F87388B94
:10C6B0008D879E878F8598899C01CE018D559F4FD0
:10C6C000FC018081918143E650E0B9010E94DF9A2C
:10C6D00086C0CE018F559F4FFC018081863031F599
:10C6E000CE018E559F4FFC018081882F90E0880FEE
:10C6F000991F87569B4D89879A8789859A85FC0162
:10C7000025913491CF012B873C8789879A878B8528
:10C710009C859C01CE018D559F4FFC0180819181AC
:10C7200043E650E0B9010E94DF9A59C0CE018F550F
:10C730009F4FFC018081873031F5CE018E559F4F90
:10C74000FC018081882F90E0880F991F8E549B4DAB
:10C750008D839E838D819E81FC0125913491CF0133
:10C760002F8338878D839E838F8198859C01CE018E
:10C770008D559F4FFC018081918143E650E0B901C6
:10C780000E94DF9A2CC0CE018F559F4FFC01808103
:10C79000883029F5CE018E559F4FFC018081882F6E
:10C7A00090E0880F991F83529B4D89839A838981DA
:10C7B0009A81FC0125913491CF012B833C8389839D
:10C7C0009A838B819C819C01CE018D559F4FFC01EA
:10C7D0008081918143E650E0B9010E94DF9ACE0149
:10C7E0008B559F4FFC018081813009F0C7C1CE017C
:10C7F0008F559F4FFC018081882309F03BC0CE01FB
:10C800008E559F4FFC018081882F90E0880F991FE3
:10C810009C012855344FCE018B5B9F4FFC01208338
:10C820003183CE018B5B9F4FFC0180819181FC01A4
:10C8300045915491CF019E01295B3F4FF9014083FF
:10C8400051839E012B5B3F4FF90180839183CE0181
:10C85000895B9F4FFC01808191819C01CE018D55A8
:10C860009F4FFC018081918143E650E0B9010E9415
:10C87000DF9A84C1CE018F559F4FFC0180818130AA
:10C8800009F03BC0CE018E559F4FFC018081882F5F
:10C8900090E0880F991F9C012E5C304FCE018F5B7A
:10C8A0009F4FFC0120833183CE018F5B9F4FFC01A2
:10C8B00080819181FC0145915491CF019E012D5BB6
:10C8C0003F4FF901408351839E012F5B3F4FF90198
:10C8D00080839183CE018D5B9F4FFC01808191818C
:10C8E0009C01CE018D559F4FFC018081918143E6D3
:10C8F00050E0B9010E94DF9A41C1CE018F559F4F90
:10C90000FC018081823069F5CE018E559F4FFC017C
:10C910008081882F90E0880F991F8452904F8DAFAF
:10C920009EAF8DAD9EADFC0145915491CF019E010E
:10C93000215C3F4FF901408351838DAF9EAFCE0103
:10C94000CF96FC01808191819C01CE018D559F4F36
:10C95000FC018081918143E650E0B9010E94DF9A99
:10C960000DC1CE018F559F4FFC018081843031F580
:10C97000CE018E559F4FFC018081882F90E0880F5B
:10C98000991F82539C4E89AF9AAF89AD9AADFC0135
:10C9900025913491CF012BAF3CAF89AF9AAF8BADCE
:10C9A0009CAD9C01CE018D559F4FFC0180819181F2
:10C9B00043E650E0B9010E94DF9AE0C0CE018F55F6
:10C9C0009F4FFC018081853031F5CE018E559F4F00
:10C9D000FC018081882F90E0880F991F81529B4E27
:10C9E0008DAB9EAB8DA99EA9FC0125913491CF0101
:10C9F0002FAB38AF8DAB9EAB8FA998AD9C01CE010C
:10CA00008D559F4FFC018081918143E650E0B90133
:10CA10000E94DF9AB3C0CE018F559F4FFC018081E9
:10CA2000863031F5CE018E559F4FFC018081882FD5
:10CA300090E0880F991F865F9A4E89AB9AAB89A9BF
:10CA40009AA9FC0125913491CF012BAB3CAB89AB6A
:10CA50009AAB8BA99CA99C01CE018D559F4FFC01DF
:10CA60008081918143E650E0B9010E94DF9A86C03F
:10CA7000CE018F559F4FFC018081883031F5CE016A
:10CA80008E559F4FFC018081882F90E0880F991F61
:10CA9000875D9A4E8DA79EA78DA59EA5FC01259129
:10CAA0003491CF012FA738AB8DA79EA78FA598A94A
:10CAB0009C01CE018D559F4FFC018081918143E601
:10CAC00050E0B9010E94DF9A59C0CE018F559F4FA7
:10CAD000FC018081873031F5CE018E559F4FFC01DE
:10CAE0008081882F90E0880F991F8F5B9A4E89A7CD
:10CAF0009AA789A59AA5FC0125913491CF012BA76E
:10CB00003CA789A79AA78BA59CA59C01CE018D5512
:10CB10009F4FFC018081918143E650E0B9010E9462
:10CB2000DF9A2CC0CE018F559F4FFC018081893048
:10CB300029F5CE018E559F4FFC018081882F90E012
:10CB4000880F991F84599A4E8DA39EA38DA19EA1F3
:10CB5000FC0125913491CF012FA338A78DA39EA36B
:10CB60008FA198A59C01CE018D559F4FFC0180811E
:10CB7000918143E650E0B9010E94DF9ACE018B55C6
:10CB80009F4FFC018081833009F059C2CE018F553F
:10CB90009F4FFC018081882309F03BC0CE018E5558
:10CBA0009F4FFC018081882F90E0880F991F9C0186
:10CBB0002855344FCE0187599F4FFC012083318384
:10CBC000CE0187599F4FFC0180819181FC014591E5
:10CBD0005491CF019E0125593F4FF9014083518364
:10CBE0009E0127593F4FF90180839183CE018559DA
:10CBF0009F4FFC01808191819C01CE018D559F4FFB
:10CC0000FC018081918143E650E0B9010E94DF9AE6
:10CC100016C2CE018F559F4FFC018081813009F0F3
:10CC20003BC0CE018E559F4FFC018081882F90E044
:10CC3000880F991F9C012E5C304FCE018B599F4F5E
:10CC4000FC0120833183CE018B599F4FFC018081F1
:10CC50009181FC0145915491CF019E0129593F4F8B
:10CC6000F901408351839E012B593F4FF901808385
:10CC70009183CE0189599F4FFC01808191819C0154
:10CC8000CE018D559F4FFC018081918143E650E09C
:10CC9000B9010E94DF9AD3C1CE018F559F4FFC018D
:10CCA0008081823009F03BC0CE018E559F4FFC0140
:10CCB0008081882F90E0880F991F9C012452304F6B
:10CCC000CE018F599F4FFC0120833183CE018F59B4
:10CCD0009F4FFC0180819181FC0145915491CF01CE
:10CCE0009E012D593F4FF901408351839E012F59D9
:10CCF0003F4FF90180839183CE018D599F4FFC01F5
:10CD0000808191819C01CE018D559F4FFC018081D6
:10CD1000918143E650E0B9010E94DF9A90C1CE01B3
:10CD20008F559F4FFC018081843009F03BC0CE01BC
:10CD30008E559F4FFC018081882F90E0880F991FAE
:10CD40009C0122533C4ECE01835A9F4FFC0120830D
:10CD50003183CE01835A9F4FFC0180819181FC0178
:10CD600045915491CF019E01215A3F4FF9014083D3
:10CD700051839E01235A3F4FF90180839183CE0155
:10CD8000815A9F4FFC01808191819C01CE018D557C
:10CD90009F4FFC018081918143E650E0B9010E94E0
:10CDA000DF9A4DC1CE018F559F4FFC0180818530A8
:10CDB00009F03BC0CE018E559F4FFC018081882F2A
:10CDC00090E0880F991F9C0121523B4ECE01875A5B
:10CDD0009F4FFC0120833183CE01875A9F4FFC0176
:10CDE00080819181FC0145915491CF019E01255A8A
:10CDF0003F4FF901408351839E01275A3F4FF9016C
:10CE000080839183CE01855A9F4FFC01808191815F
:10CE10009C01CE018D559F4FFC018081918143E69D
:10CE200050E0B9010E94DF9A0AC1CE018F559F4F91
:10CE3000FC018081863009F03BC0CE018E559F4FAA
:10CE4000FC018081882F90E0880F991F9C01265F4C
:10CE50003A4ECE018B5A9F4FFC0120833183CE0185
:10CE60008B5A9F4FFC0180819181FC014591549127
:10CE7000CF019E01295A3F4FF901408351839E0102
:10CE80002B5A3F4FF90180839183CE01895A9F4FDE
:10CE9000FC01808191819C01CE018D559F4FFC0149
:10CEA0008081918143E650E0B9010E94DF9AC7C0BA
:10CEB000CE018F559F4FFC018081883009F03BC027
:10CEC000CE018E559F4FFC018081882F90E0880F06
:10CED000991F9C01275D3A4ECE018F5A9F4FFC014E
:10CEE00020833183CE018F5A9F4FFC018081918135
:10CEF000FC0145915491CF019E012D5A3F4FF901FC
:10CF0000408351839E012F5A3F4FF90180839183C3
:10CF1000CE018D5A9F4FFC01808191819C01CE01F1
:10CF20008D559F4FFC018081918143E650E0B9010E
:10CF30000E94DF9A84C0CE018F559F4FFC018081F3
:10CF4000873009F03BC0CE018E559F4FFC01808198
:10CF5000882F90E0880F991F9C012F5B3A4ECE01DD
:10CF6000835B9F4FFC0120833183CE01835B9F4F06
:10CF7000FC0180819181FC0145915491CF019E017A
:10CF8000215B3F4FF901408351839E01235B3F4F5B
:10CF9000F90180839183CE01815B9F4FFC018081E9
:10CFA00091819C01CE018D559F4FFC018081918123
:10CFB00043E650E0B9010E94DF9A41C0CE018F558F
:10CFC0009F4FFC0180818930D1F5CE018E559F4F56
:10CFD000FC018081882F90E0880F991F9C012459C3
:10CFE0003A4ECE01875B9F4FFC0120833183CE01F7
:10CFF000875B9F4FFC0180819181FC014591549199
:10D00000CF019E01255B3F4FF901408351839E0173
:10D01000275B3F4FF90180839183CE01855B9F4F52
:10D02000FC01808191819C01CE018D559F4FFC01B7
:10D030008081918143E650E0B9010E94DF9ACE01E0
:10D040008B559F4FFC018081823009F065C3CE0172
:10D050008F559F4FFC018081882309F03BC0CE0192
:10D060008E559F4FFC018081882F90E0880F991F7B
:10D070009C01245C374DCE0183569F4FFC012083D9
:10D080003183CE0183569F4FFC0180819181FC0149
:10D0900045915491CF019E0121563F4FF9014083A4
:10D0A00051839E0123563F4FF90180839183CE0126
:10D0B00081569F4FFC01808191819C01CE018D554D
:10D0C0009F4FFC018081918143E650E0B9010E94AD
:10D0D000DF9A22C3CE018F559F4FFC0180818130A2
:10D0E00009F03BC0CE018E559F4FFC018081882FF7
:10D0F00090E0880F991F9C012E5B374DCE0187561B
:10D100009F4FFC0120833183CE0187569F4FFC0146
:10D1100080819181FC0145915491CF019E0125565A
:10D120003F4FF901408351839E0127563F4FF9013C
:10D1300080839183CE0185569F4FFC018081918130
:10D140009C01CE018D559F4FFC018081918143E66A
:10D1500050E0B9010E94DF9ADFC2CE018F559F4F88
:10D16000FC018081823009F03BC0CE018E559F4F7B
:10D17000FC018081882F90E0880F991F9C0128571F
:10D18000374DCE018B569F4FFC0120833183CE015A
:10D190008B569F4FFC0180819181FC0145915491F8
:10D1A000CF019E0129563F4FF901408351839E01D3
:10D1B0002B563F4FF90180839183CE0189569F4FB3
:10D1C000FC01808191819C01CE018D559F4FFC0116
:10D1D0008081918143E650E0B9010E94DF9A9CC2B0
:10D1E000CE018F559F4FFC018081833009F03BC0F9
:10D1F000CE018E559F4FFC018081882F90E0880FD3
:10D20000991F9C012257374DCE018F569F4FFC012D
:10D2100020833183CE018F569F4FFC018081918105
:10D22000FC0145915491CF019E012D563F4FF901CC
:10D23000408351839E012F563F4FF9018083918394
:10D24000CE018D569F4FFC01808191819C01CE01C2
:10D250008D559F4FFC018081918143E650E0B901DB
:10D260000E94DF9A59C2CE018F559F4FFC018081E9
:10D27000843009F03BC0CE018E559F4FFC01808168
:10D28000882F90E0880F991F9C01285D364DCE01B4
:10D2900083579F4FFC0120833183CE0183579F4FDB
:10D2A000FC0180819181FC0145915491CF019E0147
:10D2B00021573F4FF901408351839E0123573F4F30
:10D2C000F90180839183CE0181579F4FFC018081BA
:10D2D00091819C01CE018D559F4FFC0180819181F0
:10D2E00043E650E0B9010E94DF9A16C2CE018F5585
:10D2F0009F4FFC018081853009F03BC0CE018E55E7
:10D300009F4FFC018081882F90E0880F991F9C011E
:10D310002556354DCE0187579F4FFC012083318321
:10D32000CE0187579F4FFC0180819181FC0145917F
:10D330005491CF019E0125573F4FF90140835183FE
:10D340009E0127573F4FF90180839183CE01855776
:10D350009F4FFC01808191819C01CE018D559F4F93
:10D36000FC018081918143E650E0B9010E94DF9A7F
:10D37000D3C1CE018F559F4FFC018081863009F0CB
:10D380003BC0CE018E559F4FFC018081882F90E0DD
:10D39000880F991F9C012053354DCE018B579F4F0D
:10D3A000FC0120833183CE018B579F4FFC0180818C
:10D3B0009181FC0145915491CF019E0129573F4F26
:10D3C000F901408351839E012B573F4FF901808320
:10D3D0009183CE0189579F4FFC01808191819C01EF
:10D3E000CE018D559F4FFC018081918143E650E035
:10D3F000B9010E94DF9A90C1CE018F559F4FFC0169
:10D400008081873009F03BC0CE018E559F4FFC01D3
:10D410008081882F90E0880F991F9C012454334D00
:10D42000CE018F579F4FFC0120833183CE018F5750
:10D430009F4FFC0180819181FC0145915491CF0166
:10D440009E012D573F4FF901408351839E012F5775
:10D450003F4FF90180839183CE018D579F4FFC018F
:10D46000808191819C01CE018D559F4FFC0180816F
:10D47000918143E650E0B9010E94DF9A4DC1CE018F
:10D480008F559F4FFC018081883009F03BC0CE0151
:10D490008E559F4FFC018081882F90E0880F991F47
:10D4A0009C012053324DCE0183589F4FFC012083B5
:10D4B0003183CE0183589F4FFC0180819181FC0113
:10D4C00045915491CF019E0121583F4FF90140836E
:10D4D00051839E0123583F4FF90180839183CE01F0
:10D4E00081589F4FFC01808191819C01CE018D5517
:10D4F0009F4FFC018081918143E650E0B9010E9479
:10D50000DF9A0AC1CE018F559F4FFC01808189307F
:10D5100009F03BC0CE018E559F4FFC018081882FC2
:10D5200090E0880F991F9C012451324DCE018758FD
:10D530009F4FFC0120833183CE0187589F4FFC0110
:10D5400080819181FC0145915491CF019E01255824
:10D550003F4FF901408351839E0127583F4FF90106
:10D5600080839183CE0185589F4FFC0180819181FA
:10D570009C01CE018D559F4FFC018081918143E636
:10D5800050E0B9010E94DF9AC7C0CE018F559F4F6E
:10D59000FC0180818A3009F03BC0CE018E559F4F3F
:10D5A000FC018081882F90E0880F991F9C01215EEB
:10D5B000314DCE018B589F4FFC0120833183CE012A
:10D5C0008B589F4FFC0180819181FC0145915491C2
:10D5D000CF019E0129583F4FF901408351839E019D
:10D5E0002B583F4FF90180839183CE0189589F4F7B
:10D5F000FC01808191819C01CE018D559F4FFC01E2
:10D600008081918143E650E0B9010E94DF9A84C095
:10D61000CE018F559F4FFC0180818B3009F03BC0BC
:10D62000CE018E559F4FFC018081882F90E0880F9E
:10D63000991F9C01295F314DCE018F589F4FFC01EE
:10D6400020833183CE018F589F4FFC0180819181CF
:10D65000FC0145915491CF019E012D583F4FF90196
:10D66000408351839E012F583F4FF901808391835E
:10D67000CE018D589F4FFC01808191819C01CE018C
:10D680008D559F4FFC018081918143E650E0B901A7
:10D690000E94DF9A41C0CE018F559F4FFC018081CF
:10D6A0008C30D1F5CE018E559F4FFC018081882FA3
:10D6B00090E0880F991F9C01265B314DCE01835964
:10D6C0009F4FFC0120833183CE0183599F4FFC0182
:10D6D00080819181FC0145915491CF019E01215996
:10D6E0003F4FF901408351839E0123593F4FF90178
:10D6F00080839183CE0181599F4FFC01808191816C
:10D700009C01CE018D559F4FFC018081918143E6A4
:10D7100050E0B9010E94DF9A0000CB55DF4FCDBF2A
:10D72000DEBFDF91CF910895CF93DF93CDB7DEB702
:10D73000CB56D109CDBFDEBFFE01E959FF4F808333
:10D740009183CE0187599F4FFC016083CE0186599A
:10D750009F4FFC014083CE0185599F4FFC012083E0
:10D760008BEB99E20E940F9B8AE090E00E94099B5C
:10D7700085EE99E20E940F9B8AE090E00E94099B4F
:10D780001B821C8222E6CE010596FC01322F1192EB
:10D790003A95E9F7198242C18981282F30E0C90101
:10D7A000880F991F820F931F880F991F9C01CE012C
:10D7B00089599F4FFC0180819181820F931FFC0149
:10D7C00080819181292F2F938F938FEE99E2892F5A
:10D7D0008F938FEE99E28F930E94F79A0F900F909C
:10D7E0000F900F90CE0186599F4FFC0180818130B0
:10D7F00029F58981282F30E0C901880F991F820FF0
:10D80000931F880F991F9C01CE0189599F4FFC01DE
:10D8100080819181820F931FFC015581CE01855932
:10D820009F4F9E012D5F3F4FFC014081B901852F25
:10D830000E94A561CE0103960E940F9B8981282F2B
:10D8400030E0C901880F991F820F931F880F991F1D
:10D850009C01CE0189599F4FFC0180819181820FEB
:10D86000931FFC018481882329F48AE090E00E94C0
:10D87000099BD1C01A82B6C0CE0186599F4FFC01C8
:10D880008081813021F489E090E00E94099B8981A8
:10D89000282F30E0C901880F991F820F931F880F2E
:10D8A000991F9C01CE0189599F4FFC018081918174
:10D8B000820F931FFC01228133818A81482F50E01F
:10D8C00061E1649FC001659F900D1124820F931F39
:10D8D000FC01628173818981282F30E0C901880FA2
:10D8E000991F820F931F880F991F9C01CE018959A0
:10D8F0009F4FFC0180819181820F931FFC01228147
:10D9000033818A81482F50E0E1E1E49FC001E59F27
:10D91000900D1124820F931FFC018481882F90E0C9
:10D92000272F2F93262F2F93292F2F938F9385EF18
:10D9300099E2892F8F9385EF99E28F930E94F79A4E
:10D940000F900F900F900F900F900F90CE0186596F
:10D950009F4FFC018081813009F041C08981282FCF
:10D9600030E0C901880F991F820F931F880F991FFC
:10D970009C01CE0189599F4FFC0180819181820FCA
:10D98000931FFC01228133818A81482F50E061E19D
:10D99000649FC001659F900D1124820F931FFC01AD
:10D9A0003581CE0185599F4FAE014D5F5F4FFC0120
:10D9B0002081632F89810E943762CE010396292F2F
:10D9C0002F938F938EEF99E2892F8F938EEF99E2A9
:10D9D0008F930E94F79A0F900F900F900F908A816B
:10D9E0008F5F8A838981282F30E0C901880F991FB2
:10D9F000820F931F880F991F9C01CE0189599F4F59
:10DA0000FC0180819181820F931FFC0184819A81A6
:10DA1000981708F431CF89818F5F8983CE018759A8
:10DA20009F4F2981FC018081281708F4B5CE8AE038
:10DA300090E00E94099B80E0C559DF4FCDBFDEBF5B
:10DA4000DF91CF91089580E0089580E0089580E00F
:10DA5000089580E0089580E0089580E0089580E0D2
:10DA6000089580E0089580E0089580E0089580E0C2
:10DA7000089580E0089580E0089580E0089580E0B2
:10DA8000089580E0089580E0089580E0089580E0A2
:10DA9000089580919123909192232091B2373091F3
:10DAA000B337821B930B01968093B2379093B337B1
:10DAB00080E008951092B2371092B33780E0089555
:10DAC00080E0089580913C2390913D23A0913E23D6
:10DAD000B0913F2381309105A105B10529F485E07E
:10DAE0008093402280E008950297A105B105D1F707
:10DAF00086E0F6CF80E0089580E0089580E0089504
:10DB000080E0089580E0089580E0089580E0089521
:10DB100080E0089580E00895CF93DF93FC01A09109
:10DB2000BA37B091BB371C9292E011969C93119733
:10DB300012962D913C91139781E0E901888312960A
:10DB40002D913C911397E901198212962D913C91E8
:10DB50001397E9019A8312968D919C911397EC018A
:10DB60001B8212968D919C91139723E0EC012C83DC
:10DB700012968D919C9113972FEFEC012D8386E0E7
:10DB800014968C9314974091BC375091BD3780E127
:10DB9000EA0189831C8280819181EC01E881F9810D
:10DBA000BD01199580E0DF91CF9108950F931F93E8
:10DBB000CF93DF938B01A091BE37B091BF371C92FA
:10DBC00091E011969C9311971296ED91FC91139709
:10DBD000808314969C9314974091C0375091C1371D
:10DBE00080E1EA0189839C8380917837909179372D
:10DBF000EC01E881F981BD011995E091C037F09100
:10DC0000C1370280F381E02D8081F801808380E0BC
:10DC1000DF91CF911F910F910895CF93DF93E09102
:10DC2000C837F091C93726813781232B31F14091D4
:10DC3000C4375091C537A091C237B091C3371C92F9
:10DC400092E011969C93119714969C9314971296B8
:10DC5000ED91FC91139780831296ED91FC911397AF
:10DC600087E081838091C8379091C937EC01E881C2
:10DC7000F981BD01DF91CF911994DF91CF91089582
:10DC80008091B3378F938091B2378F938EE59FE267
:10DC90009F938F930E94F79A8091B2379091B337F8
:10DCA00001968093B2379093B3370F900F900F90F7
:10DCB0000F9080E00895809193001F928F938BE1E5
:10DCC00092E39F938F930E94F79A0F900F900F907B
:10DCD0000F9080E00895CF93DF9300D00F92CDB7DF
:10DCE000DEB72091EC3F3091ED3F2115310511F465
:10DCF00024EF3FE3CE010196821B930B1F921F92EC
:10DD00009F938F9383E09AE29F938F930E94F79A59
:10DD10000F900F900F900F900F900F9080E024962F
:10DD2000CDBFDEBFDF91CF910895809160209091AB
:10DD30006120A0916220B0916320AC01BD014150EF
:10DD4000510961097109443651056105710558F49D
:10DD5000AC01BD01405151096109710941355105BD
:10DD600061057105F8F488E19AE29F938F930E9410
:10DD7000F79A809163208F93809162208F93809196
:10DD800061208F93809160208F9380E29AE29F932D
:10DD90008F930E94F79A8DB79EB708968DBF9EBF4E
:10DDA00081E0089581369105A105B10540F08156C5
:10DDB000910991E001C0990F8A95EAF7892F809324
:10DDC000722880E0089580E39AE29F938F930E94E7
:10DDD000F79A0F900F9080E0089580E39AE29F9366
:10DDE0008F930E94F79A0F900F9080E008958CE433
:10DDF0009AE29F938F930E94F79A0F900F9080E082
:10DE000008958CE49AE29F938F930E94F79A0F9063
:10DE10000F9080E008952F923F924F925F926F9201
:10DE20007F928F929F92AF92BF92CF92DF92EF92AA
:10DE3000FF920F931F93CF93DF93082F7B01809363
:10DE40007228C12CD12C282E312C11E080E1B82E63
:10DE500092E0792E29EB822E2AE2922EC1010C2C1F
:10DE600002C0959587950A94E2F780FFCBC081E0C8
:10DE700090E00C2C02C0880F991F0A94E2F780935F
:10DE800072289F938F9388E69AE29F938F930E94C4
:10DE9000F79AA091BA37B091BB371C9211961C9398
:10DEA00011971296ED91FC911397C3E0C0831496DD
:10DEB0001C9314974091BC375091BD37FA01B18241
:10DEC0001483E70188819981EC01E881F981BD0122
:10DED00019954091BC375091BD37DA011296ED91FA
:10DEE000FC914080A091BA37B091BB371C9211963B
:10DEF0001C9311971296ED91FC91139770821496D2
:10DF00001C931497EA01B9821C83F70180819181E7
:10DF1000EC01E881F981BD0119954091BC37509120
:10DF2000BD37DA011296ED91FC91A080A091BA372D
:10DF3000B091BB371C9211961C9311971296ED91DC
:10DF4000FC911397108214961C931497EA01B982DE
:10DF50001C83F70180819181EC01E881F981BD0189
:10DF600019954091BC375091BD37DA011296ED9169
:10DF7000FC915080A091BA37B091BB371C9211969A
:10DF80001C9311971296ED91FC91139710831496A0
:10DF90001C931497EA01B9821C83F7018081918157
:10DFA000EC01E881F981BD011995E091BC37F09150
:10DFB000BD370280F381E02D60801F92AF92E9E7C8
:10DFC000FAE2FF93EF930E94F79A1F924F928DE827
:10DFD0009AE29F938F930E94F79A1F925F92C2EAF0
:10DFE000DAE2DF93CF930E94F79A1F926F929F928B
:10DFF0008F920E94F79A009372288DB79EB744962D
:10E000008DBF9EBF9FEFC91AD90AA4E0CA16D104DA
:10E0100009F024CF80E0DF91CF911F910F91FF9005
:10E02000EF90DF90CF90BF90AF909F908F907F90B8
:10E030006F905F904F903F902F900895EF92FF92D6
:10E040000F931F93E0E9F0E08081E180F2801F925E
:10E050008F9301ED1AE21F930F930E94F79A1F927C
:10E06000EF921F930F930E94F79A1F92FF921F93B4
:10E070000F930E94F79A8AE090E00E94099B8DB767
:10E080009EB70C968DBF9EBF80E01F910F91FF90B1
:10E09000EF9008950E941E7080E008950E94009005
:10E0A00080E00895EF92FF920F931F930FE511E226
:10E0B000F80183818F9382818F9381818F938081F7
:10E0C0008F9386ED9AE29F938F930E94F79A80E751
:10E0D000E82E81E2F82EF70183818F9382818F935E
:10E0E00081818F9380818F9381EE9AE29F938F93AA
:10E0F0000E94F79AF70160817181F80180810E9486
:10E10000D38F8DB79EB70C968DBF9EBF80E01F91B9
:10E110000F91FF90EF9008958091392690913A26C3
:10E12000A0913B26B0913C26AC01BD014150510964
:10E1300061097109443651056105710558F4AC0156
:10E14000BD01405151096109710941355105610510
:10E15000710530F48DEE9AE20E940F9B81E00895E4
:10E1600081369105A105B10540F08156910991E0F4
:10E1700001C0990F8A95EAF7892F8093722880E071
:10E18000089584EF9AE20E940F9B80E0089584EF47
:10E190009AE20E940F9B80E0089584EF9AE20E9429
:10E1A0000F9B80E0089580917C2790917D27A0911E
:10E1B0007E27B0917F270A97A105B10520F08DEE4B
:10E1C0009AE20E940F9B80E00895809190249091A4
:10E1D0009124A0919224B0919324AC01BD014150AF
:10E1E000510961097109443651056105710558F4F9
:10E1F000AC01BD0140515109610971094135510519
:10E200006105710530F48DEE9AE20E940F9B81E06A
:10E21000089581369105A105B10540F08156910917
:10E2200091E001C0990F8A95EAF7892F80937228AF
:10E2300080E0089589E09BE20E940F9B80E00895B2
:10E2400089E09BE20E940F9B80E008958091A025C9
:10E250009091A125A091A225B091A3258038910588
:10E26000A105B10530F08DEE9AE20E940F9B80E08F
:10E2700008950E940D6EFBCF89E09BE20E940F9BE8
:10E2800080E0089580915D2490915E24A0915F24A8
:10E29000B0916024AC01BD0141505109610971097F
:10E2A000443651056105710558F4AC01BD0140517A
:10E2B000510961097109413551056105710530F454
:10E2C0008DEE9AE20E940F9B81E0089581369105C0
:10E2D000A105B10540F08156910991E001C0990F67
:10E2E0008A95EAF7892F8093722880E008958091BB
:10E2F00072289FEF980F9F3080F08DEE9AE20E9477
:10E300000F9B809172289FEF980F9F3068F08DEEE1
:10E310009AE20E940F9B80E008956CE777E30E94E9
:10E320000B6F882371F3E9CF6CEC77E30E940B6FDE
:10E33000882389F3ECCF80916F2390917023A09173
:10E340007123B0917223AC01BD01415051096109A3
:10E350007109443651056105710558F4AC01BD01E0
:10E360004051510961097109413551056105710536
:10E3700030F48DEE9AE20E940F9B81E00895813681
:10E380009105A105B10540F08156910991E001C0C8
:10E39000990F8A95EAF7892F8093722880E0089573
:10E3A00080914E2290914F22A0915022B091512203
:10E3B000AC01BD0141505109610971094436510553
:10E3C0006105710558F4AC01BD0140515109610965
:10E3D0007109413551056105710530F48DEE9AE200
:10E3E0000E940F9B81E0089581369105A105B1053A
:10E3F00040F08156910991E001C0990F8A95EAF7A2
:10E40000892F8093722880E008958091722881502E
:10E410008F3020F08DEE9AE20E940F9B80E00895ED
:10E4200089E09BE20E940F9B80E0089580911A2270
:10E4300090911B22A0911C22B0911D22AC01BD0124
:10E440004150510961097109443651056105710551
:10E4500058F4AC01BD0140515109610971094135C0
:10E4600051056105710530F48DEE9AE20E940F9B13
:10E4700081E0089581369105A105B10540F08156EE
:10E48000910991E001C0990F8A95EAF7892F80934D
:10E49000722880E008956091722880911A239091EB
:10E4A0001B23A0911C23B0911D23892B8A2B8B2B1E
:10E4B00029F081E00E946D9380E0089580E0FACF1A
:10E4C000CF93DF9300D00F92CDB7DEB78091D720E6
:10E4D0009091D820A091D920B091DA2089839A8395
:10E4E000AB83BC83BC01CD010E945D9280E0249689
:10E4F000CDBFDEBFDF91CF9108951F9310914E21C4
:10E500001F921F938BE29BE29F938F930E94F79A37
:10E510001F921F9387E39BE29F938F930E94F79A2A
:10E520008DB79EB708968DBF9EBF133061F150F432
:10E53000113009F452C01230C1F18FEF9BE20E94FA
:10E540000F9B1EC01430C9F783E49BE20E940F9B0F
:10E5500021E030E047E060E070E08CE20E947992D8
:10E5600023E030E040E061E070E08EE20E947992CA
:10E5700021E030E046E061E070E08CE20E947992B8
:10E5800080E01F91089581E79BE20E940F9B21E0AC
:10E5900030E047E060E070E08CE20E94799223E096
:10E5A00030E040E060E070E0E0CF81EA9BE20E9472
:10E5B0000F9B21E030E046E060E070E08CE20E94DA
:10E5C000799223E030E04BE060E070E08DE20E9461
:10E5D000799221E030E047E0CECF81ED9BE20E94CE
:10E5E0000F9B21E030E046E060E070E08CE20E94AA
:10E5F000799223E030E04BE061E070E0E7CF0F93E9
:10E600001F9301E811E2F80183818F9382818F9338
:10E6100081818F9380818F9386E29CE29F938F9379
:10E620000E94F79AF801608171812FE330E048E0A1
:10E630008CE20E947992F80183818F9382818F937B
:10E6400081818F9380818F9388E39CE29F938F9346
:10E650000E94F79AF801608171812FE330E040E079
:10E660008DE20E9479928DB79EB70C968DBF9EBFAA
:10E6700080E01F910F9108952091E72130E0609193
:10E68000A3217091A4214091F82180915F210E94E3
:10E69000799280E008958091C52181110DC021E01B
:10E6A00030E041E060E070E00E9479928AE49CE210
:10E6B0000E940F9B80E00895813059F421E030E002
:10E6C00041E061E070E080E00E94799285E59CE2A3
:10E6D000EFCF81E69CE2ECCF8091D62181110DC075
:10E6E00021E030E040E060E070E00E94799288E84C
:10E6F0009CE20E940F9B80E00895813059F421E054
:10E7000030E040E061E070E080E00E94799285E9CD
:10E710009CE2EFCF83EA9CE2ECCF6F927F928F92E4
:10E720009F92AF92BF92CF92DF92EF92FF920F93A0
:10E730001F939C01CB012931310508F092C069314A
:10E74000710508F08EC0220F331FF901E855F74D0F
:10E75000E080F180880F991FFC01E855F74DA080FB
:10E76000B180E091C637F091C7370190F081E02D7C
:10E770000680F781E02D0081C12CD12C802E912CB8
:10E7800066246394C4010C2C02C0959587950A9465
:10E79000E2F780FF4CC0E091C637F091C737019097
:10E7A000F081E02D0680F781E02D862D0C2C01C034
:10E7B000880F0A94EAF78083E091C637F091C73753
:10E7C000A081B18116960D90BC91A02D9C91892FAE
:10E7D0008570811142C09A70911141C0412FB701DB
:10E7E000CF010E94FE92612F8091C6379091C7376A
:10E7F0000E94C69277247394710E472DB5018091C3
:10E80000C6379091C7370E94FE92672D8091C63718
:10E810009091C7370E94C692E091C637F091C737F2
:10E820000190F081E02D0680F781E02D00838FEFCD
:10E83000C81AD80A84E0C816D10409F0A3CF80E032
:10E840001F910F91FF90EF90DF90CF90BF90AF900E
:10E850009F908F907F906F90089510E0BFCF12E04F
:10E86000BDCF82E0EDCF6091F6247091F7248091C6
:10E87000E5249091E6240E948D73882321F08DEE8B
:10E880009AE20E940F9B80E00895462F572FBC010B
:10E890004150510961097109411551056105710521
:10E8A000B9F70895EF92FF920F931F930091E7221B
:10E8B0000B3050F08DEE9AE20E940F9B80E01F918A
:10E8C0000F91FF90EF90089580E48093060610E08A
:10E8D000000F111FF12C90E4E92E8F2D90E080178E
:10E8E000910724F080E480930606E8CF65E176E1A5
:10E8F00085E090E00E944574E0920706F394EDCF26
:10E90000EF92FF920F931F93CF93DF937C01162F0B
:10E91000042FA091BA37B091BB371C9281E01196B9
:10E920008C9311971296ED91FC9113978083149616
:10E930008C9314974091BC375091BD3790E1EA0118
:10E9400099838C83F70180819181EC01E881F981C1
:10E95000BD0119954091BC375091BD37DA0112962F
:10E96000ED91FC918081002361F1182BA091BA37C1
:10E97000B091BB371C9282E011968C93119712963E
:10E98000ED91FC91139791E090831296ED91FC919B
:10E990001397118314968C93149780E1EA0189836D
:10E9A0001C82F70180819181EC01E881F981BD0130
:10E9B000199580E0DF91CF911F910F91FF90EF901B
:10E9C000089510951823D2CF1F931091722881E0DB
:10E9D0008093722840E060E28CE797E30E948074A5
:10E9E00084E08093722840E060E28CE797E30E9425
:10E9F0008074109372281F9108951F930E94E474ED
:10EA000010917228812F8370882369F081E08093B0
:10EA1000722841E060E28CE797E30E9480741093D3
:10EA200072281F91089584E0F2CF81E080937228CC
:10EA30000E94FD7460E070E080E00E94399161E026
:10EA400070E08FE20E94399163E070E081E00E9403
:10EA5000399160E570E282E00E94399160E070E0F7
:10EA600082E10E94399160E070E083E10E94399177
:10EA700062E272E284E10E94399162E272E285E12F
:10EA80000E94399162E272E286E10E94399160E06F
:10EA900070E087E10E94399160E070E088E10E94B7
:10EAA000399160E070E089E10E94399160E270E0A4
:10EAB0008AE10E94399160E070E08BE10E94399117
:10EAC00069E979E98EE10E94399160E879E98FE19D
:10EAD0000E94399162E879E98FE10E94399160E8FA
:10EAE00079E98FE10E9439910E94E47484E0809377
:10EAF00072280E94FD7460E070E080E00E9439910D
:10EB000061E070E08FE20E94399163E070E081E0A3
:10EB10000E94399160E570E282E00E94399160E0E4
:10EB200070E082E10E94399160E070E083E10E9430
:10EB3000399162E272E284E10E94399162E272E20A
:10EB400085E10E94399162E272E286E10E94399188
:10EB500060E070E087E10E94399160E070E088E158
:10EB60000E94399160E070E089E10E94399160E291
:10EB700070E08AE10E94399160E070E08BE10E94D0
:10EB8000399169E979E98EE10E94399160E879E982
:10EB90008FE10E94399162E879E98FE10E94399111
:10EBA00060E879E98FE10E9439910E94E4748FEC6A
:10EBB0009CE20E940F9B80E008950F931F93109199
:10EBC0007228812F837040912B2350912C236091C8
:10EBD0002D2370912E23012F0C70452B462B472B94
:10EBE000F1F0882351F081E0809372280E94FD7437
:10EBF00081E00E943D910E94E474002351F084E082
:10EC0000809372280E94FD7481E00E943D910E94D1
:10EC1000E4741093722880E01F910F910895882367
:10EC200051F081E0809372280E94FD7480E00E9480
:10EC30003D910E94E474002361F384E08093722884
:10EC40000E94FD7480E0E1CFCF92DF92EF92FF92BD
:10EC50000F931F938FE70E940D6E68E172E280E0D0
:10EC60000E94D38FD09072288FE08093722800E0AA
:10EC700010E0E12CCC24C3948091722890E0002E07
:10EC800002C0959587950A94E2F780FF19C08C2DF4
:10EC9000002E01C0880F0A94EAF78093722840E0A2
:10ECA00061E08CE797E30E948074F82E40E060E812
:10ECB0008CE797E30E948074F80EEF0CD0927228D4
:10ECC0000F5F1F4F04301105B9F68E2D1F910F9164
:10ECD000FF90EF90DF90CF9008950E9424768823D4
:10ECE00021F08DEE9AE20E940F9B80E008950E9431
:10ECF000247680E008956F927F928F929F92AF92D8
:10ED0000BF92CF92DF92EF92FF920F931F936B010E
:10ED10007C0170907228A12CB12C00E0872C912CE2
:10ED200066246394C4010A2C02C0959587950A94C1
:10ED3000E2F780FF2AC0862D0A2C01C0880F0A94B2
:10ED4000EAF78093722881ECC81686ECD8068DE22B
:10ED5000E806F10478F141E060E18CEC97E30E9471
:10ED6000807441E060E28CEC97E30E94807440E0A4
:10ED700060E48CEC97E30E94807440E060E88CECE7
:10ED800097E30E948074709272288FEFA81AB80AD5
:10ED900084E0A816B10431F6802F1F910F91FF90E7
:10EDA000EF90DF90CF90BF90AF909F908F907F902B
:10EDB0006F90089581E6C81683EED80686E1E806CE
:10EDC000F10440F041E060E18CEC97E30E94807434
:10EDD00040E0C8CF81EBC81681E7D8068BE0E80693
:10EDE000F10470F040E060E18CEC97E30E948074E5
:10EDF00040E060E28CEC97E30E94807440E015C034
:10EE000089EDC81688EBD80685E0E806F104A0F085
:10EE100040E060E18CEC97E30E94807440E060E2A7
:10EE20008CEC97E30E94807441E060E48CEC97E303
:10EE30000E94807441E0A2CF82E0C816D104E104B0
:10EE4000F10470F041E060E18CEC97E30E94807483
:10EE500040E060E28CEC97E30E94807441E088CF50
:10EE6000C114D104E104F10441F040E060E18CEC14
:10EE700097E30E94807441E0BCCF41E060E18CECFC
:10EE800097E30E948074182F41E060E28CEC97E3D6
:10EE90000E948074180F100F41E060E48CEC97E33F
:10EEA0000E948074180F41E060E88CEC97E30E94A8
:10EEB0008074012F080F67CFCF93DF9300D00F929C
:10EEC000CDB7DEB780917E2590917F25A0918025DA
:10EED000B091812589839A83AB83BC83BC01CD012A
:10EEE0000E947B7680E02496CDBFDEBFDF91CF917C
:10EEF0000895EF92FF920F931F93CF93DF937C01BE
:10EF0000162F042FA091BA37B091BB371C9281E025
:10EF100011968C9311971296ED91FC91139793E0B3
:10EF2000908314968C9314974091BC375091BD37C1
:10EF300090E1EA0199838C83F70180819181EC0152
:10EF4000E881F981BD0119954091BC375091BD37D9
:10EF5000DA011296ED91FC918081002361F1182B6A
:10EF6000A091BA37B091BB371C9282E011968C9376
:10EF700011971296ED91FC91139793E0908312965E
:10EF8000ED91FC911397118314968C93149780E163
:10EF9000EA0189831C82F70180819181EC01E8817B
:10EFA000F981BD01199580E0DF91CF911F910F91FB
:10EFB000FF90EF90089510951823D2CF86EB9FE332
:10EFC0009F938F9387E39DE29F938F930E94F79A7D
:10EFD0000F900F900F900F9020E040914F206AE02B
:10EFE00086E398E20C94946BEF92FF920F931F9339
:10EFF00000E010E08AE4E82E8DE2F82E802F0E94D7
:10F0000077511F928F931F930F93FF92EF920E945D
:10F01000F79A0F5F1F4F0F900F900F900F900F9068
:10F020000F900630110551F780E01F910F91FF906E
:10F03000EF9008950E94F47780E00895CF92DF92D8
:10F04000EF92FF920F931F93CF93DF93CDB7DEB76D
:10F050002B97CDBFDEBFCE0101960E94584C8E018A
:10F060000F5F1F4F6E018CE0C80ED11C81EDE82EA2
:10F070008AE2F82EF80181918F011F928F93FF92FF
:10F08000EF920E94F79A0F900F900F900F900C152F
:10F090001D0581F78AE090E00E94099B80E02B9695
:10F0A000CDBFDEBFDF91CF911F910F91FF90EF9009
:10F0B000DF90CF9008951F930E94B39186EB9FE35A
:10F0C0009F938F9387E39DE29F938F930E94F79A7C
:10F0D0008CE59DE29F938F9383E69DE29F938F93B0
:10F0E0000E94F79A8FE69DE29F938F9384E99DE2B9
:10F0F0009F938F930E94F79A82EA9DE29F938F934A
:10F1000086EB9DE29F938F930E94F79A1F9282E075
:10F110008F931F928CE08F9384EC9DE29F938F934B
:10F120000E94F79A80ED9DE20E940F9B1F928FE054
:10F130008F938CED9DE29F938F930E94F79A85EEBB
:10F140009DE29F938F930E94F79A0E941E78182F3A
:10F1500089EF9DE29F938F930E94F79A0E941E7001
:10F16000180F86E09EE29F938F930E94F79A8091FA
:10F1700093002DB73EB7205E3F4F2DBF3EBF1F927D
:10F180008F938BE192E39F938F930E94F79A85E18F
:10F190009EE20E940F9B0E94F4770F900F900F90B9
:10F1A0000F90810F1F9108950E945B78882321F0B2
:10F1B0008DEE9AE20E940F9B80E008950E941E78D7
:10F1C00080E008950E94094B80E0089580E29EE26D
:10F1D0000E940F9B0E94094B80E00895CF92DF921E
:10F1E000EF92FF920F931F93CF93DF930F920F92A3
:10F1F000CDB7DEB78093722819821A828CE1C82EAF
:10F2000089E2D82E00E010E098E4E92E9EE2F92E83
:10F210008091722890E0002E02C0959587950A94FF
:10F22000E2F780FF1FC0AE014F5F5F4FF801EC5D5A
:10F23000F64D6081F601808191810E9412448A819D
:10F240008F9389818F93C8018F5B9F4F9F938F937B
:10F25000FF92EF920E94F79A0F900F900F900F90ED
:10F260000F900F900F5F1F4FF2E0CF0ED11C0430B4
:10F27000110571F680E00F900F90DF91CF911F91F3
:10F280000F91FF90EF90DF90CF90089580917228BA
:10F290009FEF980F9F3030F08DEE9AE20E940F9B07
:10F2A00080E008950E94EE788823D1F3F5CF682F8F
:10F2B00081E898E20E945F3380E090E008951F9219
:10F2C0000F920FB60F9211240BB60F922F933F930C
:10F2D0004F935F936F937F938F939F93AF93BF935E
:10F2E000EF93FF9381E898E20E94BC31FF91EF9188
:10F2F000BF91AF919F918F917F916F915F914F914E
:10F300003F912F910F900BBE0F900FBE0F901F904B
:10F3100018951F920F920FB60F9211240BB60F92F1
:10F320002F933F934F935F936F937F938F939F930D
:10F33000AF93BF93EF93FF9320E040E050E060E095
:10F3400070E081E898E20E944B31FF91EF91BF910C
:10F35000AF919F918F917F916F915F914F913F916D
:10F360002F910F900BBE0F900FBE0F901F9018950E
:10F3700021E030E046E061E070E08CE20E947992AA
:10F3800021E030E047E061E070E08CE20E94799299
:10F3900080E00895AF92BF92CF92DF92EF92FF92FA
:10F3A0000F931F938091A12410917228823008F04E
:10F3B000CCC09FEF910F9F3008F0C7C0E12CF12C1B
:10F3C00001E0811162C08091722890E00E2C02C091
:10F3D000959587950A94E2F780FF1CC0802F0E2C2C
:10F3E00001C0880F0A94EAF78093722840E064E035
:10F3F0008CE797E30E94807440E061E08CE797E33C
:10F400000E94807441E060E88CE797E30E9480747A
:10F41000109372288FEFE81AF80A84E0E816F104D6
:10F4200091F6E12CF12CC12ED12CAA24A394B12C5D
:10F43000C6010E2C02C0959587950A94E2F780FFCD
:10F4400011C095010E2C01C0220F0A94EAF7822FF9
:10F450009E2D917091118695809372280E94FD7463
:10F460000E94E4748FEFE81AF80A84E0E816F104C9
:10F47000F9F61093722880E01F910F91FF90EF90A2
:10F48000DF90CF90BF90AF9008958091722890E068
:10F490000E2C02C0959587950A94E2F780FF1CC058
:10F4A000802F0E2C01C0880F0A94EAF780937228EF
:10F4B00041E064E08CE797E30E94807441E061E002
:10F4C0008CE797E30E94807441E060E88CE797E363
:10F4D0000E948074109372288FEFE81AF80A84E073
:10F4E000E816F10491F6E12CF12CC12ED12CAA24BE
:10F4F000A394B12CC6010E2C02C0959587950A9451
:10F50000E2F780FF11C095010E2C01C0220F0A9472
:10F51000EAF7822F9E2D9170911186958093722823
:10F520000E94FD740E94E4748FEFE81AF80A84E0E8
:10F53000E816F104F9F6109372280E94B87960E099
:10F5400070E0CB010E947B7696CF8DEE9AE20E940E
:10F550000F9B91CF0E94B87960E070E0CB010E94D0
:10F560007B76809172281F928F938BE59EE29F930A
:10F570008F930E94F79A0F900F900F900F9080E05A
:10F5800008950F931F93109172288FEF810F8F3082
:10F5900040F08DEE9AE20E940F9B80E01F910F9148
:10F5A00008950E94B879082F60E070E0CB010E94B6
:10F5B0007B76080F8FE70E940D6E10FF0BC081E075
:10F5C000809372280E94FD7460E080E00E94A39204
:10F5D0000E94E47411FF0BC081E0809372280E94A6
:10F5E000FD7460E081E00E94A3920E94E47412FF27
:10F5F0000BC084E0809372280E94FD7460E080E07C
:10F600000E94A3920E94E47413FF0BC084E08093D5
:10F6100072280E94FD7460E081E00E94A3920E9423
:10F62000E474002309F4B9CFB4CF1F9380913C2236
:10F6300090913D22A0913E22B0913F22892B8A2BAE
:10F640008B2B39F08DEE9AE20E940F9B80E01F9188
:10F6500008950E94B879182F60E070E0CB010E94F5
:10F660007B76810F8111EECFF1CFE0917037F09171
:10F670007137A0916E37B0916F371C9291E011965F
:10F680009C93119714961C92108292E1918393E0BF
:10F690009483A281B38180688C93A281B3811196F7
:10F6A0001C920280F381E02D128280917637909136
:10F6B0007737409170375091713760916E37709104
:10F6C0006F37DC01ED91FC911995E0917037F09165
:10F6D00071370280F381E02D8181928198278927FB
:10F6E000982708950F931F9388E69EE20E940F9B30
:10F6F0008EE60E94357B8C01812F869512FD1BC002
:10F7000084E79EE20E940F9B85E0169507958A95F7
:10F71000E1F707708FEF800F8630D8F01F920F93BC
:10F720008DEA9EE29F938F930E94F79A0F900F901D
:10F730000F900F900AC08370823019F486E89EE221
:10F74000E1CF86E99EE20E940F9B80E01F910F911E
:10F7500008951F920F9388EC9EE29F938F930E94CF
:10F76000F79A8FE60E94357B90E09F938F9387ED09
:10F770009EE29F938F930E94F79A80E70E94357BC9
:10F7800091709F938F938FEE9EE29F938F930E9431
:10F79000F79A8DB79EB70C968DBF9EBFD6CFCF92EE
:10F7A000DF92EF92FF920F931F9300E010E089E049
:10F7B000C82E8FE2D82E92E1E92E9FE2F92EC801E1
:10F7C00083709927892B51F41F930F93DF92CF9267
:10F7D0000E94F79A0F900F900F900F90802F0E9429
:10F7E000357B9F938F93FF92EF920E94F79A0F5F62
:10F7F0001F4F0F900F900F900F900E371105F9F6D5
:10F800008AE090E00E94099B80E01F910F91FF9099
:10F81000EF90DF90CF9008950F931F9306EC10E2C6
:10F82000F8016081F0E16F9FB00111246860706B96
:10F830008BE00E94D38FF80183818F9382818F9315
:10F8400081818F9380818F938AE19FE29F938F9331
:10F850000E94F79A8BE00E94357B9F938F9383E3FE
:10F860009FE29F938F930E94F79A8DB79EB70A9657
:10F870008DBF9EBF80E01F910F9108953F924F92E0
:10F880005F926F927F928F929F92AF92BF92CF9230
:10F89000DF92EF92FF920F931F93CF93DF93CDB739
:10F8A000DEB72897CDBFDEBFC090E820D090E9201A
:10F8B000E090EA20F090EB206090F9205090FA2040
:10F8C0004090FB203090FC2080910A2190910B21E8
:10F8D000A0910C21B0910D2189839A83AB83BC83C5
:10F8E00000911B2110911C2180909221A0909321C6
:10F8F0009090942170909521B0908121FF92EF9289
:10F90000DF92CF9285E49FE29F938F930E94F79AB4
:10F910003F924F925F926F9289ED9AE29F938F93FD
:10F920000E94F79A9C819F93AB81AF93BA81BF935A
:10F9300029812F9383E59FE29F938F930E94F79AEB
:10F940001F930F938BE59FE29F938F930E94F79AEB
:10F950007F929F92AF928F9282E69FE29F938F93C6
:10F960000E94F79A1F92BF928FE69FE29F938F9318
:10F970000E94F79ACDBFDEBF0E94B879982E811100
:10F9800014C089819A81AB81BC814497A109B109D6
:10F990008C3E9F4FA340B10550F188E79FE29F93B3
:10F9A0008F930E94F79A0F900F90A8EEB3E0A701F3
:10F9B00096010E949E9869837A838B839C830E9420
:10F9C0007B7680E02896CDBFDEBFDF91CF911F917F
:10F9D0000F91FF90EF90DF90CF90BF90AF909F90EE
:10F9E0008F907F906F905F904F903F90089580E848
:10F9F0009FE26620A1F2C701B6010E944D9720E068
:10FA000030E048E451E46D837E838F8398876D8175
:10FA10007E818F8198850E94B59687FD07C081E021
:10FA2000C81689E1D806E104F10418F088E89FE2DD
:10FA3000B6CF8FEF880D8A3F18F083E99FE2AFCFF2
:10FA40009FE39B1518F48DE99FE2A9CF89819A81E4
:10FA5000AB81BC814897A105B10578F490EAC9163D
:10FA60009FE0D906E104F10440F087EA9FE29F930A
:10FA70008F930E94F79A0F900F900032110509F4AE
:10FA800050C008F03FC00830110509F44DC078F4AB
:10FA90000330110520F4012B39F0B12C0DC0BB242B
:10FAA000B3940430110541F083EC9FE278CFF5E088
:10FAB000BF2E00311105C1F7462C512C869C300118
:10FAC0001124BEE16B167104ACF122E362167104DD
:10FAD0000CF4C8C080E5681671040CF4C6C092E846
:10FAE000691671040CF4C4C0A9EC6A1671040CF414
:10FAF000C2C08BEC9FE2BBEF6B1671040CF04FCFD2
:10FB000061E0B7C00038110591F07EE0B72E011515
:10FB1000A1E01A0789F269E0B62E0034110561F2FE
:10FB2000C3CFB7E0BB2EC8CFA3E0BA2EC5CFECE061
:10FB3000BE2EC2CF60E011E070E027E030E040E090
:10FB400081E00E947992612F70E02FE130E04BE07C
:10FB500086E00E94799227E030E040E060E070E0CB
:10FB60008CE20E9479922FE330E048E060E070E0A0
:10FB700085E20E9479926B2D70E02FE130E046E043
:10FB80008BE40E947992820154E0000F111F5A9574
:10FB9000E1F7B8016860706B8BE00E94D38F20E8BA
:10FBA000C2162CE0D206E104F10408F467C023E099
:10FBB00030E04BE061E070E08DE20E94799223E05A
:10FBC00030E040E061E070E08EE20E94799269816D
:10FBD0007A818B819C810E945D9260E070E08AE274
:10FBE0000E94D38F60E070E08BE20E94D38F85E2A9
:10FBF000881508F051C09BE401E0981528F4A4E6AC
:10FC000003E0A81508F002E080E00E94357B882719
:10FC10009A78A0E80A9F80011124082B192BB0E2E2
:10FC20009B9E90011124022B132B480128E1822A6C
:10FC3000689495F8B40180E00E94D38F9301770C0B
:10FC4000440B550BC701B6010E9474986D837E83E7
:10FC50008F839887613071058105910599F581EE53
:10FC60009FE29DCE60E012E067CF60E013E064CFDA
:10FC700060E015E061CF60E018E05ECF23E030E0A7
:10FC80004BE060E070E08DE20E94799223E030E08A
:10FC900040E060E070E098CFB9E000E0B81508F40B
:10FCA000B3CF24E000E099249394281508F4ACCF56
:10FCB00082E000E042E0942E881508F4A5CF33E0FE
:10FCC000932EA2CF80E8C8168CE0D806E104F10498
:10FCD00010F589819A81AB81BC81B695A7959795DE
:10FCE00087958D839E83AF83B88708611066BB209C
:10FCF000D9F0BC01CD010E945D92B80180E00E9464
:10FD0000D38F69817A818B819C810E945D92B4013D
:10FD100080E00E94D38F21E030E046E060E070E0B8
:10FD20008CE20E94799241CE6D817E818F8198858F
:10FD30000E945D92B801ECCF0F931F93EDE3F1E2C7
:10FD400010810181812F0E94357B9F938F930F93A8
:10FD50001F938FE190E39F938F930E94F79A0F90E8
:10FD60000F900F900F900F900F9080E01F910F91C8
:10FD70000895AF92BF92CF92DF92EF92FF920F93CE
:10FD80001F93B82E8093722800E010E0C82ED12C6B
:10FD9000AA24A39499E3E92E90E3F92EC601002E3C
:10FDA00002C0959587950A94E2F780FF26C08A2DB8
:10FDB000002E01C0880F0A94EAF7809372288EE61D
:10FDC0000E94357B9C0192FF27C0232F3327269565
:10FDD00081E0282721701F922F93809172281F9213
:10FDE0008F93FF92EF920E94F79AB09272280F9031
:10FDF0000F900F900F900F900F900F5F1F4F0430D8
:10FE0000110561F680E01F910F91FF90EF90DF9058
:10FE1000CF90BF90AF90089520E0DDCF8091722801
:10FE20009FEF980F9F3010F40C94B97E81E00895F5
:10FE3000BF92CF92DF92EF92FF920F931F93CF93D7
:10FE4000DF930F92CDB7DEB78C01CE0101967C0116
:10FE5000BC0180E00E94D66DD82ECE2CBF2C88230A
:10FE600081F0F801108294E0D92E8D2D0F90DF9152
:10FE7000CF911F910F91FF90EF90DF90CF90BF90A7
:10FE8000089589818A3A69F781E0F8018083B70192
:10FE90000E94D66D8981F8018183B70182E00E94BA
:10FEA000D66D8981F8018283B70183E00E94D66D07
:10FEB0008981F8018383B70185E00E94D66D89812D
:10FEC000F8018483158280E1F82E6C2D7B2D8F2D17
:10FED0000E94D66D898181508E3F20F481E0F80127
:10FEE0008583C3CFF394F0E6FF12EFCFBECFEF923E
:10FEF000FF920F931F93CF93DF93CDB7DEB72A976F
:10FF0000CDBFDEBF0E94B391CE0101960E94187F43
:10FF10008A87882399F08EE690E39F938F930E94BF
:10FF2000F79A0F900F9080E02A96CDBFDEBFDF9149
:10FF3000CF911F910F91FF90EF900895EA81E150CA
:10FF400080E690E3E43038F4F0E0EE0FFF1FE65176
:10FF5000F74D808191819F938F938FE990E39F93D9
:10FF60008F930E94F79AEB81E1500F900F900F90C2
:10FF70000F9080E690E3E83038F4F0E0EE0FFF1FDA
:10FF8000E652F74D808191819F938F938FE990E3A3
:10FF90009F938F930E94F79A8C811F928F9382EA8E
:10FFA00090E39F938F930E94F79A2D81CDBFDEBF80
:10FFB0002F3F19F1AE01495F5F4F2B3108F451C05B
:10FFC000822F6AE10E946898911101C09AE1822F04
:10FFD000891B905C98876AE10E946898805C8F8397
:10FFE00019865F934F938AEA90E39F938F930E94C1
:10FFF000F79A0F900F900F900F9085EB90E39F93DF
:020000021000EC
:100000008F930E94F79A0F900F908E81882369F149
:1000100000E110E081ECE82E80E3F82EBE01665F7F
:100020007F4F802F0E94D66D8A859FEF980F9E3F4D
:1000300070F41F928F931F930F93FF92EF920E9481
:10004000F79A0F900F900F900F900F900F900F5FF7
:100050001F4F0036110511F78AE090E00E94099BBE
:1000600062CF205C2F831886BCCF83ED90E39F93F3
:100070008F930E94F79A0F900F90EECFBF92CF927E
:10008000DF92EF92FF920F931F93CF93DF93D82EBF
:100090008B01B42E7901A091B837B091B937609136
:1000A000B6377091B737EB01188281E089831C82E3
:1000B0001C9282E111968C93119783E0C82E1496BE
:1000C000CC9214971296ED91FC9113978D2D806828
:1000D00080831296ED91FC91139711821296ED9107
:1000E000FC911397128280917A3790917B37EC01C3
:1000F000E881F981AD0119954091B8375091B93730
:10010000DA011296ED91FC918181928198278927DD
:100110009827E094F094E822F92202C0000F111F02
:10012000BA94E2F70E291F29A091B637B091B737DC
:100130001C921196CC9211971496CC921497129609
:10014000ED91FC911397D0821296ED91FC9113974B
:1001500011831296ED91FC9113970283EA011C82A0
:1001600080917A3790917B37EC01E881F981BD016C
:10017000DF91CF911F910F91FF90EF90DF90CF9083
:10018000BF901994CF93DF939A014F3F5F4F29F0AF
:1001900040E0DF91CF910C943E804091B837509170
:1001A000B937A091B637B091B7371C9293E011964A
:1001B0009C93119714969C9314971296ED91FC9131
:1001C000139780831296ED91FC9113977183129689
:1001D000ED91FC9113976283EA011C8280917A373A
:1001E00090917B37EC01E881F981BD01DF91CF91DE
:1001F00019948E3708F026C3E82FF0E08827EE59CF
:10020000FE458F4F0C9496984FEF5FEF6BE170E0D7
:1002100080E00C94C2804FEF5FEF63E070E081E01C
:100220000C94C2804FEF5FEF62ED70E282E00C94BD
:10023000C2804FEF5FEF60E873EA83E00C94C28006
:100240004FEF5FEF60EF70EF84E00C94C2804FEFF0
:100250005FEF64EF7FE085E00C94C2804FEF5FEFCB
:1002600060EF70EF86E00C94C2804FEF5FEF60E0CC
:1002700070E088E00C94C2804FEF5FEF60E070E0C8
:1002800089E00C94C2804FEF5FEF60E070E08AE09D
:100290000C94C2804FEF5FEF60E070E08BE00C9455
:1002A000C2804FEF5FEF60E070E08CE00C94C280A2
:1002B0004FEF5FEF60E070E08DE00C94C2804FEF95
:1002C0005FEF60E070E08EE00C94C2804FEF5FEF74
:1002D00060E070E08FE00C94C2804FEF5FEF60E071
:1002E00070E080E10C94C2804FEF5FEF60E070E05F
:1002F00081E10C94C2804FEF5FEF60E070E082E13B
:100300000C94C2804FEF5FEF60E070E083E10C94EB
:10031000C2804FEF5FEF60E070E084E10C94C28038
:100320004FEF5FEF60E070E085E10C94C2804FEF2B
:100330005FEF60E070E086E10C94C2804FEF5FEF0A
:1003400060E070E087E10C94C2804FEF5FEF60E007
:1003500070E088E10C94C2804FEF5FEF60E070E0E6
:1003600089E10C94C2804FEF5FEF60E270E08AE1B8
:100370000C94C2804FEF5FEF60E070E08BE10C9473
:10038000C2804FEF5FEF60E070E08CE10C94C280C0
:100390004FEF5FEF60E070E08DE10C94C2804FEFB3
:1003A0005FEF62E272E28EE10C94C2804FEF5FEF8A
:1003B00060E272E28FE10C94C2804FEF5FEF62E285
:1003C00070E280E20C94C2804FEF5FEF60E070E07B
:1003D00081E20C94C2804FEF5FEF6EE47BE182E23A
:1003E0000C94C2804FEF5FEF6FE370E083E20C94F8
:1003F000C2804FEF5FEF60E370E084E20C94C28054
:100400004FEF5FEF60E070E085E20C94C2804FEF49
:100410005FEF60E070E086E20C94C2804FEF5FEF28
:1004200060E070E087E20C94C2804FEF5FEF60E025
:1004300070E088E20C94C2804FEF5FEF6FEF7FEFC8
:1004400089E20C94C2804FEF5FEF60E070E08AE2D7
:100450000C94C2804FEF5FEF60E070E08BE20C9491
:10046000C2804FEF5FEF60E070E08CE20C94C280DE
:100470004FEF5FEF60E070E08DE20C94C2804FEFD1
:100480005FEF6FEF7FEF8EE20C94C2804FEF5FEF74
:1004900064E070E08FE20C94C2804FEF5FEF60E0A9
:1004A00070E080E30C94C2804FEF5FEF60E078E192
:1004B00081E30C94C2804FEF5FEF60E273E082E370
:1004C0000C94C2804FEF5FEF60E37DE583E30C9413
:1004D000C2804FEF5FEF60E070E084E30C94C28075
:1004E0004FEF5FEF60E070E08BE30C94C2804FEF62
:1004F0005FEF68E27AE18CE30C94C2804FEF5FEF2C
:1005000068E870E08DE30C94C2804FEF5FEF68E025
:1005100071E08EE30C94C2804FEF5FEF60E070E01B
:100520008FE30C94C2804FEF5FEF60E070E080E4F7
:100530000C94C2804FEF5FEF60E070E085E40C94B4
:10054000C2804FEF5FEF60E070E086E40C94C28001
:100550004FEF5FEF60E070E087E40C94C2804FEFF4
:100560005FEF63E070E088E40C94C2804FEF5FEFD0
:1005700064EE70E089E40C94C2804FEF5FEF6EE1AF
:100580007FE08AE40C94C2804FEF5FEF61E07FE090
:100590008BE40C94C2804FEF5FEF63E07FE08CE46C
:1005A0000C94C2804FEF5FEF60E073E08DE40C9439
:1005B000C2804FEF5FEF6FE07FE08EE40C94C2806B
:1005C0004FEF5FEF61EC7CE18FE40C94C2804FEF62
:1005D0005FEF60E070E080E50C94C2804FEF5FEF6A
:1005E0006FED70E081E50C94C2804FEF5FEF6FED2F
:1005F00070E082E50C94C2804FEF5FEF60E070E046
:1006000083E50C94C2804FEF5FEF6FEF70E084E5FD
:100610000C94C2804FEF5FEF6FEF70E085E50C94B4
:10062000C2804FEF5FEF60E070E086E50C94C2801F
:100630004FEF5FEF60E070E087E50C94C2804FEF12
:100640005FEF60E072E088E50C94C2804FEF5FEFEF
:1006500060E070E089E50C94C2804FEF5FEF60E0EE
:1006600070E08AE50C94C2804FEF5FEF60E072E0CB
:100670008BE50C94C2804FEF5FEF65E570E08CE591
:100680000C94C2804FEF5FEF60E070E08EE50C9459
:10069000C2804FEF5FEF63E271E08FE50C94C280A0
:1006A0004FEF5FEF67E675E480E60C94C2804FEF92
:1006B0005FEF63E373E081E60C94C2804FEF5FEF7E
:1006C00060E070E082E60C94C2804FEF5FEF60E084
:1006D00070E083E60C94C2804FEF5FEF60E070E063
:1006E00084E60C94C2804FEF5FEF60E070E085E637
:1006F0000C94C2804FEF5FEF60E070E086E60C94F0
:10070000C2804FEF5FEF60E070E087E60C94C2803C
:100710004FEF5FEF60E070E088E60C94C2804FEF2F
:100720005FEF60E070E089E60C94C2804FEF5FEF0E
:1007300060E070E08AE60C94C2804FEF5FEF60E00B
:1007400070E08BE60C94C2804FEF5FEF60E070E0EA
:100750008CE60C94C2804FEF5FEF60EF70E08DE6A7
:100760000C94C2804FEF5FEF60E070E08EE60C9477
:10077000C2804FEF5FEF60E070E08FE60C94C280C4
:100780004FEF5FEF60E070E080E70C94C2804FEFC6
:100790005FEF60E070E081E70C94C2804FEF5FEFA5
:1007A00060E070E082E70C94C2804FEF5FEF60E0A2
:1007B00070E083E70C94C2804FEF5FEF60E070E081
:1007C00084E70C94C2804FEF5FEF60E070E085E754
:1007D0000C94C2804FEF5FEF60E070E086E70C940E
:1007E000C2804FEF5FEF60E070E087E70C94C2805B
:1007F0004FEF5FEF60E070E088E70C94C2804FEF4E
:100800005FEF60E070E089E70C94C2804FEF5FEF2C
:1008100060E070E08AE70C94C2804FEF5FEF60E029
:1008200070E08BE70C94C2804FEF5FEF60E070E008
:100830008CE70C94C2804FEF5FEF60E070E08DE7D3
:100840000C94C2800895CF93DF93A091B837B091F4
:10085000B9376091B6377091B737EB01188291E0E4
:1008600099831C821C9292E111969C93119793E0BC
:1008700014969C9314971296ED91FC9113978068AF
:1008800080831296ED91FC91139711821296ED914F
:10089000FC911397128280917A3790917B37EC010B
:1008A000E881F981AD011995E091B837F091B93738
:1008B000A281B38111968D919C91982789279827C1
:1008C0008093B4379093B5378081DF91CF910895AD
:1008D0002F923F924F925F927F928F929F92AF9210
:1008E000BF92CF92DF92EF92FF920F931F930E94DD
:1008F000FD7480905B2690905C26A0905D26B09061
:100900005E2620906C2630906D2640906E2650908A
:100910006F2620914A26223008F0AFC093E0792E4E
:10092000213009F0712C9401A50160E070E080E0B5
:1009300090E000E20E946099F22E132FB42FA52FB1
:10094000F62FC72ED82EE92FA201910160E070E0AA
:10095000CB01F228132B9B2E942AAA2EA52ABF2E58
:10096000B62AC72AD82A8E2E892A4FEF5FEF6F2D1D
:10097000712F84E1870D0E94C2802F2D312F492DC8
:100980005A2D6B2D7C2D8D2D982D00E10E947B9989
:10099000B9014FEF5FEF85E1870D0E94C2802F2DD7
:1009A000312F492D5A2D6B2D7C2D8D2D982D00E248
:1009B0000E947B99B9014FEF5FEF86E1870D0E949E
:1009C000C2808EE10E94238465E372E880E090E0BB
:1009D0000E9445746091B4377091B53784E0769584
:1009E00067958A95E1F7162F1F7020EF30E044E0FD
:1009F00068E070E08EE10E943E8065E372E880E08E
:100A000090E00E9445748FE10E94238465E372E8C0
:100A100080E090E00E94457422E030E041E061E037
:100A200070E08FE10E943E8065E372E880E090E034
:100A30000E94457422E030E041E060E070E08FE128
:100A40000E943E80612F70E020EF30E044E08EE1B4
:100A50000E943E800E94E47480E01F910F91FF90FD
:100A6000EF90DF90CF90BF90AF909F908F907F904E
:100A70005F904F903F902F9008958DEE9AE20E94E4
:100A80000F9BE8CF1F930E94FD7410917D261230BA
:100A900090F482E00E94238481110DC0612F70E0E8
:100AA00020E430E046E082E00E943E800E94E47450
:100AB00080E01F9108958DEE9AE20E940F9BF6CF81
:100AC0001F930E94FD748091722881508F3048F0EE
:100AD0008DEE9AE20E940F9B0E94E47480E01F91C9
:100AE00008950E94FD7461E080917A3790917B3780
:100AF0000E94122C87E00E942384E091B837F09185
:100B0000B9370280F381E02D118160E080917A375E
:100B100090917B370E94122C1F921F9388ED90E3D7
:100B20009F938F930E94F79A0E94E4740F900F9006
:100B30000F900F90D1CF1F930E94FD741091F42657
:100B400080914A26843048F08DEE9AE20E940F9BF5
:100B50000E94E47480E01F910895823078F481E06F
:100B60000E942384712F7295770F707E20E030E20F
:100B700040E060E081E00E943E80EACF81E00E9498
:100B80002384712F7295707F20E030E1F1CF1F93A5
:100B90000E94FD741091052780914A26843048F008
:100BA0008DEE9AE20E940F9B0E94E47480E01F91F8
:100BB0000895823078F481E00E942384712F779524
:100BC0007727779520E030E840E060E081E00E9400
:100BD0003E80EACF81E00E942384712F7295770FC7
:100BE000770F707C20E030E4EFCF1F930E94FD74FC
:100BF0001091162780914A26843048F08DEE9AE2B3
:100C00000E940F9B0E94E47480E01F91089582303F
:100C100078F481E00E942384712F770F770F770F8C
:100C200020E038E040E060E081E00E943E80EACFD2
:100C300081E00E942384712F770F770F20E034E04A
:100C4000F1CF0F931F930E94FD740091272780918D
:100C50004A26843050F08DEE9AE20E940F9B0E944B
:100C6000E47480E01F910F91089510E0823068F4E1
:100C700080E00E942384B801660F771F22E030E0F5
:100C800040E080E00E943E80EACF80E00E94238422
:100C900021E030E040E0B801F4CF0F931F930E94B1
:100CA000FD740091382710913926023078F58FE9CC
:100CB000810F843058F586E20E942384811126C07A
:100CC0008091B537682F62956F7070E0212F2156A3
:100CD000330B20FD15C0002389F063606093B437A7
:100CE0007093B53720E030EF4CE086E20E943E8002
:100CF0000E94E47480E01F910F9108956C7FEECF05
:100D0000002311F06C60EACF637FE8CF8DEE9AE2AA
:100D10000E940F9BEDCF0F931F930E94FD740091D3
:100D2000492710913926023060F58FE9810F843010
:100D300040F586E20E942384811123C06091B5377B
:100D400070E0212F2156330B20FD15C0002389F0C0
:100D500063606093B4377093B53720E03FE048E0BC
:100D600086E20E943E800E94E47480E01F910F9111
:100D700008956C7FEECF002311F06C60EACF637FA3
:100D8000E8CF8DEE9AE20E940F9BEDCF1F930E9459
:100D9000FD7410915A27103190F486E20E9423844A
:100DA00081110DC0612F70E020EF30E044E086E259
:100DB0000E943E800E94E47480E01F9108958DEEB1
:100DC0009AE20E940F9BF6CFFF920F931F930E940F
:100DD000FD7400916B27F0904A2683E08F1580F117
:100DE000083070F5043049F481EF90E39F938F93BE
:100DF0000E94F79A0F900F9000E010E08F2D8D7FEA
:100E0000811116C085E70E942384B80183E0660F34
:100E1000771F8A95E1F728E330E040E085E70E94FC
:100E20003E800E94E47480E01F910F91FF9008952E
:100E300085E70E94238427E030E040E0B801EECF50
:100E40008DEE9AE20E940F9BECCFCF92DF92EF9251
:100E5000FF920F931F930E94FD74C0908D27D09036
:100E60008E27E0908F27F090902710917C2700919B
:100E70004A268AE10E942384002369F0013009F4A4
:100E800050C00E94E47480E01F910F91FF90EF909A
:100E9000DF90CF9008951A30A0F7E12FF0E0882777
:100EA000E052FE458F4F0C94969820E030EC4EE0D7
:100EB000B6018EE60E943E80E4CF20E03EE349E0AA
:100EC000F7CF2EEF31E041E0F3CF2FEF33E040E0FA
:100ED000B6018FE6EFCFB701882799274FEF5FEF75
:100EE00080E70E94C28020E030EE4DE0B60181E74D
:100EF000E1CF2FEF33E040E0F9CF2FEF31E040E0DA
:100F0000B60182E7D7CF20E03EEF49E0B60183E7A4
:100F1000D1CF20EF31E044E0F9CF2CE030E042E0E7
:100F2000F5CF1A3008F0ADCFE12FF0E08827E65179
:100F3000FE458F4F0C94969820E030EC4EE0B601C1
:100F400086E7B8CF20E03EE349E0F9CF2EEF31E06D
:100F500041E0F5CF2FEF33E040E0B60187E7AACFBD
:100F6000B701882799274FEF5FEF88E70E94C2807B
:100F700020E030EE4DE0B60189E79CCF2FEF33E063
:100F800040E0F9CF2FEF31E040E0B6018AE792CFA1
:100F900020E03EEF49E0B6018BE78CCF20EF31E057
:100FA00044E0F9CF2CE030E042E0F5CF8F929F9201
:100FB000AF92BF92CF92DF92FF920F931F930E9446
:100FC000FD7480903B240E94DB900E94DB90C12C3A
:100FD000D12C00E010E0F12C912CC4010C2C02C0AB
:100FE000959587950A94E2F780FF09C084E68C0DF9
:100FF0000E942384882309F440C0F394F3948FEF74
:10100000C81AD80A88E0C816D10439F78CE60E94BD
:101010002384882309F44BC0F394F3948FE70E9450
:101020002384882309F45BC0F394F39489E491E367
:101030000E940F9BFF2061F01F92FF928AE591E3CF
:101040009F938F930E94F79A0F900F900F900F909D
:101050000115110509F05DC08BE791E30E940F9B1C
:101060000E94E47480E01F910F91FF90DF90CF9079
:10107000BF90AF909F908F900895A090B537B12CFE
:10108000A114B10409F4BBCF1F92AF92DF92CF92AB
:101090008AE091E39F938F930E94F79A0F5F1F4F0F
:1010A0000F900F900F900F900F900F90A8CF20915E
:1010B000B537822F82958F7090E0009709F4AECFFC
:1010C0001F928F938FE191E39F938F930E94F79AE2
:1010D0000F5F1F4F0F900F900F900F909FCF209199
:1010E000B537822F8695869590E09C012F7D232B26
:1010F00009F49CCF1F928F9383E391E39F938F9387
:101100000E94F79A0F5F1F4F0F900F900F900F9054
:101110008DCF1F930F9383E891E39F938F930E944A
:10112000F79A0F900F900F900F909ACF8DE60E9434
:101130002384811106C089E991E30E940F9B80E01E
:1011400008958EE991E3F9CF0E942384E091B837A6
:10115000F091B9370280F381E02D81819281982747
:10116000892798270895BF92CF92DF92EF92FF923E
:101170000F931F930E94FD748091722881508F30CD
:1011800078F08DEE9AE20E940F9B0E94E47480E05A
:101190001F910F91FF90EF90DF90CF90BF90089537
:1011A0000E94FD7400E010E089E0C82E8FE2D82E86
:1011B00092E1E92E9FE2F92EB02E802F83708111EB
:1011C0000AC01F930F93DF92CF920E94F79A0F905D
:1011D0000F900F900F908B2D0E94A4889F938F9358
:1011E000FF92EF920E94F79A0F5F1F4F0F900F90A0
:1011F0000F900F9000381105F9F68AE090E00E94F8
:10120000099B0E94E474C1CF0C94B3880E94FD74C2
:101210000E94DB908CE60E942384811107C04FEF6F
:101220005FEF60E070E08CE60E94C28065E07DE0E8
:1012300080E090E00E9445748CE60E94A48880FFC4
:1012400008C08DE79EE20E940F9B0E94E47480E03C
:1012500008958FE89EE2F7CF0E94FD7481E30E941B
:10126000A488877099270397029740F486EA91E350
:101270000E940F9B0E94E47480E0089582EA91E34B
:10128000F7CF8F929F92AF92BF92CF92DF92EF9261
:10129000FF920F931F930E94B39181E08093722875
:1012A0000E94B97E82E0809372280E94B97E84E019
:1012B000809372280E94B97E88E0809372280E94F1
:1012C000B97EE12CF12C95E0A92EB12CC5010E2C94
:1012D00002C0959587950A94E2F780FF6EC081E081
:1012E0000E2C01C0880F0A94EAF7809372280E949E
:1012F000FD748CE60E942384882309F475C01F9234
:1013000082E08F9381EF9EE29F938F938EEA91E329
:101310009F938F930E94F79A0F900F900F900F90CA
:101320000F900F9000E010E082ED882E81E3982E60
:1013300084E6800F0E94A4889F938F931F930F933E
:10134000809172281F928F939F928F920E94F79A9A
:101350000F5F1F4F8DB79EB708968DBF9EBF04309D
:10136000110531F78FE70E942384882309F449C0CF
:101370001F9282E08F9381EF9EE29F938F938FEE77
:1013800091E39F938F930E94F79A0F900F900F9085
:101390000F900F900F90809172281F928F9381E28F
:1013A00092E39F938F930E94F79A0E94DB900E9492
:1013B000E4740F900F900F900F909FEFE91AF90AC5
:1013C00084E0E816F10409F081CF8FE00E94EE7806
:1013D00080E01F910F91FF90EF90DF90CF90BF9032
:1013E000AF909F908F9008958091B53782958F70C0
:1013F0001F928F93809172281F928F9385EB91E3B8
:1014000087CF8091B537C82EC694C694D12C90E270
:10141000C916D10411F4C12CD12CDF92CF921F92A6
:101420001F92809172281F928F938EEF91E39F936A
:101430008F930E94F79A8DB79EB708968DBF9EBF77
:10144000AACF0F931F9321E030E040E060E070E00E
:1014500083E00E943E808CE60E94F9806AE171E49C
:1014600080E090E00E9445748CE60E94A48883FF8F
:101470004BC09F938F9381E492E39F938F930E943D
:10148000F79A0F900F900F900F9085E090E09F9348
:101490008F9387EB92E39F938F930E94F79A0F901D
:1014A0000F900F900F900E94DB906AE171E480E052
:1014B00090E00E94457404E610E0802F0E94A4880A
:1014C0009C01009781F03F938F931F930F9380EFC0
:1014D00092E39F938F930E94F79A0F900F900F9033
:1014E0000F900F900F900F5F1F4F0736110529F7D0
:1014F00021E030E040E061E070E083E00E943E8067
:1015000080E01F910F9108952FE130E040E06EE1FF
:1015100070E08AE40E943E8013E04FEF5FEF60E3EB
:1015200070E084E20E94C28085E50E94A4884FEFAB
:101530005FEF65E070E091FD02C065E570E08CE56D
:101540000E94C2808CE60E94F9806AE171E480E02A
:1015500090E00E9445748CE60E94A4889C012115AD
:1015600080E13807A0F02227307F3F932F9387E652
:1015700092E39F938F930E94F79A0F900F900F9092
:101580000F908AE011501111C8CF90E080CF2FE169
:1015900030E040E06FE170E08AE40E943E8065E068
:1015A0007DE080E090E00E9445742FE130E040E073
:1015B00061E070E08AE40E943E8065E07DE080E0CA
:1015C00090E00E9445748CE60E94F9806AE171E423
:1015D00080E090E00E9445748CE60E94A4889C0103
:1015E000211580E1380708F45ECF2227307F3F9332
:1015F0002F938FE892E39F938F930E94F79A0F9017
:101600000F900F900F908DE0BDCF1F930E94C09060
:1016100028E030E047E061E070E082E00E943E8038
:1016200010E0812F0E94F9801F5F1F37D1F720E063
:1016300030E140E060E070E181E30E943E8065E0DF
:101640007DE080E090E00E94457420E030E140E0E1
:1016500060E070E081E30E943E806AE171E480E036
:1016600090E00E9445746AE48EE198E00E94C89080
:101670006CE585E090E00E94C89061E681E191E030
:101680000E94C89064E087EF97EF0E94C89065E0E1
:1016900084EF9FEE0E94C89066E087EF97EF0E946C
:1016A000C89061E58FED90E00E94C89062E58FEDF3
:1016B00090E00E94C89064E580E090E00E94C890AD
:1016C00065E580E092E00E94C89067E580E090E0E8
:1016D0000E94C89068E580E092E00E94C8906AE5A8
:1016E00080E090E00E94C8906BE580E092E00E946C
:1016F000C8906CE585E090E00E94C8906CE58DE8AC
:1017000098E80E94C8906CE585E090E00E94C8903F
:1017100060E08BE192E00E94C89069E480E090E094
:101720000E94C8906FE080E090E50E94C8906BE452
:1017300087E093E00E94C8906CE480E093E00E9410
:10174000C8906DE480E093E00E94C8906FE580E26D
:1017500091E30E94C8900E94DB9065E07DE080E00C
:1017600090E00E9445741F910C94218A1F930E945F
:10177000C09028E030E047E061E070E082E00E9445
:101780003E8010E0812F0E94F9801F5F1F37D1F744
:1017900020E030E140E060E070E181E30E943E80C3
:1017A00065E07DE080E090E00E94457420E030E15B
:1017B00040E060E070E081E30E943E806AE171E415
:1017C00080E090E00E9445746AE48EE19FE00E9410
:1017D000C8906CE585E090E00E94C89061E681E1E8
:1017E00091E00E94C89064E080EF90EF0E94C89062
:1017F00065E084EF9FEE0E94C89066E080EF90EF76
:101800000E94C89061E58FED90E00E94C89062E56B
:101810008FED90E00E94C89064E580E090E00E9427
:10182000C89065E580E092E00E94C89067E580E09E
:1018300090E00E94C89068E580E092E00E94C89025
:101840006AE580E090E00E94C8906BE580E092E05D
:101850000E94C8906CE585E090E00E94C8906CE51D
:101860008DE898E80E94C8906CE585E090E00E94C1
:10187000C8900E94DB9065E07DE080E090E00E94EF
:10188000457469E480E090E00E94C8901F910C9438
:10189000218A7F928F929F92AF92BF92CF92DF92D6
:1018A000EF92FF920F931F9370907228C72C0E94A3
:1018B000FD7471FAEE24E0F8F12C70FA882480F8B7
:1018C000912CE80CF91CEF2809F4B8C081E0809352
:1018D00072288091B026813709F0D6C00E94C0904E
:1018E00028E030E047E061E070E082E00E943E8066
:1018F000F12C8F2D0E94F980F3948FE7F812F9CF25
:1019000020E030E140E060E070E181E30E943E8051
:1019100065E07DE080E090E00E94457420E030E1E9
:1019200040E060E070E081E30E943E806AE171E4A3
:1019300080E090E00E9445746AE48EE191E00E94AC
:10194000C8906CE585E090E00E94C89061E681E176
:1019500091E00E94C89064E08EEF9EEF0E94C890D4
:1019600065E084EF9FEE0E94C89066E08EEF9EEFE8
:101970000E94C89061E58FED90E00E94C89062E5FA
:101980008FED90E00E94C89064E580E090E00E94B6
:10199000C89065E580E092E00E94C89067E580E02D
:1019A00090E00E94C89068E580E092E00E94C890B4
:1019B0006AE580E090E00E94C8906BE580E092E0EC
:1019C0000E94C8906CE585E090E00E94C8906CE5AC
:1019D0008DE898E80E94C8906CE585E090E00E9450
:1019E000C89060E08BE192E00E94C89069E480E0DA
:1019F00090E00E94C8906FE080E090E50E94C8905F
:101A00006BE487E093E00E94C8906CE480E093E090
:101A10000E94C8906DE480E093E00E94C8906FE55A
:101A200083E291E00E94C8900E94DB9065E07DE037
:101A300080E090E00E9445740E94218AC2FA00274B
:101A400000F910E0C3FAAA24A0F8B12C0A0D1B1D5E
:101A5000012B49F084E0809372288091B02686366D
:101A6000B1F00E94058B0E94E4747092722880E0AD
:101A70001F910F91FF90EF90DF90CF90BF90AF90AC
:101A80009F908F907F9008950E94B68BD7CF0E9431
:101A9000B68BE9CFFF920F931F93F09072280E94AC
:101AA00015940E94159481E0809372280E94FD7421
:101AB0000E94B68B082F10E00E94E47484E08093AB
:101AC00072280E94FD748091B43F9091B53F0197B8
:101AD00069F40E94B68B080F111D0E94E474F09205
:101AE0007228802F1F910F91FF9008950E94058BFF
:101AF000F2CFBF92CF92DF92EF92FF920F931F939C
:101B0000CF93DF9325EE3FE32093B8373093B93777
:101B100080ED9FE38093B6379093B7374EEF57E24F
:101B200040937A3750937B374CE058E24093CE375E
:101B30005093CF3720937437309375378093723733
:101B4000909373372093BC373093BD378093BA3767
:101B50009093BB3742EF58E240937C3750937D37E8
:101B600040E059E24093CC375093CD372093C037B3
:101B70003093C1378093BE379093BF374EE059E220
:101B800040937837509379374AEC57E24093CA37FD
:101B90005093CB374AE158E24093C8375093C93746
:101BA0002093C4373093C5378093C2379093C3379F
:101BB00048E258E240937637509377372093703756
:101BC0003093713780936E3790936F378EEC97E335
:101BD0008093C6379093C737E12CF12C00E0CC24DA
:101BE000C3948FE0D82E8C2D0E2C01C0880F0A9440
:101BF000EAF7809372288CE797E30E948C6D182F88
:101C00008CEC97E30E948C6D180F40E061E08CEC47
:101C100097E30E947977180F41E062E08CEC97E33C
:101C20000E947977B82EB10E40E064E08CEC97E327
:101C30000E947977182F1B0D40E068E08CEC97E349
:101C40000E947977180F40E060E18CEC97E30E94E6
:101C50007977180F40E060E28CEC97E30E94797787
:101C6000B82EB10E40E060E48CEC97E30E947977E7
:101C7000182F1B0D40E060E88CEC97E30E94797709
:101C8000180F40E061E08CE797E30E947977180F26
:101C900040E060E88CE797E30E947977180F41E015
:101CA00061E08CEC97E30E948074180F41E064E0DF
:101CB0008CEC97E30E948074180F41E068E08CEC94
:101CC00097E30E948074180F41E060E18CEC97E389
:101CD0000E948074180F41E060E28CEC97E30E9450
:101CE0008074180F40E060E48CEC97E30E948074ED
:101CF000180F41E060E88CEC97E30E948074180FA5
:101D000041E061E08CE797E30E948074180F41E0A6
:101D100060E88CE797E30E948074180F010FD0925F
:101D200072288FEFE81AF80AA4E0EA16F10409F025
:101D30005ACF0E94E474A895D0927228E12CF12C1D
:101D40008091722890E00E2C02C0959587950A9498
:101D5000E2F780FF07C041E068E08CEC97E30E9467
:101D60008074080FBFEFEB1AFB0AC4E0EC16F10415
:101D700039F70E940090080FA0917437B091753721
:101D8000E0917237F0917337108213E0118314835E
:101D90008281938128E3EC01288382819381EC0185
:101DA00019820280F381E02D81E0828314961C92D7
:101DB0008091CE379091CF374091743750917537DD
:101DC0006091723770917337DC01ED91FC91199538
:101DD000A0917437B0917537E0917237F0917337F5
:101DE0001082118314838281938120E3EC01288384
:101DF00082819381EC0119820280F381E02D1282AD
:101E000014961C928091CE379091CF3740917437C1
:101E1000509175376091723770917337DC01ED9195
:101E2000FC911995A0917437B0917537E091723794
:101E3000F09173371082118314838281938120E2A1
:101E4000EC01288382819381EC0119820280F38165
:101E5000E02D8FE3828314961C928091CE3790916F
:101E6000CF374091743750917537609172377091C8
:101E70007337DC01ED91FC911995A0917437B09105
:101E80007537E0917237F0917337108211831483A4
:101E90008281938127E0EC01288382819381EC0188
:101EA00019820280F381E02D128214961C92809197
:101EB000CE379091CF3740917437509175376091FC
:101EC000723770917337DC01ED91FC911995A091F7
:101ED0007437B0917537E0917237F0917337108293
:101EE00011831483828193812FE0EC012883828106
:101EF0009381EC0119820280F381E02D1282149605
:101F00001C928091CE379091CF3740917437509189
:101F100075376091723770917337DC01ED91FC91E8
:101F200019958FE70E940D6E0E944A8DE12CF12CCD
:101F300011E0812F0E2C01C0880F0A94EAF78093DC
:101F4000722861E170E081E190E00E948D73080FDA
:101F5000BFEFEB1AFB0AC4E0EC16F10451F781E77E
:101F60000E940D6E8FE0809372280E94B879182F1E
:101F700060E070E0CB010E947B76810F800FDF91E3
:101F8000CF911F910F91FF90EF90DF90CF90BF9076
:101F900008950E94798D882321F08DEE9AE20E94A7
:101FA0000F9B80E00895CF93DF93A0917037B0919D
:101FB0007137E0916E37F0916F37108293E0918323
:101FC0009483C281D3818F778883C281D3817983BF
:101FD0000280F381E02D628314961C928091763703
:101FE00090917737409170375091713760916E378B
:101FF00070916F37DC01ED91FC91DF91CF911994D5
:102000000F931F93CF9362E876E080E090E00E9408
:1020100045746AE178E280E00E94D38FCDE706E75D
:1020200017E301151105D1F0CE37C0F4EC2F0C2EBB
:10203000000CFF0B8827EC50FE458F4F0C949698B0
:1020400068E078E008C060E075E005C062E877E02D
:1020500002C063E47AE08C2F0E94D38FC15008F74E
:1020600080E0CF911F910F91089568EC70E3F3CF5A
:1020700062E0E7CF62EB70E0EECF60E070E2EBCFC2
:1020800064E0F9CF68EF70E1E6CF68E170EBE3CF91
:1020900061E070E5E0CF60E070E4DDCF68E778E113
:1020A000DACF6EE076E0D7CF60E8E5CF66E9E3CF40
:1020B00064E6E1CF67EB77E2CECF68E470E7CBCFA1
:1020C00069E074E0C8CF61E0D6CF6CE7D4CF6AE1B5
:1020D000BECF64E2E7CF62E0CECF68E8F2CF60E047
:1020E000CACF66EADCCF66EE73ECB5CF6FEBACCF50
:1020F00061E07EE1B0CF60E1BECF6EE571E0ABCFD5
:1021000065E0B9CF6FEF7FEFA6CF60EE72E2A3CFAD
:1021100062E27EECA0CF61EF9ACF60E073E09BCFEC
:1021200060EEFCCF60E871E496CF61E2CACF60E276
:10213000A2CF61E070E98FCF68EEF0CF68EA9BCF65
:102140006FEA99CF68E873E186CF64EFD7CF60E597
:10215000CBCF61E890CF6FE38ECF60E072CF6CE0C1
:102160008ACF65E688CF60E474E475CF67E083CFFB
:1021700060E078E770CF68E8C9CF68E37AE66BCFB4
:1021800021E030E040E061E070E082E00C943E80CD
:10219000CF93792FC62F2AE737E3232B51F04FEF48
:1021A0005FEF682F8C2F0E94C2808C2FCF910C94F0
:1021B0002384CF9108954FEF5FEF60E070E08CE6ED
:1021C0000E94C2804FEF5FEF60E070E08DE60E94FA
:1021D000C2804FEF5FEF60E070E084E60E94C28053
:1021E0004FEF5FEF60E070E085E60E94C2804FEF46
:1021F0005FEF60E070E086E60E94C2804FEF5FEF25
:1022000060E070E087E60E94C2804FEF5FEF60E021
:1022100070E088E60E94C2804FEF5FEF60E070E000
:1022200089E60E94C2804FEF5FEF60E070E08AE6CF
:102230000E94C2804FEF5FEF60E070E08BE60E948B
:10224000C28028E838E840E060E070E08CE50E9459
:102250003E8028E838E840E068E878E88CE50E94AD
:102260003E8028E838E840E060E070E08CE50C94BF
:102270003E804FEF5FEF0C94C2801F93CF93DF93AC
:10228000182F85E50E94A488EC0128E838E840E092
:1022900068E878E88CE50E943E8028E838E840E06D
:1022A00060E070E08CE50E943E804FEF5FEF11230D
:1022B000B1F160E370E084E20E94C2804FEF5FEF13
:1022C00065E070E0D1FD02C065E570E08CE50E943C
:1022D000C2808EE10E94F9808FE10E94F98080E245
:1022E0000E94F9808AE797E3892BB1F00E94218A46
:1022F000282F30E0882361F03F932F9382E296E30A
:102300009F938F930E94F79A0F900F900F900F90CA
:10231000DF91CF911F91089521E030E0EDCF60E093
:1023200070E084E20E94C2804FEF5FEF60E070E0F7
:102330008CE50E94C2804FEF5FEF60E070E08EE1BD
:102340000E94C2804FEF5FEF60E070E08FE10E947B
:10235000C2804FEF5FEF60E070E080E2DF91CF91ED
:102360001F910C94C280CF93DF9300D000D0CDB7E3
:10237000DEB788E797E3892B09F496C0CE01019672
:102380000E94187FE091C527882309F1E230B1F45B
:102390008091C727843048F48091C627883009F49B
:1023A00083C08150833008F47FC081E596E3269690
:1023B000CDBFDEBFDF91CF910C940F9BE130A9F729
:1023C0008091C727883088F78091C627EACF8A8115
:1023D0008E1741F1E15020E630E3E43038F4F0E0CC
:1023E000EE0FFF1FE651F74D20813181815084307F
:1023F00008F060C0E82FF0E0EE0FFF1FE651F74D48
:10240000808191813F932F939F938F938EE696E3E4
:102410009F938F930E94F79A0F900F900F900F90B9
:102420000F900F90EB81A091C627EA1741F1A150C0
:1024300020E630E3A83038F4B0E0AA0FBB1FA65264
:10244000B74D2D913C91E15080E690E3E83038F4AF
:10245000F0E0EE0FFF1FE652F74D808191813F9330
:102460002F939F938F9388EC96E39F938F930E9473
:10247000F79A0F900F900F900F900F900F908C8104
:102480009091C727891781F01F929F931F928F9376
:102490008CE197E39F938F930E94F79A0F900F9090
:1024A0000F900F900F900F902696CDBFDEBFDF915B
:1024B000CF91089580E690E3A5CFCF92DF92EF927F
:1024C000FF927C0186E797E3892B71F084E20E94FA
:1024D000D38FB70167707727606182E2FF90EF903A
:1024E000DF90CF900C94D38FFF90EF90DF90CF9040
:1024F0000895EF92FF920F931F93CF93DF93182FBE
:102500007B01042FE9010E94357B9E01002E02C051
:10251000220F331F0A94E2F72095309528233923A0
:10252000BE016E217F2102C0660F771F0A95E2F778
:10253000622B732B812FDF91CF911F910F91FF9011
:10254000EF900C94D38FCF93DF93C82FD62F8AE1CF
:102550000E942384DD2379F02CE030E042E0CC239C
:1025600019F023E030E040E060E070E08AE1DF91C4
:10257000CF910C943E802CE030E042E0CC2319F067
:1025800023E030E040E063E070E0F0CFCF93DF93F2
:10259000DC01892B81F14091743750917537E091BE
:1025A0007237F0917337108283E081838483828154
:1025B000938120E2EC01288382819381EC011982CE
:1025C0000280F381E02D81E001C0880F6A95EAF76F
:1025D0008283FA0114828D919C91409174375091BD
:1025E00075376091723770917337DC01ED91FC9112
:1025F000DF91CF911994DF91CF9108950F931F939D
:10260000CF93DF938C01CB01C42F0115110509F481
:102610005FC06091743770917537E0917237F091B7
:1026200073371082D3E0D183D48322813381D901DF
:102630004C9322813381AC0194E0569547959A954D
:10264000E1F7D90111964C930280F381E02D829538
:10265000807F8283FB011482D8018D919C914091EF
:102660007437509175376091723770917337DC0110
:10267000ED91FC911995A0917437B0917537E09167
:102680007237F09173371082D183D4838281938122
:102690002C2F2860EC012883C281D381198202800B
:1026A000F381E02D128214961C92F80180819181B1
:1026B00040917437509175376091723770917337CC
:1026C000DC01ED91FC91DF91CF911F910F91199455
:1026D000DF91CF911F910F910895DF92EF92FF92BA
:1026E0000F931F93CF93DF93D82FC62F8FEF860FB3
:1026F0008F3008F092C060937228E62EF12CDD2313
:1027000009F45DC000E010E0DD24D394C701002E81
:1027100002C0959587950A94E2F780FF10C08D2D31
:10272000002E01C0880F0A94EAF78093722841E0D6
:1027300060E88CE797E30E948074C09372280F5F73
:102740001F4F0430110511F7C0FF0BC081E08093CB
:1027500072280E94FD746D2F80E00E94A3920E9457
:10276000E474C1FF0BC081E0809372280E94FD7465
:102770006D2F81E00E94A3920E94E474C2FF0BC0FF
:1027800084E0809372280E94FD746D2F80E00E9487
:10279000A3920E94E474C3FF40C084E08093722837
:1027A0000E94FD746D2F81E00E94A392DF91CF9172
:1027B0001F910F91FF90EF90DF900C94E47486E7E7
:1027C00097E3892B11F00E94B87960E070E0CB01AB
:1027D0000E947B7600E010E0DD24D394C701002E38
:1027E00002C0959587950A94E2F780FF10C08D2D61
:1027F000002E01C0880F0A94EAF78093722840E007
:1028000060E88CE797E30E948074C09372280F5FA2
:102810001F4F0430110511F797CFDF91CF911F9112
:102820000F91FF90EF90DF9008950F931F93CF9338
:10283000DF93C0E0D0E001E010E0C8010C2E02C040
:10284000880F991F0A94E2F79C0125703327232BE8
:1028500001F18093722840E064E08CE797E30E94E6
:10286000797740E060E28CE797E30E94797741E076
:1028700060E48CE797E30E94797741E064E08CE7BD
:1028800097E30E94807440E060E28CE797E30E9447
:1028900080742196C430D10581F6C0E0D0E001E01B
:1028A00010E0C8010C2E02C0880F991F0A94E2F7AD
:1028B0009C012A703327232B09F46EC08093722861
:1028C00040E064E08CE797E30E94797740E068E0BD
:1028D0008CE797E30E94797740E060E18CE797E32B
:1028E0000E94797740E060E28CE797E30E94797775
:1028F00040E060E48CE797E30E94797741E064E090
:102900008CE797E30E94807440E060E48CE797E3F3
:102910000E94807441E060E28CE797E30E9480743B
:1029200040E060E18CE797E30E94807440E068E05B
:102930008CE797E30E94807441E060E48CE797E3C2
:102940000E94807465E176E185E090E00E94457424
:1029500041E060E18CE797E30E9480746AE171E4F2
:1029600080E090E00E94457440E060E18CE797E3EE
:102970000E94807440E060E28CE797E30E948074DC
:102980006AE171E480E090E00E94457441E060E11A
:102990008CE797E30E9480742196C430D10509F03A
:1029A00080CF8FE080937228DF91CF911F910F919C
:1029B00008950F92CDB7DEB7198283E798E280932E
:1029C000F03F9093F13F85ED9FE38093E73F909335
:1029D000E83F80EC9FE38093D23F9093D33F809178
:1029E00050008260809350008091510081FFFCCFA5
:1029F00018ED14BFFF24F394F092400065ED7CEDD8
:102A000082E390E00E944574F89414BFF09296001F
:102A100062E088E299E20E940A25182F64E08EEFB6
:102A200097E20E940D26180F23EF31E041E050E0BD
:102A30006CEA7DE380EA9FE30E94EF512BED35E0E5
:102A400041E050E060ED77E38AEA9FE30E94EF51B6
:102A500061E081E898E20E94EF31E82E62E08EECBE
:102A600097E20E94591A082F87E08093A200909164
:102A7000A20090689093A2008093A20078940E9494
:102A8000B14A8AE00E94484A20E148E061E080E0E3
:102A900092E00E94684320E149E062E080E092E039
:102AA0000E94684320E14AE064E080E092E00E94F6
:102AB000684320E14BE068E080E092E00E946843D8
:102AC00020E42093010690E890930106F0926106BD
:102AD00082E08093610664E06093610648E0409381
:102AE00061064093810630E1309381069093210680
:102AF0003093210650E25093210690934106909323
:102B00008106F0920206609302064093010630931C
:102B1000010650930206F0922206809322066093EB
:102B20002206409322063093A1065093A1062093DB
:102B3000A1069093A1068981180F100F1E0D19830D
:102B4000A895209301069093010620930506909383
:102B500006062093060616E000E465E176E185E0CE
:102B600090E00E9445740093070611501111F5CFB3
:102B70000093060680E88093060616E000E865E10B
:102B800076E185E090E00E944574009307061150BD
:102B90001111F5CF0093060684E58093B63F88E7D0
:102BA0008093B73F1092B83F1092B43F1092B53F58
:102BB0000E94798D9981980F9983A8958FE08093D1
:102BC00072280E9424769981980F9983A8950E9473
:102BD0005B788981882391F01F928F9381EF9EE229
:102BE0009F938F938AE193E39F938F930E94F79A29
:102BF0000F900F900F900F900F900F908BE599E230
:102C00009F938F930E94F79A19820F900F90A89527
:102C10008AEA9FE30E947A52892BF1F08E010F5FBE
:102C20001F4F2AE046E358E260EA7FE38AEA9FE327
:102C30000E94305A81508B3078F420E040E06AE006
:102C400086E398E20E94946B8BE599E29F938F93C1
:102C50000E94F79A0F900F9089818823C1F28FE02C
:102C6000809372280E94247681EF9EE29F938F9337
:102C700087E293E39F938F930E94F79A80E090E01E
:102C80000F900F900F900F900F9008954091CA01F0
:102C9000E62FF72F8093CA0184914093CA010895CB
:102CA0005058BB27AA270ED070C161D130F066D131
:102CB00020F031F49F3F11F41EF456C10EF4E0955C
:102CC000E7FB4CC1E92F72D180F3BA176207730793
:102CD0008407950718F071F49EF58AC10EF4E0950B
:102CE0000B2EBA2FA02D0B01B90190010C01CA01C6
:102CF000A0011124FF27591B99F0593F50F4503E71
:102D000068F11A16F040A22F232F342F4427585F62
:102D1000F3CF469537952795A795F0405395C9F77A
:102D20007EF41F16BA0B620B730B840BBAF0915032
:102D3000A1F0FF0FBB1F661F771F881FC2F70EC0D1
:102D4000BA0F621F731F841F48F4879577956795A4
:102D5000B795F7959E3F08F0B3CF9395880F08F08D
:102D60009927EE0F979587950895D4D008F481E0C0
:102D700008950CD00AC102D140F0F9D030F021F40E
:102D80005F3F19F0EBC0511134C1EEC00FD198F381
:102D90009923C9F35523B1F3951B550BBB27AA27DC
:102DA00062177307840738F09F5F5F4F220F331F4E
:102DB000441FAA1FA9F333D00E2E3AF0E0E830D01A
:102DC00091505040E695001CCAF729D0FE2F27D01D
:102DD000660F771F881FBB1F261737074807AB07EB
:102DE000B0E809F0BB0B802DBF01FF2793585F4F60
:102DF0002AF09E3F510568F0B1C0FBC05F3FECF385
:102E0000983EDCF3869577956795B795F7959F5F24
:102E1000C9F7880F911D9695879597F90895E1E078
:102E2000660F771F881FBB1F621773078407BA07D7
:102E300020F0621B730B840BBA0BEE1F88F7E09532
:102E40000895BCD088F09F5790F0B92F9927B751BB
:102E5000A0F0D1F0660F771F881F991F1AF0BA955E
:102E6000C9F712C0B13081F0C3D0B1E00895C0C03D
:102E7000672F782F8827B85F39F0B93FCCF3869554
:102E800077956795B395D9F73EF4909580957095B1
:102E900061957F4F8F4F9F4F0895E89409C097FB2E
:102EA0003EF490958095709561957F4F8F4F9F4F21
:102EB0009923A9F0F92F96E9BB279395F695879565
:102EC00077956795B795F111F8CFFAF4BB0F11F428
:102ED00060FF1BC06F5F7F4F8F4F9F4F16C08823CF
:102EE00011F096E911C0772321F09EE8872F762F05
:102EF00005C0662371F096E8862F70E060E02AF046
:102F00009A95660F771F881FDAF7880F9695879531
:102F100097F90895990F0008550FAA0BE0E8FEEF06
:102F200016161706E807F907C0F012161306E4078D
:102F3000F50798F0621B730B840B950B39F40A2686
:102F400061F0232B242B252B21F408950A2609F464
:102F5000A140A6958FEF811D811D089597F99F6768
:102F600080E870E060E008959FEF80EC0895002411
:102F70000A941616170618060906089500240A94DE
:102F800012161306140605060895092E0394000C64
:102F900011F4882352F0BB0F40F4BF2B11F460FFF3
:102FA00004C06F5F7F4F8F4F9F4F089557FD90581C
:102FB000440F551F59F05F3F71F04795880F97FBFD
:102FC000991F61F09F3F79F08795089512161306B7
:102FD0001406551FF2CF4695F1DF08C016161706E6
:102FE0001806991FF1CF869571056105089408951B
:102FF000E894BB2766277727CB0197F908950BD074
:10300000C4CFB5DF28F0BADF18F0952309F0A6CFBA
:10301000ABCF1124EECFCADFA0F3959FD1F3950F6C
:1030200050E0551F629FF001729FBB27F00DB11D4C
:10303000639FAA27F00DB11DAA1F649F6627B00DDC
:10304000A11D661F829F2227B00DA11D621F739FC5
:10305000B00DA11D621F839FA00D611D221F749FD3
:103060003327A00D611D231F849F600D211D822F1A
:10307000762F6A2F11249F5750408AF0E1F0882361
:103080004AF0EE0FFF1FBB1F661F771F881F91506E
:103090005040A9F79E3F510570F060CFAACF5F3F27
:1030A000ECF3983EDCF3869577956795B795F795A1
:1030B000E7959F5FC1F7FE2B880F911D9695879529
:1030C00097F908951BBEFC0128ED24BF6083089585
:1030D000991B79E004C0991F961708F0961B881F6A
:1030E0007A95C9F780950895A1E21A2EAA1BBB1BF9
:1030F000FD010DC0AA1FBB1FEE1FFF1FA217B307C4
:10310000E407F50720F0A21BB30BE40BF50B661FD9
:10311000771F881F991F1A9469F76095709580959D
:1031200090959B01AC01BD01CF010895EE0FFF1FEB
:10313000881F8BBF0790F691E02D19940E94A899E3
:10314000A59F900DB49F900DA49F800D911D1124FB
:103150000895DF93CF931F930F939A9DF02D219F96
:10316000F00D8B9DF00D8A9DE02DF10D039FF00D6C
:10317000029FE00DF11D4E9DE00DF11D5E9DF00DD5
:103180004F9DF00D7F936F93BF92AF925F934F93DC
:10319000D5010E94A8998B01AC01D7010E94A89982
:1031A000EB01E80FF91FD6010E94F8982F913F918B
:1031B000D6010E94A899C60FD71FE81FF91FAF912B
:1031C000BF910E94F8982F913F910E94A899C60F35
:1031D000D71FE81FF91FD6010E94A899E60FF71F15
:1031E0009801BE01CF010F911F91CF91DF910895FA
:1031F0000E94A899460F571FC81FD91F08F431967F
:103200000895689401C0E8948F929F92CF93DF93C2
:103210000E940F99DF91CF919F908F9008958824FD
:103220009924F401E401B0E49F93AA279A158B0432
:103230009C04ED05FE05CF05D007A10798F4AD2F3E
:10324000DC2FCF2FFE2FE92D982C892E982F872F3A
:10325000762F652F542F432F322F2227B85031F766
:10326000BF9127C01B2EBF91BB27220F331F441FC6
:10327000551F661F771F881F991F881C991CEE1FFA
:10328000FF1FCC1FDD1FAA1FBB1F8A149B04EC0568
:10329000FD05CE05DF05A007B10748F08A189B0899
:1032A000EC09FD09CE09DF09A00BB10B21601A94CE
:1032B000E1F62EF49401AF01BE01CD01000C08959A
:1032C000002E083090F0982F872F762F652F542FDF
:1032D000432F322F22270850F4CF220F331F441FD1
:1032E000551F661F771F881F991F0A95B2F7002D7B
:1032F000089597FD1094002E083098F00850232F61
:10330000342F452F562F672F782F892F912DF4CFEB
:103310001594979587957795679557954795379520
:1033200027950A95AAF71124002D08952A0D3B1D13
:103330004C1D5D1D6E1D7F1D801F911F08952A1954
:103340003B094C095D096E097F09800B910B0895BB
:10335000A29FB001B39FC001A39F700D811D1124D6
:10336000911DB29F700D811D1124911D08950F9321
:103370001F93CF93DF939C01029710F422E030E07B
:10338000E091EA3FF091EB3F90E080E0B0E0A0E018
:10339000309791F4009709F445C0821B930B843059
:1033A0009105B8F58A819B816115710569F1FB0171
:1033B00082839383FE0111C0408151810281138178
:1033C00042175307F0F04217530799F4109761F032
:1033D00012960C93129713961C933296CF01DF919D
:1033E000CF911F910F9108950093EA3F1093EB3F07
:1033F000F4CF009719F04817590718F4CA01BD0116
:10340000EF01DF01F801C4CF8093EA3F9093EB3FD7
:10341000D1CFFE01E80FF91F2193319302978883E2
:103420009983DCCF8091EC3F9091ED3F892B41F463
:1034300080919728909198288093EC3F9093ED3F4E
:103440008091952890919628009741F48DB79EB76A
:103450004091992850919A28841B950B4091EC3FFC
:103460005091ED3F4817590708F0B8CF841B950BD2
:103470008217930708F4B2CFB9016E5F7F4F8617AA
:10348000970708F4ABCF640F751F6093EC3F709300
:10349000ED3FFA0121933193A1CFCF93DF939C01AC
:1034A0000097E9F0FC01329712821382C091EA3F43
:1034B000D091EB3FDE0190E080E02097A1F4808185
:1034C0009181280F391F8091EC3F9091ED3F821739
:1034D000930709F067C0E093EC3FF093ED3FDF9175
:1034E000CF910895DA01AE17BF0708F041C01296D8
:1034F0004D915C911397CD014115510599F7DC0170
:103500001296ED93FC9313974D915D91A40FB51F07
:10351000EA17FB0781F4208131812E5F3F4F240F92
:10352000351FDC012D933C93119722813381129634
:103530002D933C931397B0E0A0E08A819B81009784
:10354000B1F5FE0181919191E80FF91F8091EC3F57
:103550009091ED3F8E179F0711F6109759F5109235
:10356000EA3F1092EB3FC093EC3FD093ED3FB7CFD3
:10357000A283B38340815181240F351FA217B30763
:1035800071F44E5F5F4F2D913C911197240F351FC1
:103590002083318312962D913C91228333830097AF
:1035A00009F0ADCFE093EA3FF093EB3F98CFDE0117
:1035B000EC01C3CF12961D921C921397D4CFFB013E
:1035C000DC014150504048F005900D920020C9F7B1
:1035D00001C01D9241505040E0F70895FB01DC010D
:1035E00002C001900D9241505040D8F70895CF93FA
:1035F000DF93CDB7DEB7FE01369661917191AF01D1
:103600008091F03F9091F13F0E94579BDF91CF91C5
:1036100008956091F03F7091F13F0C9496A00F9344
:103620001F93CF93DF93E091F03FF091F13F23811F
:1036300000E010E021FD0EC00FEF1FEFC801DF9189
:10364000CF911F910F9108951995892B11F00FEFCC
:103650001FEFCE01EC0189916091F03F7091F13F35
:10366000DB011896ED91FC918111EECF8AE019955E
:10367000892B21F3E1CFCF93DF93CDB7DEB72E9720
:10368000CDBFDEBF85E08C838C899D8989839A8339
:10369000AE01485E5F4F6E897F89CE0101960E9420
:1036A000F49E2E96CDBFDEBFDF91CF9108952F926D
:1036B0003F924F925F926F927F928F929F92AF92C2
:1036C000BF92CF92DF92EF92FF920F931F93CF930F
:1036D000DF93CDB7DEB72F97CDBFDEBF7C013B01B7
:1036E0008A01DC0116961D921C92179713968C91F5
:1036F00081FFD0C19AE0292EFE0131964F01D701FA
:1037000013969C91F30193FD859193FF81913F0165
:10371000882309F444C1853239F493FD859193FFE0
:1037200081913F01853229F4B70190E00E9496A073
:10373000E6CFB12C412C512CBFE1B51538F08B32BE
:1037400009F188F4803201F1833221F157FC3AC04B
:1037500020ED280F2A3040F556FE1FC0B29C200DE8
:103760001124B22E06C08D3291F0803379F768941F
:1037700050F8F30193FD859193FF81913F018111F1
:10378000DBCF20C0689451F8689452F8F2CF689467
:1037900053F8EFCF689454F8ECCF429C200D1124DD
:1037A000422E689455F8E5CF8E3229F456FCF7C0C6
:1037B000689456F8DECF8C3619F4689457F8D9CF50
:1037C0008836B9F2982F9F7D95549330C0F0833698
:1037D00081F18337A1F1833509F05BC0D801CD9029
:1037E000DD908D016B2D70E056FC02C06FEF7FEF16
:1037F000C6010E9442A05C01689457F80AC00C5FA1
:103800001F4FEFE3E983AA24A394B12C6401E89449
:1038100057F853FE29C0342CA114B10451F53320BC
:1038200009F46DCFB70180E290E00E9496A03A942F
:10383000F6CFD8018C9189830E5F1F4FE4CFF8013A
:10384000C190D1908F016B2D70E056FC02C06FEFDC
:103850007FEFC6010E944DA05C01D9CFB70180E285
:1038600090E00E9496A04A944A141B0409F0B0F715
:10387000D2CFF60157FC859157FE81916F01B701B8
:1038800090E00E9496A031103A94B1E0AB1AB108D2
:10389000C3CF843619F0893609F071C0F80157FE9C
:1038A00067C061917191819191918F01E52DEF76C2
:1038B000DE2E97FF09C090958095709561957F4F9A
:1038C0008F4F9F4F6894D7F82AE030E0A4010E9400
:1038D000DEA0C82EC818AC2C5D2CD6FE0CC0E89417
:1038E00050F8CB1440F4D4FE05C0D2FC03C05D2DCB
:1038F0005E7E552EAB2C54FEA5C0FE01EC0DF11DD5
:103900008081803309F097C0652D697E562E752D14
:103910007870372E53FCA5C050FE9FC0BC2CA41459
:1039200010F4B40CBA1854FEA2C0B70180E390E0C2
:103930000E9496A052FE07C088E751FC88E590E0FF
:10394000B7010E9496A0CB1408F49DC0CA94D12C54
:103950008FEFC81AD80AC80CD91CD6018E916D01F8
:10396000B70190E00E9496A08C149D04B1F757CF48
:1039700061917191072E000C880B990B96CFD52C75
:10398000E894D4F82AE08537B9F1F52DF97FDF2ED8
:10399000803731F1E8F4883531F18F3661F1F70184
:1039A000868197812F96CDBFDEBFDF91CF911F918A
:1039B0000F91FF90EF90DF90CF90BF90AF909F90CE
:1039C0008F907F906F905F904F903F902F900895D1
:1039D000883729F7D4FE02C06894D2F820E10CC0E1
:1039E0006894D4F8F7CF54FE03C02F2F2660D22E50
:1039F00020E132E002C028E030E0F801D7FE15C037
:103A000041915191619171914C875D876E877F875C
:103A10008F01A4016C857D858E859F850E94DEA027
:103A2000C82EC818E894D7F856CF81919191AC016F
:103A300070E060E0E9CF52FC02C0A39468CFA39489
:103A4000A39465CF852D867809F461CFF6CFB701B1
:103A500080E290E00E9496A0A394A414C0F3312CBD
:103A600062CF342C3A18A41408F45DCFF8CF852D1A
:103A7000867809F468CF8BE251FE80E257FC8DE234
:103A8000B70190E05ECFB70180E390E00E9496A07E
:103A9000BA9459CF8FEF9FEF85CFFC01CA01DB01AC
:103AA00020FD08C023FD05C022FF02C0B383A2830E
:103AB000918380830895CF92DF92EF92FF92CF930C
:103AC000DF9300D00F92CDB7DEB76B017C0183E0AE
:103AD00044FD10C084E046FD0DC0D601F701AA0FD9
:103AE000BB1FEE1FFF1F1094D1F7CA0EDB1EEE1E88
:103AF000FF1E81E0CC0CDD1CEE1CFF1C8150D1F7B9
:103B0000D701C601820F911DA11DB11DBC01CD01C0
:103B10002496CDBFDEBFDF91CF91FF90EF90DF9075
:103B2000CF9008950F931F93CF93DF938C01C8011B
:103B30000E9458A0EC0197FD08C00E942EA0892B7E
:103B4000B1F7B801CE010E94C6A0CE01DF91CF919E
:103B50001F910F910895AF92BF92CF92DF92EF9293
:103B6000FF920F931F93CF93DF938C01C62F5A01BF
:103B7000F22E0E9458A0FC019927EB3221F08D977C
:103B8000B1F46894F7F8C15061F480E0DF91CF910F
:103B90001F910F91FF90EF90DF90CF90BF90AF906B
:103BA0000895C8010E9458A0FC0197FDEECFDF2DBB
:103BB000DD7F8F2D807309F5E033F9F4EE24EA946C
:103BC000EC0EC13091F0C8010E9458A0FC0197FD95
:103BD0000CC08F7D883569F4D264C25031F0C801C1
:103BE0000E9458A0FC0197FF08C0C12CD12C76017F
:103BF0001CC0F6FE2CC0D260CE2DC12CD12C76017B
:103C000020ED2E0F283030F1D4FD09C02A3010F1FC
:103C1000D6FF05C02F7D8FEE820F8630D0F0B80121
:103C2000CF010E94C6A0D1FFB0CFD7FF08C0F0944B
:103C3000E094D094C094C11CD11CE11CF11C2D2F28
:103C4000B701A601C5010E944D9D81E09FCFD261C1
:103C5000D3CF27504D2FC701B6010E945B9D6B014A
:103C60007C01D260C15009F3C8010E9458A0FC0138
:103C700097FFC6CFDACF8F929F92AF92BF92CF922B
:103C8000DF92EF92FF920F931F93CF93DF93CDB705
:103C9000DEB7A097CDBFDEBF6C01962E7A01CE01B4
:103CA00001965C0180E2F50111928A95E9F7F6012F
:103CB0008380890150E040E0B0E020E0A0E061E0D6
:103CC00070E0F80183FC959183FE9191892F8F011B
:103CD000911113C010E000E0C801A096CDBFDEBF77
:103CE000DF91CF911F910F91FF90EF90DF90CF90D8
:103CF000BF90AF909F908F9008959E3519F4411515
:103D0000510531F1A4171506ECF49D3549F19D32AA
:103D1000C9F4222309F1982F969596959695F50169
:103D2000E90FF11D982F97709B0101C0220F9A9502
:103D3000EAF79081922B90838B1781F08B1730F4E8
:103D40008F5FE9CF2111E7CFB92FE5CF8150E3CFC6
:103D5000A1E04F5F5F4FB5CF21E0FBCF20E0F9CF6F
:103D6000222319F08E8180628E83AA2361F0F501EF
:103D70009E012F5D3F4F8081DF01319680958C93AE
:103D8000E217F307C1F788248394C6010E9458A064
:103D900097FD16C0282F269526952695F501E20F4A
:103DA000F11D208130E0AC014770552702C03595E8
:103DB00027954A95E2F720FD06C0B6010E94C6A0ED
:103DC000882059F087CFE114F10419F0F7018193AD
:103DD0007F019A94812C9110D8CFE114F10409F459
:103DE0007BCFF701108278CF6F927F928F929F9254
:103DF000AF92BF92CF92DF92EF92FF920F931F93F9
:103E0000CF93DF9300D000D0CDB7DEB75C016D83D8
:103E10007E83742E652EDC0116961D921C921797D8
:103E2000C12CD5011396FC90ED81FE81F3FC8591A8
:103E3000F3FE8191182FED83FE838823F9F090E043
:103E40000E942EA0892B21F0C5010E94929DE9CFEE
:103E5000153251F4ED81FE81F3FC1591F3FE1191C1
:103E6000ED83FE83153269F4C5010E9458A097FDC9
:103E7000A3C01817B1F2B5010E94C6A08C2D90E026
:103E80009FC000E01A3249F4ED81FE81F3FC1591E8
:103E9000F3FE1191ED83FE8301E0D12C20ED210F83
:103EA0002A3060F101FF42C0DD2041F3183609F4E9
:103EB00040C01C3609F449C0112301F3612F70E0A2
:103EC00080EF96E00E9437A0892BC1F2E12CF12C03
:103ED00000FD06C0E72DF62DE190F1907E2E6F2EAD
:103EE0001E3609F03CC0D50116964D915C9170E0EC
:103EF00060E0202FC7010E944D9D93CF02608D2D61
:103F000090E0B0E0A0E089839A83AB83BC8340E279
:103F1000BC01CD010E945B9DD62EED81FE81F3FC9C
:103F20001591F3FE1191ED83FE83B8CFDD24DA9471
:103F3000BDCFED81FE81F3FC1591F3FE1191ED8370
:103F4000FE83183609F0B8CF08600460ED81FE8169
:103F5000F3FC1591F3FE1191ED83FE83ADCF133683
:103F6000B1F401FD02C0DD24D394C5010E9458A024
:103F700097FD22C0E114F10419F0F70181937F014C
:103F8000DA94D110F2CF00FD4CCFC3944ACF1B3549
:103F900049F52D813E81A7016D2DC5010E943B9EF3
:103FA0008D839E83ED81FE81EF2B69F7D5011396FA
:103FB0008C91807309F462CF8FEF9FEFC1105ECFB9
:103FC0002696CDBFDEBFDF91CF911F910F91FF905D
:103FD000EF90DF90CF90BF90AF909F908F907F90A9
:103FE0006F900895C5010E94929D97FDE5CF1F3601
:103FF00099F130F4143641F0193639F0006405C0F7
:104000001337A9F01537D1F70062202FA7016D2DC6
:10401000C5010E94AB9D8111B6CFC8CFE114F10458
:1040200019F0F70181927F01DA94DD2071F0C5016A
:104030000E9458A04C0197FD08C00E942EA0892B19
:1040400069F3B501C4010E94C6A0E114F10409F4AA
:104050009ACFF701108297CF0061D7CF91110C94BE
:104060003CA1803219F089508550C8F70895FC01B1
:104070000590061621F00020D9F7C0010895319768
:10408000CF010895FC010590615070400110D8F7F0
:10409000809590958E0F9F1F0895FC016150704090
:1040A00001900110D8F7809590958E0F9F1F08956D
:1040B000CF93DF93EC018B8180FF33C086FF0CC070
:1040C0008F7B8B838E819F8101968E839F838A81D4
:1040D00090E0DF91CF91089582FF15C0E881F981CA
:1040E0009081292F092E000C330B80629923C1F097
:1040F0003196E883F9838E819F8101968E839F8319
:10410000C9019927E6CFEA85FB85CE0119959C0167
:1041100097FFF1CF9B812F3F3F4F31F080E2892BFA
:104120008B838FEF9FEFD5CF80E1F9CF0F931F9354
:10413000CF93DF93182F092FEB018B8181FD09C0ED
:104140001FEF0FEF812F902FDF91CF911F910F91D4
:10415000089582FF14C02E813F818C819D81281794
:1041600039073CF4E881F981CF010196888399836E
:1041700010838E819F8101968E839F83E3CFE88594
:10418000F985812F1995892BA1F3DACFFB012381C2
:1041900020FF11C026FD0FC08F3F980771F082836A
:1041A0002F7D206423832681378121503109268386
:1041B0003783992708958FEF9FEF0895FA01AA2773
:1041C000283051F1203181F1E8946F936E7F6E5F5A
:1041D0007F4F8F4F9F4FAF4FB1E03ED0B4E03CD008
:1041E000670F781F891F9A1FA11D680F791F8A1FEB
:1041F000911DA11D6A0F711D811D911DA11D20D052
:1042000009F468943F912AE0269F11243019305D0B
:104210003193DEF6CF010895462F4770405D4193FC
:10422000B3E00FD0C9F7F6CF462F4F70405D4A3349
:1042300018F0495D31FD4052419302D0A9F7EACF11
:10424000B4E0A6959795879577956795BA95C9F740
:1042500000976105710508959B01AC010A2E069433
:104260005795479537952795BA95C9F7620F731FEC
:10427000841F951FA01D0895992788270895F894F5
:10428000FFCFDA40DC40DE40EC40E040EC40EC4068
:10429000EC40E240EC40EC40EC40EC40EC40EC40C8
:1042A000EC40E440EC40EC40EC40EC40EC40EC40B6
:1042B000EC40EC40EC40EC40EC40EC40EC40EC409E
:1042C000EC40E64004810B81128119812081278115
:1042D0002E81228435813C8143814A8151815881DC
:1042E0005F8166816D8174817B818281898190810A
:1042F00097819E81A581AC81B381BA81C181C8813A
:10430000CF81D681DD81E481EB81F281F981008268
:1043100007820E8215821C8223822A823182388291
:104320003F8246824D8254825B826282698222840D
:1043300022842284228422842284708277827E8254
:1043400085828C82938222842284228422849A828F
:10435000A182A882AF82B682BD82C482CB82D28281
:10436000D982E082E782EE82F582FC8203830A83AF
:10437000118318831F8326832D8334833B832284F8
:1043800042834983508357835E8365836C83738341
:104390007A83818388838F8396839D83A483AB8371
:1043A000B283B983C083C783CE83D583DC83E383A1
:1043B000EA83F183F883FF8306840D8414841B84CD
:1043C00055875D87618765876B8779877D87838759
:1043D00089878D879C87A287A687AA87B087BE8793
:1043E000C287C887CE87D287BD9020902390269021
:1043F0002990359038903A903D9040904290459069
:1044000048904B904E9051905490569058905A909E
:104410005D906090639065906790699020906B903C
:104420006D906F9071907390769078907B904090A3
:104430007D908090829082906F906F906F906F903F
:10444000859088908B908D909090929054905490FD
:1044500095906F906F906F906F90979099906390F8
:104460009C909E90A0906F90A2906F90A5906F905E
:104470009C906F90A790A9906390AB906F90AD9037
:10448000AF906F90B1906F906F906F906F906F90B2
:104490006F906F906F906F906F906F906F906F9024
:1044A0006F906F906F906F906F906F906F906F9014
:1044B0006F906F906F906F906F90B390B6902E90BA
:1044C0002E902E902E902E902E902E90B8906F9031
:1044D0006F906F906F906F906F906F906F906F90E4
:0444E0006F90BB908E
:1044E4005454545470717273707172730118191AA0
:1044F4001B0304052C2D2E2F0C0C0D0D232324241B
:1045040000003B332D00000100000000000000000B
:1045140000E6783E33650000000000000000000063
:104524000000DE7744337600000100000000000044
:10453400000000956E933563060000000000000043
:1045440000000000E36E4C336C0600000000000025
:104554000000000000ED6E4F334106030000000030
:104564000000000000007C6D5F354606000000007E
:1045740000000000000000727B55334C0600000070
:104584000000000000000000CF7B5B334406000005
:104594000000000000000000000C7C6233520600A2
:1045A4000000000000000000000060726A334E0644
:1045B40000000000000000000000003E7C72336632
:1045C4000600000000000000000000007E6D862F41
:1045D40072060000000000000000000000806D7EF4
:1045E4002F6E060000000000000000000000826D35
:1045F400C92F6406000000000000000000000084D1
:104604006D7A337606000000000000000000000010
:104614009C7E7E336706000000000000000000005E
:10462400007D7285334A060003000000000000008C
:104634000000866D8C33610600030000000000005A
:104644000000005270913377060003000000000060
:1046540000000000FF7297337006000000000000A5
:104664000000000000886D9E336F0600000000000B
:104674000000000000003C73A53353060000000056
:10468400000000000000004E70AC336B0600000018
:1046940000000000000000004B73B5335106000019
:1046A4000000000000000000006C73BB33500600E3
:1046B400000000000000000000008A6DC2334D06B7
:1046C4000000000000000000000000F76EC7334F38
:1046D400060000000000000000000000016FCB3362
:1046E4006206000000000000000000000016729343
:1046F400356300000F0000000000000000007A6D28
:10470400D333640100000000000000000000001525
:104714007BD733730200000000000000000000009B
:1047240005D07193356300000F0000000000000005
:104734000000C98F963469010000000000000000E9
:1047440000000005722B3464020000000000000029
:1047540000000000418930346503000000000000BF
:104764000000000000C17A35346D04000000000030
:10477400000000000000E2788634720500000000AA
:10478400000000000000006D763A346B0600000063
:10479400000000000000000077763F34700700003E
:1047A400000000000000000000D4784534760800C2
:1047B40000000000000000000000527456316C0933
:1047C400000300000000000000000046794D34742E
:1047D4000A00000000000000000000006B6E52346C
:1047E400610B00000000000000000000004B725646
:1047F400346F0C0000000000000000000000DD75B4
:104804005A34730D00000000000000000000006234
:104814006D5135670E00000000000000000000002C
:10482400777F613468000000000000000000000091
:1048340000107267346200000000000000000000F5
:1048440000009B7193356300000F0000000000001E
:10485400000000406E723468010000000000000097
:1048640000000000496D7C3472020000000000006A
:1048740000000000005A6D8C347803000000000032
:10488400000000000000606D9B346A03000000001B
:10489400000000000000000E7FA5346C040000003E
:1048A40000000000000000004A70B23464050000FB
:1048B4000000000000000000005B6EBF34760500BD
:1048C400000000000000000000001A78CC346605E7
:1048D4000000000000000000000000DE78D6347301
:1048E4000500000000000000000000000689E1341B
:1048F400700400000000000000000000002C89EC9F
:104904003465040000000000000000000000D687A9
:10491400FB34610400000000000000000000009669
:104924008806356704000000000000000000000055
:10493400427193356300000F000000000000000086
:104944000077710F356701000000000000000000CF
:1049540000000489D333640200000000000000005A
:10496400000000E57093356300000F0000000000B4
:1049740000000000CA791535620100000000000043
:104984000000000000296D1A356C020000000000D0
:104994000000000000001A711E35660300009F2409
:1049A400000000000000002B6D2335760400A86190
:1049B40000000000000000002D6D2935690500A4E9
:1049C4000600000000000000002F6D2E3571060067
:1049D400A4060000000000000000337433356D07A6
:1049E4000000000000000000000000207137357056
:1049F400080000000000000000000000316D862F58
:104A040072090000000000000000000000336D7E09
:104A14002F6E0A0000000000000000000000356D49
:104A2400C92F640B000000000000000000000037E4
:104A34006DD32A780C000000000000000000000084
:104A4400AA7A35347A0D000000000000000000004E
:104A5400005C774235650E00009F240000000000D2
:104A64000000396D4835670F0000000000000000A9
:104A740000000026714F33611000000000000000A8
:104A8400000000003B6D4E35771000000000000070
:104A940000000000003C7155356811000000000062
:104AA4000000000000003D6D5C3574110001000041
:104AB400000000000000003F6D6535411200000059
:104AC4000000000000000000416D6F35431200003B
:104AD400000000000000000000436D773542120022
:104AE40000000000000000000000456D7F35491201
:104AF4000000000000000000000000476D873545FD
:104B04001200000000000000000000008C709335CB
:104B14006300000F000000000000000000256D92FB
:104B24003565010000000000000000000000236D56
:104B340098356E02000000000000000000000068CC
:104B4400849D356F03000000000000000000000099
:104B5400428533356D0400000000000000000000B1
:104B64000060854D34750500000000000000000061
:104B74000000B388A23564060000000000000000B5
:104B8400000000498C0A356A07010000000000009B
:104B940000000000C170A735780800000000000084
:104BA4000000000000C770AB357909000000000068
:104BB400000000000000CD70AF357A0A000000004C
:104BC400000000000000009B85B335670B00000067
:104BD4000000000000000000C785B735680C000025
:104BE400000000000000000000F585BB35770D00D3
:104BF400000000000000000000002186C235720E93
:104C040000000000000000000000004D86C6356C66
:104C14000F00000000000000000000008B86D0356B
:104C240033100000000000000000000000C686DE13
:104C34003562110000000000000000000000E4865E
:104C4400E93571120000000000000000000000D3EC
:104C540070F3353113000000000000000000000074
:104C64002587EF353214000000000000000000002A
:104C740000276DF8357015000000000000000000EA
:104C840000004A8D023652000000000000000000BF
:104C940000000015750636540000000000000000F6
:104CA400000000000101020F01000707070780044C
:104CB4004006A08601000000000020000000000063
:104CC400000000000000A0048006A086010000008F
:104CD4000000200000000000000000000000A12AE5
:104CE40031291C2072280400B1370000A12A31297F
:104CF400182072280448B0370000A12A282914205B
:104D04007228046040221120A12A28290D2072282B
:104D140004000C201120D3332C2618000B368324D6
:104D24001901A23550240302AB3462230E030E365C
:104D340041221104143653201A0648350D22030566
:104D4400183631200106B629202001071D364220DD
:104D540001080F0000000200000000577900000065
:104D64000000A00803100203020200C201000300B5
:104D740000AA3FA03F0000F43F200065786974005A
:104D84006C73007375646F000000A4004801EB01AC
:104D94008F023303D7037B041E05C20566060A0788
:104DA400B20761081509BF09690A0E0BC20B6C0C26
:104DB400160DC00D670E140FBE0FDD33E333E7335A
:104DC400EB33F033F433F93301340834113417344A
:104DD4002134EB1CA0040820722804000000000009
:104DE400EB1C800404207228040000000000EB1C6B
:104DF4008004002072280400000000000002000269
:104E04000002000201020408C008400640420F00EC
:104E140000C00A800640420F00005468697320698C
:104E240073206E6F7420616E206F70657261746997
:104E34006E672073797374656D21000A3E00596FA3
:104E4400752068617665206265656E206772616EA3
:104E540074656420726F6F74207065726D6973730A
:104E6400696F6E732100256C75002563002530344D
:104E74006C78006572726F723A20756E7265636F3A
:104E8400676E697A656420636F6D6D616E64206F0F
:104E94007074696F6E006578697400557361676535
:104EA4003A205B636D645D205B2D7C2D2D5D5B6121
:104EB4007267315D205B2D7C2D2D5D5B61726732E5
:104EC4005D2E2E2E00436F6D6D616E64733A000A81
:104ED40020252D7300205B25637C25735D00092547
:104EE400730A00467265652072616D3A20256C75FF
:104EF4002062797465730A006572726F723A2000D9
:104F04006368616E5F6D61736B28256C75290A0097
:104F14006E6F7420696D706C656D656E7465642068
:104F2400666F72206372696D736F6E004E6F7420CA
:104F3400696D706C656D656E74656420666F722052
:104F44006372696D736F6E004348414E4E454C3A2F
:104F5400203078253032780A004750494F58205085
:104F64006F6C61726974793A2025690A0047504967
:104F74004F5820446972656374696F6E3A202569DD
:104F84000A004750494F5820496E70757420566185
:104F94006C75653A2025690A004750494F58204FDF
:104FA40075747075742056616C75653A2025690AAC
:104FB400002530327800616464723A20256C750AE9
:104FC4000076616C75653A20256C750A004572722D
:104FD4006F722E004E6F206C6F6E67657220737552
:104FE40070706F727465642E004552524F523A20AD
:104FF400756E737570706F7274656420646576691C
:1050040063652041444635333535006D75787661E6
:105014006C3A2025750A004D757876616C3A202526
:10502400750A004D75786F7574412073657420742A
:105034006F20706F77657220646F776E2C204D75CA
:10504400786F7574422073657420746F2056434FD3
:10505400004D75786F7574412073657420746F20EA
:10506400706F77657220646F776E2C204D75786F42
:105074007574422073657420746F20434844495604
:10508400004D75786F7574412073657420746F20BA
:1050940043484449562C204D75786F7574422073EB
:1050A400657420746F20706F77657220646F776EFB
:1050B400004D75786F7574412073657420746F208A
:1050C40056434F2C204D75786F7574422073657468
:1050D40020746F20706F77657220646F776E00455F
:1050E40052524F52286C6D78323537325F73657483
:1050F4005F6D7578293A20696E76616C6964206DFC
:10510400757876616C00736574204D7578412074F0
:105114006F3A20256C750A00736574204D757842CA
:1051240020746F3A20256C750A0052455345543A51
:10513400206C6F770052455345543A20686967687C
:1051440000496E76616C696420696E7075742E20F6
:105154006D757374206265203120287265736574DF
:1051640029206F7220302E005057522044574E3A57
:10517400206C6F77005057522044574E3A2068698C
:10518400676800496E76616C696420696E70757435
:105194002E206D75737420626520312028706F771E
:1051A400657220646F776E29206F7220302E006440
:1051B40061635F746573743A2073686F756C6420FF
:1051C400626520617070726F782034324D487A20A5
:1051D4006F75747075742E204D6179206E656564E9
:1051E40020746F207265626F6F7420747820626F10
:1051F40061726420746F20636C65617220656666F9
:10520400656374206F6620736572766572207365BA
:105214007474696E677300426F61726420566572BC
:1052240073696F6E3A2025730A00467573652530DD
:1052340032783A203078253032780A006D61737400
:105244006572004272616E63683A2025730A006DCC
:1052540063752D737461626C652D74357631306CB1
:10526400312D332E362D3133332D6738316430638D
:10527400613331005265766973696F6E3A20257324
:105284000A00323032362D30372D31382D32323A51
:1052940032313A313200446174653A202573205525
:1052A40054430A004743433A2025642E25640A00E8
:1052B40050524F443A205641554E540052544D3AA0
:1052C4002025690A004D43552053657269616C209D
:1052D4004E756D6265723A20004D435520446576E3
:1052E4006963653A20004D435520526576697369B8
:1052F4006F6E3A20004D43552046757365733A002E
:105304002D20636C6F73652073657269616C207006
:105314006F7274206265666F72652070726F677257
:10532400616D6D696E672E004368616E6E656C20F9
:1053340025633A2025336920430A0072665F6D7540
:105344007465282569290A000A504C4C205354419D
:10535400545553004C4D5820504C4C3A20556E6CCB
:105364006F636B6564004C4D5820504C4C3A204C94
:105374006F636B6564004C4D5820504C4C3A204987
:105384006E76616C69642073746174650056434F72
:105394003A20556E657870656374656420636F7236
:1053A4006520282575290A0056434F3A2056433074
:1053B40025303478200A004341504354524C206332
:1053C4006170636F64653A2025303458200A0044C4
:1053D40041434953455420616D706C69747564652B
:1053E4003A2025303458200A000A307825303278A3
:1053F4003A0020307825303478006C6D7820706C59
:105404006C2073657420723A2030782530346C78BF
:10541400200A00726567203078423A2030782530BF
:105424003478200A00666F75743A20256C754D48EF
:105434007A0A006E3A20256C750A00643A202575B4
:105444000A006670643A20256C754D487A0A00702B
:1054540077723A2025750A006572726F72206E00A9
:105464006572726F722072006572726F7220666F5D
:105474007574006572726F72206670640065727272
:105484006F7220707772006572726F72206E206680
:1054940072657175656E637920646570656E6465A7
:1054A4006E74006572726F722064006572726F723E
:1054B40020696D706C69656420665F6F7363696EE3
:1054C400006C6D78323537325F7365745F66726570
:1054D400713A20665F6F7574206973206E6F742053
:1054E400616E20696E7465676572206D756C746990
:1054F400706C65206F6620665F6F7363696E0072FF
:1055040065676973746572203078253032783A2083
:10551400307825303478200A004348414E3A203010
:1055240078253032782C20504C4C204C6F636B2003
:105534004465746563743A203078253032780A0003
:10554400556E7265636F676E697A65642000554EA7
:105554004B4E4F574E3A20454550524F4D206E6F9B
:10556400742070726F6772616D6D6564206F722054
:10557400646F6573206E6F74206578697374002599
:10558400730052544D202575200053455249414C17
:1055940020257320002D2046656174757265733A69
:1055A40000207265672030782578203D20307825EA
:1055B400783B004E6F6E650054656D706572617462
:1055C400757265206F6620636869703A2025640AE5
:1055D40000426C616E6B2053656C656374696F6E19
:1055E4003A2053657420303030004C616E652025BC
:1055F4007520416C61726D3A20253032780A00536F
:10560400797372656620416C61726D3A202530327F
:10561400780A00467573654661726D20416C61724B
:105624006D3A20253032780A0044414320504C4CD6
:105634002044697361626C6564004572726F723AEA
:10564400204E6F6E7A65726F2052657475726E208B
:1056540056616C75653A2025750A004E6F6D696E4A
:10566400616C00556E737065636966696564204595
:1056740072726F723A20257500676F6F6400626101
:1056840064004E6F742043656E7472656400257304
:105694003A202575004441432025752C2053797305
:1056A40072656620416C61726D733A2025303278E0
:1056B4000A004441432025752C204C616E65202549
:1056C4007520416C61726D3A20253034780A0025CA
:1056D400733A2072657475726E3A202575004441E0
:1056E400432025752C204C616E653A2025752C20AD
:1056F40046757365204661726D3A20253032780A0A
:10570400004441432025752C204E6F7720636C653F
:105714006172696E6720616C61726D732E2E2E0A40
:10572400004552524F52202835293A204441432003
:10573400616C61726D207265672030783663203D3C
:1057440020307825780A005741524E494E47202888
:105754003130293A2044414320616C61726D2072DA
:1057640065672030783663203D20307825780057EF
:1057740041524E494E4720283133293A204441436F
:1057840020616C61726D2072656720307836632009
:105794003D2030782578005741524E494E473A20F3
:1057A4004E6F6E7A65726F206578697420636F64DA
:1057B400652066726F6D2064616333386A38345FC4
:1057C40072657365745F6A6573643A2025690A00BB
:1057D4005741524E494E4720283136293A204441F8
:1057E4004320616C61726D20726567203078257882
:1057F400203D2030782578200A00257320426F6FE1
:10580400743A2025690A002573204F7574206F6649
:1058140020636F6E746578742E0A002D2D00656EFA
:1058240074657200766572626F7365006C6F0061F7
:105834007474656E00706C6C4C4400726567646DC2
:105844007000706C6C5273657400706C6C4E736590
:105854007400736574467265710076636F006765E2
:1058640074726567007365746D7578006164647241
:10587400007772697465006C6D78507772006C6D96
:10588400785265660073657456616C00696E69745C
:10589400526567730052657365740050777244777C
:1058A4006E006D61736B006F666600627264476FB1
:1058B4006F64006461630073796E74680054696D89
:1058C4006520005458200052582000446967200085
:1058D40042502000505752200046454354524C2019
:1058E400004C4F47454E20004372696D736F6E2024
:1058F400004379616E200043616C616D696E6520BF
:105904000043686573746E7574200064656D6F0080
:1059140064696167006D757465006B696C6C007017
:10592400616E69630076657273696F6E0074656D8C
:10593400700072616D006F656E00646163737973EA
:1059440000687776657200706C6C5F7265696E6969
:10595400740068656172746265617400686561727F
:1059640074626561745F7265736574006865617201
:1059740074626561745F696E697400676C655F6405
:10598400656275670072665F6C645F7374617475D9
:1059940073006D63755F6465766963656964006D42
:1059A40063755F7265766973696F6E006D63755FA9
:1059B4006675736573006D63755F73657269616C99
:1059C400006461635F706C6C5F6C64006461635F4E
:1059D400706C6C5F63656E747265006461635F61B3
:1059E4006C61726D73006461635F6A657364006700
:1059F40070696F780062616E64006C6E610066723B
:105A0400657100696E707574006D787269006D78E7
:105A14007271006D78720061646663616C726561B5
:105A240064006662616E6B00706F77657200746FFC
:105A340067676C6500706C6C72656700706C6C668F
:105A44006273656C006175746F63616C456E00769A
:105A5400636F436F72650076636F42616E640076B4
:105A6400636F426961730065787443616C56616C5D
:105A74004E00646368616E006E636F75006E636FE1
:105A84006C0064756D70007164630071676E007101
:105A94007068006C666400736664007366647365A2
:105AA4006C00696E73006469746865722D656E00BC
:105AB4006469746865722D6D69782D656E0064691A
:105AC400746865722D616D70006C66726173007329
:105AD40065742D636F656600706C6C6C6F636B65C9
:105AE4007200706F72007465737400726600626F86
:105AF400617264006C6D7800626F6F740068656C2D
:105B040070005741524E494E473A206E6F6E7A6587
:105B1400726F206A65736420696E697469616C6967
:105B24007A6174696F6E2E20526574203D20256958
:105B3400004552524F523A20756E61626C65207472
:105B44006F207265616420454550524F4D004545B4
:105B540050524F4D205741524E494E473A20707291
:105B64006F64756374206D69736D617463680A2072
:105B7400454550524F4D2050726F64756374204EEA
:105B8400616D653A2025730A20466C61736865640B
:105B94002050726F64756374204669726D77617208
:105BA400653A2025730A0A00454550524F4D205747
:105BB40041524E494E473A20626F617264206D69CA
:105BC400736D617463680A20454550524F4D2042FD
:105BD4006F617264204E616D653A2025730A204618
:105BE4006C617368656420426F61726420466972F7
:105BF4006D776172653A2025730A0A004545505253
:105C04004F4D205741524E494E473A2072746D20F1
:105C14006D69736D617463680A20454550524F4D38
:105C24002052544D3A2052544D2025640A20466C8B
:105C340061736865642052544D204669726D7761C2
:0E5C440072653A2052544D2025640A0A000071
:00000001FF
