:100000000C943B160C945C160C945C160C945C16C9
:100010000C945C160C945C160C945C160C945C1698
:100020000C945C160C945C160C945C160C945C1688
:100030000C945C160C94AC1C0C945C160C945C1622
:100040000C945C160C945C160C945C160C945C1668
:100050000C945C160C945C160C945C160C945C1658
:100060000C945C160C9454790C945C160C942A79BC
:100070000C945C160C945C160C945C160C945C1638
:100080000C945C160C945C160C945C160C945C1628
:100090000C945C160C945C160C945C160C945C1618
:1000A0000C945C160C945C160C945C160C945C1608
:1000B0000C945C160C945C160C94DB1C0C945C1673
:1000C0000C945C160C945C160C945C160C945C16E8
:1000D0000C945C160C945C160C945C160C945C16D8
:1000E0000C945C160C945C160C945C160C945C16C8
:1000F0000C945C160C945C160C945C160C945C16B8
:100100000C945C160C945C160C945C160C945C16A7
:100110000C945C160C945C160C945C160C945C1697
:100120000C945C160C945C160C945C160C945C1687
:100130000C945C160C945C160C945C160C945C1677
:100140000C945C160C945C160C945C160C945C1667
:100150000C945C160C945C160C945C160C945C1657
:100160000C945C160C945C160C945C160C945C1647
:100170000C945C160C945C160C945C160C945C1637
:100180000C945C160C945C160C945C160C945C1627
:100190000C945C160C945C160C945C160C945C1617
:1001A0000C945C160C945C160C945C160C945C1607
:1001B0000C945C160C945C160C945C160C945C16F7
:1001C0000C945C160C945C160C945C160C945C16E7
:1001D0000C945C160C945C160C945C160C945C16D7
:1001E0000C945C160C945C160C94EA8B0C941C6CAE
:1001F0000C94066C0C94666E0C94C1740C94247868
:100200000C947F710C94E06C0C94AE920C94BF6CC7
:100210000C94B2920C9492920C94AA920C94E38651
:100220000C94726E0C9445830C94A6920C943475C5
:100230000C945F290C947D850C94046C0C94DE91D5
:100240000C94DB700C94D9880C9468730C94E9813D
:100250000C9496920C94C56C0C94FB6E0C94A87B39
:100260000C94B8960C94CC920C9434910C944A6CE7
:100270000C94AF6E0C94E0800C94DE780C94AA3F42
:100280000C942E7C0C949E920C94AC8E0C94A492A4
:100290000C9444710C94BA920C949C920C94C76C7C
:1002A0000C948E920C949B700C943F8F0C94B8928B
:1002B0000C94A7720C94A91B0C946A920C94D06FA6
:1002C0000C948A900C946A960C94BE820C94126CD6
:1002D0000C94983F0C94C8920C94A43F0C94619396
:1002E0000C94C36C0C9422790C94186C0C940270CE
:1002F0000C949F850C942C700C94D0890C94AC9227
:100300000C94846E0C94C16C0C94389E0C942D72D9
:100310000C94266C0C94086C0C941A6C0C94C96C9C
:100320000C94A03F0C94B5750C943A770C94786EAD
:100330000C949A920C940D730C94146C0C94488A3F
:100340000C946C740C9478960C94CF6C0C94EB8693
:100350000C941E6C0C94CF8F0C9498920C94B86FE4
:100360000C947E6E0C948E8F0C9452870C94F37BBD
:100370000C94106C0C949A3F0C94EC780C9487833A
:100380000C9482820C94B0920C9426850C94187B69
:100390000C94A0920C94386C0C94D3760C94AA8490
:1003A0000C941B860C94C0920C94A6770C94147138
:1003B0000C94CD6C0C94C4920C949C3F0C94A23F72
:1003C0000C94F0780C94EA930C94606E0C949E3F1D
:1003D0000C94BD6C0C94E2790C94F78D0C94D7704E
:1003E0000C9490920C94A2920C9494920C94E877B2
:1003F0000C94A8920C94B9800C94CB6C0C94C2927F
:100400000C9401830C9410740C94BC920C94CA92BA
:100410000C9474720C9401940C949C840C945C6CF9
:100420000C94B4920C9480700C94C6920C944D72FF
:100430000C94547C0C94BF840C948A6E0C941676A5
:100440000C94DA720C9423820C94166C0C94BE9269
:100450000C945C960C94B6920C9408900C94758D48
:100460006364696E6F70737578585B00BCE5ACC5EA
:100470009C85960392C1912190961D03ED01DCFDB0
:10048000CCF5BCE5ACC5A86EBCE5ACC59C859603B7
:1004900092C1912190961D03ED01DCFDCCF5BCE5E8
:1004A000ACC5A86E436F6D6D616E647320666F722C
:1004B00020746865204144524636353138207661D3
:1004C000726961626C65206761696E20616D706C34
:1004D00069666965722E00436F6E74726F6C73206B
:1004E0007468652066726F6E74656E642052462073
:1004F00073776974636865732E00526567697374F6
:1005000065722064756D707320666F7220726573FA
:10051000706563746976652070657269706865726C
:10052000616C732E0045786563757465732074651E
:10053000737420766563746F72732E00436F6E74EC
:10054000726F6C732074686520626F617264206CD6
:100550006576656C2066756E6374696F6E732E20A8
:1005600053657175656E7469616C2065786563208B
:100570006F6620617267756D656E74732E005374BB
:100580006174757320616E642066756E6374696F43
:100590006E73207573656420666F7220636865638F
:1005A0006B696E672074686520626F6172642E20CB
:1005B000004F4E2F4F46462073776974636865730A
:1005C0002C202830206973204F46462C203120698A
:1005D00073204F4E2900426F6F746C6F61646572B7
:1005E000206F7074696F6E732E0045786974732084
:1005F00066726F6D207468697320626F6172642027
:100600006261636B20746F207468652044494749B8
:1006100054414C20626F6172642E005072696E7496
:1006200073206F7574207468652068656C70206D28
:10063000656E7520666F722074686520626F6172E6
:10064000642E00A404D704FA0425053C057E05B1F8
:1006500005D605EA051B0653706563696679207740
:1006600068696368206368616E6E656C20612C62E6
:100670002C632C64204F5220626974206D61736B6F
:100680002E204D555354207370656369667920663A
:10069000697273742E004E756C6C207468652056F8
:1006A00047412773206F7574707574204443206F21
:1006B0006666736574732E203120746F20656E61D9
:1006C000626C652E004279706173732074686520D6
:1006D0005647412773204C502066696C7465722E12
:1006E000203120746F20656E61626C652E00536549
:1006F00074205647412773204C5020636F726E65FB
:1007000072206672657120696E204D487A2E005302
:100710006574205647412773206761696E2E202833
:1007200043616C6C7320646761696E20616E642044
:10073000616761696E292E20496E7075743A2030A8
:10074000202D20393520282D36306442202D2033AD
:100750003564422900476574205647412773206756
:1007600061696E2E0053656C6563742056474120A5
:100770004368616E6E656C2028303A20426F746861
:100780002C20493A20312C20513A2032290043684C
:1007900065636B20696620564741206761696E205A
:1007A000697320746F6F204869676820666F7220D4
:1007B000746865204144432E2028303A204E6F2C27
:1007C00020313A20596573290053657420564741FA
:1007D0002773206469676974616C206761696E2E94
:1007E0002033644220696E6372656D656E74732C8C
:1007F00020496E7075743A2030202D20382028341E
:10080000326442202D20363664422900536574201C
:10081000564741277320616E616C6F67206761697D
:100820006E2E20302E31644220636F6E74726F6CB6
:100830006C65642C20496E7075743A2030202D2030
:1008400037323020282D3130326442202D202D3394
:100850003064422900536574205647412773207045
:100860006F737420616D70206761696E2E20302D6A
:10087000313A20332F3964422E0053657420564795
:1008800041277320696E70757420616E616C6F67AB
:1008900020617474656E756174696F6E20696E2075
:1008A00064422E20476F6573207468726F756768A5
:1008B00020414435363234522E0053657420564759
:1008C000412773207077722D6D6F646520626173AC
:1008D0006564206F6E204C5020636F726E657220CD
:1008E000667265712E20312069662066696C7465B8
:1008F00072206D6F646520616E642033314D487ADB
:10090000203C2042572C20656C7365203630204DEA
:10091000487A203C2042570057069606C506EE0648
:100920000F07550765078E07C9070C0855087A0891
:10093000BA0843686F6F73652074686520686967DB
:10094000682028302E352D362047487A29206F72AE
:10095000206C6F7720284443202D20302E352047EF
:10096000487A292062616E642E20486967682831C0
:1009700029206F72206C6F772830292E0042797001
:1009800061737320746865204C4E41206F6E207433
:10099000686520686967682062616E642E2042790C
:1009A0007061737328312920746865204C4E412092
:1009B0006F72206E6F742830292E00536574732077
:1009C00066726571206F6620484D43383333206F5F
:1009D00075747075742C20696E204B487A2E005304
:1009E000776565707320484D4338333320667265F0
:1009F0007175656E63792066726F6D20302E324797
:100A0000487A20746F203647487A207769746820C6
:100A1000612073746570206F662031304D487A0014
:100A2000504C4C20496E7075742052656665726535
:100A30006E6365204672657175656E6379005365F6
:100A4000747320426173652042616E642056617246
:100A50006163746F7220766F6C74616765202830F3
:100A60002D3430393629203056202D20322E35565F
:100A70000053656C656374207468652074617267E7
:100A8000657420504C4C2028302920484D43383381
:100A9000302028312920484D4338333300536574C2
:100AA00020504C4C20496E707574204469766964FE
:100AB00065722076616C75652E203120746F20314F
:100AC000363338330053657420504C4C20466565EE
:100AD000646261636B204469766964657220766143
:100AE0006C75652E20313620746F203532343235E6
:100AF000350053657420504C4C2056434F204F75A1
:100B00007470757420446976696465722076616CCE
:100B100075652E20312C20322C20342C2036202EAE
:100B20002E20363200456E61626C652F4469736118
:100B3000626C652056434F204F7574707574204663
:100B400072657175656E637920446F75626C65724C
:100B50000053656C656374732074686520636F72FD
:100B6000726563742046696C7465722042616E6BB5
:100B700020666F72206120676976656E20667265F7
:100B80007175656E637920696E206B487A004D75CA
:100B900074657320746865204C4F204672657175CA
:100BA000656E63792053796E74686573697A6572CE
:100BB000207768656E20757365640053656C6563A6
:100BC0007420504C4C204F757470757420506F77A2
:100BD00065722028303A202D3464426D2C20313A41
:100BE000202D3164426D2C20323A203264426D2C2B
:100BF00020333A203564426D290053656C65637477
:100C0000732044534120417474656E756174696F3B
:100C10006E2C2028303A203064426D202D3E203149
:100C200032373A2033312E373564426D2900414442
:100C300046343335352F4144463533353520446904
:100C400072656374205265676973746572204163CD
:100C500063657373203C3C3238626974206461744C
:100C6000613E3C3462697420616464726573733EF2
:100C70003E00414446343335352F41444635333503
:100C800035206175746F63616C20656E61626C659F
:100C900020283120666F7220656E61626C65293E86
:100CA0003E00570632097D09BB09DF09200A3E0ACA
:100CB000710A9D0AC50AF20A250B510B8E0BBB0B5C
:100CC000FA0B2E0C720C44756D707320616C6C20E5
:100CD0007468652072656769737465727320666FE6
:100CE00072207468652041444331364458333730AC
:100CF0002E0044756D707320746865207265676995
:100D0000737465727320666F7220746865207265F3
:100D100067756C617220616E6420524620475049AD
:100D20004F580044756D707320616C6C2074686559
:100D30002072656769737465727320666F722074C0
:100D40006865204144524636353138005706C60C96
:100D5000F20C230D5365742074686520737065630D
:100D60006966696564204750494F582070696E2054
:100D7000686967682E00436C65617220746865203D
:100D8000737065636966696564204750494F5820F0
:100D900070696E206C6F772E0052756E73207370C1
:100DA000656369666965642074657374207665633C
:100DB000746F72206F662074686520504341393526
:100DC00033382E0052756E732073706563696669DF
:100DD0006564207465737420766563746F72206F28
:100DE00066207468652041444331364458333730B7
:100DF0000052756E7320737065636966696564205F
:100E00007465737420766563746F72206F662074E6
:100E10006865204144524636353138005706540D36
:100E2000760D990DC40DF10D5265777269746520C8
:100E3000616C6C207265677320666F7220656E74DA
:100E400069726520626F6172642E005475726E2043
:100E50006F6E206F757470757473202870657220C2
:100E60006368616E6E656C292E0052756E73206426
:100E70006961676E6F73746963206F6E207065724D
:100E80006970686572616C202870657220636861A2
:100E90006E6E656C292E2053686F756C64207072BD
:100EA000696E7420616C6C20726567697374657219
:100EB000732E005475726E206F6666206F757470A5
:100EC0007574732028706572206368616E6E656C3E
:100ED000292E00506F776572206379636C652070EE
:100EE00065726970686572616C7320616E642072EE
:100EF000756E7320626F61726420696E6974202858
:100F0000706572206368616E6E656C292E00547581
:100F1000726E206F666620706572697068657261B6
:100F20006C732E005475726E7320657665727974D9
:100F300068696E67206F66662E005072696E747302
:100F4000206F75742074686520736F6674776172A2
:100F50006520616E642068617264776172652076D5
:100F6000657273696F6E2E0050726F766964657377
:100F70002074686520616D6F756E74206F662052F5
:100F8000414D206C65667420286279746573292E42
:100F900000546865204144432077696C6C20656E7D
:100FA00061626C6520746865205359535245462030
:100FB000646574656374696F6E206761746520662B
:100FC0006F72204A45534420696E697469616C6987
:100FD0007A6174696F6E2E00546865204144432025
:100FE00077696C6C206F7574707574204A45534432
:100FF0002054657374205061747465726E732E2072
:10100000303A206F66662C20313A204432312E353A
:101010002C20323A204B32382E352C20333A207295
:10102000707420494C412C20343A2072616D702C30
:1010300020353A20484947482E00456E61626C6968
:101040006E67207468652053595352454620646585
:1010500074656374696F6E20676174652E2031203A
:10106000746F20656E61626C652C203020746F2077
:1010700064697361626C65004F7574707574732078
:10108000612031362D626974207265706561746902
:101090006E672073657175656E6365205B302C200B
:1010A00032363238302C20302C202D323633323844
:1010B0005D2066726F6D2074686520414443206333
:1010C0006F72652E0050726F766964657320746864
:1010D000652074656D706572617475726520283065
:1010E0002D31292E00426C696E6B73207468652067
:1010F0004C454420612073706563696669656420AE
:101100006E756D626572206F662074696D65732EF1
:101110000053656C6563747320474C45206D6F64A4
:10112000653A204D43555F474C45283129206F7261
:1011300020465047415F474C45202832290057063A
:10114000280E4B0E6A0EB30ED30E0E0F240F3A0F5D
:10115000680F910FD80F3A107810C510E5101111D3
:10116000436F6D6D616E6420666F72207072696E80
:1011700074696E67207468652063757272656E7439
:10118000206865617274626561742076616C756552
:10119000206F662074686520525820626F61726407
:1011A00000436F6D6D616E6420666F7220726573AF
:1011B000657474696E67207468652068656172740F
:1011C000626561742076616C756520666F7220744B
:1011D000686520525820626F6172640048656172D0
:1011E000746265617420696E7469616C697A617496
:1011F000696F6E2066756E6374696F6E20746F2000
:1012000073657420636F756E74657220746F20301F
:1012100000504C4C204C6F636B20446574656374C4
:10122000696F6E204D656368616E69736D2E005243
:10123000657475726E73204D4355206465766963DD
:101240006520696E666F726D6174696F6E2E0057EE
:10125000066011A111DC1111122F12484D433833D1
:10126000784C5036470041445246363531380041BB
:101270004443313644583337300057065B12661208
:101280006F124E6F20617267756D656E74206E65AA
:10129000636573736172792E008212456E74657294
:1012A0002074686520626F6F746C6F616465722E64
:1012B000009B125072696E7473206F757420696E92
:1012C00020766572626F7365206D6F64652E2031C4
:1012D00020746F20656E61626C652E00B312436FDF
:1012E0006D6D616E647320666F7220746865204452
:1012F000414333384A38342E00436F6E74726F6C3A
:1013000073207468652066726F6E74656E64205217
:10131000462073776974636865732E005265676948
:10132000737465722064756D707320666F722072BD
:10133000657370656374697665207065726970683D
:101340006572616C732E0050726F766964657320EC
:1013500074686520737461747573206F6620746897
:101360006520626F6172642E00436F6E74726F6CE1
:10137000732074686520626F617264206C657665A5
:101380006C2066756E6374696F6E732E2053657181
:1013900075656E7469616C2065786563206F662081
:1013A000617267756D656E74732E004F4E2F4F46D8
:1013B000462073776974636865732C202830206930
:1013C00073204F46462C2031206973204F4E290050
:1013D000426F6F746C6F61646572206F7074696FB7
:1013E0006E732E0045786974732066726F6D207479
:1013F00068697320626F617264206261636B20743C
:101400006F20746865204449474954414C20626FFD
:101410006172642E005072696E7473206F7574204F
:101420007468652068656C70206D656E7520666FE8
:10143000722074686520626F6172642E00DE12F99A
:10144000121C1347136913AB13D013E41315145371
:10145000706563696679207768696368206368618D
:101460006E6E656C20612C622C632C642C204F52B4
:1014700020626974206D61736B2E204D555354208A
:10148000737065636966792066697273742E0053A0
:1014900070656369667920776869636820696E742E
:1014A00065726E616C20444143206368616E6E65B5
:1014B0006C3A2028302D332920412D442E005365CD
:1014C00074207468652066726571206F757470751C
:1014D00074206F662065787465726E616C2044417B
:1014E0004320636C6B20616674657220696E74655D
:1014F000726E616C20434C4B206369726375697432
:1015000020284D487A292E00536574207468652080
:101510004E434F2075707065722033322D626974AE
:10152000732072656769737465722E005365742049
:10153000746865204E434F206C6F7765722033329C
:101540002D626974732072656769737465722C20EB
:10155000777269746520746F2075707065722033BE
:10156000322D6269747320666972737421212A2A8C
:10157000005365742074686520284C29206C616EC6
:10158000657320706572206C696E6B2E00536574F4
:101590002074686520284D2920636F6E766572740B
:1015A00065727320706572206C696E6B2E005365D6
:1015B000742074686520284629206672616D657301
:1015C00020706572206D756C74692D6672616D6531
:1015D0002E005365742074686520636D6420696E05
:1015E0007075742066726F6D204A45534428302907
:1015F000206F72205350492831292E00456E6162B8
:101600006C6520746865206D697865722E203120C4
:10161000746F20656E61626C652E00456E61626C50
:1016200065207468652050412028706F77657220AE
:10163000616D706C6966696572292070726F74657E
:101640006374696F6E20636972637569742E2031EB
:1016500020746F20656E61626C652E005365742086
:1016600074686520696E746572706F6C6174696FFF
:101670006E2031782830292C2032782831292C20EE
:1016800034782832292C203878283429206F722089
:101690003136782838292E004578656375746520C1
:1016A0007468652073657264657320746573742E45
:1016B0002028302D3529207465737420706174746E
:1016C00065726E2E004765747320746865207465BA
:1016D0006D7065726174757265206F6620746865DF
:1016E000204441432E0044756D70206F7574206155
:1016F0006C6C206F6620746865207265676973740E
:101700006572732E00496E697469616C697A6573DC
:1017100020616E6420636F6E666967757265732001
:10172000746865204A455344206C696E6B2E0042F4
:1017300069742062616E67206164647265737320EE
:101740006F66204441432E004269742062616E67D7
:101750002064617461206F66204441432E00426919
:10176000742062616E67206F7065726174696F6E5C
:101770002E20313A20777269746520303A207265E4
:10178000616400514D43204443206F666673657465
:101790002C203133626974732C206D65617375720E
:1017A000656420696E20444143204C5342277300F6
:1017B000514D43206761696E206F66667365742CB6
:1017C000203131626974732C20646563696D616CCA
:1017D00020706E742040206C656674206F662062F5
:1017E0006974392C2072616E67652030202D20319C
:1017F0002E393939302C204C53423D302E30303088
:101800003937363600514D43207068617365206F5B
:1018100066667365742C203132626974732C202DD6
:10182000302E35202D20302E34393937352C20728A
:101830006566657220746F206461746173686565A4
:1018400074004C61726765204672616374696F6EE3
:10185000616C2044656C61792053657474696E67AE
:101860007300536D616C6C204672616374696F6EB6
:10187000616C2044656C61792053657474696E678E
:101880007300536D616C6C204672616374696F6E96
:10189000616C2044656C61792050617468205365E7
:1018A0007474696E677300456E61626C652F44697C
:1018B0007361626C6520496E766572736520536949
:1018C0006E632046696C74657200456E61626C657A
:1018D0002F44697361626C6520446974686572693C
:1018E0006E6700456E61626C652F44697361626C5E
:1018F0006520446974686572204D6978657200538B
:101900006574207468652044697468657220416D4F
:10191000706C69747564652C2030206973204D618A
:1019200078696D756D202834206269747329004CC4
:1019300061726765204672616374696F6E616C20C5
:1019400044656C61792C20436F65666669636965DF
:101950006E74205365742073656C656374696F6E73
:101960002E2028496E20446174617368656574296E
:1019700000536D616C6C204672616374696F6E61B7
:101980006C2044656C6179205461702073656C65CE
:1019900063746F7200536574207468652073656C9E
:1019A0006563746564205461702076616C75652090
:1019B000666F722074686520536D616C6C2046728E
:1019C000616374696F6E616C2044656C617900526B
:1019D000657475726E7320746865206F7227642059
:1019E0006C616E65206572726F7273206F66207411
:1019F00068652066697273742034206C616E65734B
:101A0000004F148F1408152C15FC15C516E6160585
:101A1000178317B0170518421862188218A718CA3A
:101A200018E318FF182F1971199519CF1943686F0A
:101A30006F73652074686520686967682028302E98
:101A4000352D362047487A29206F72206C6F772019
:101A5000284443202D20302E352047487A29206203
:101A6000616E642E2048696768283129206F7220D2
:101A70006C6F772830292E0042797061737320745F
:101A80006865204C4E41206F6E207468652068693F
:101A900067682062616E642E2042797061737328DA
:101AA000312920746865204C4E41206F72206E6F82
:101AB000742830292E005365747320667265712076
:101AC0006F6620484D43383333206F7574707574DA
:101AD0002C20696E204B487A2E0053657420746860
:101AE00065205246534120617474656E747561744B
:101AF000696F6E2E203020746F20323820283064B9
:101B00004220746F202D32386442292E00504C4CF4
:101B1000205265666572656E636520496E707574E6
:101B20002028696E206B487A2900536574207468F8
:101B300065204951204D6F64756C61746F72204946
:101B4000206269617320766F6C7461676520286913
:101B50006E2064562C2066726F6D20302D3234203A
:101B60006456292E005365742074686520495120FD
:101B70004D6F64756C61746F72205120626961737E
:101B800020766F6C746167652028696E2064562C1E
:101B90002066726F6D20302D3234206456292E005D
:101BA0004E6565647320746F2062652063616C6CA0
:101BB0006564206C6173742E20536574732074689F
:101BC00065204951204D6F64756C61746F722E20D1
:101BD0002869652E202D69203137202D7120313361
:101BE000202D6D290053656C656374207468652031
:101BF00074617267657420504C4C2028302920484D
:101C00004D433833302028312920484D4338333371
:101C10000053657420504C4C20496E7075742044FC
:101C20006976696465722076616C75652E20312055
:101C3000746F2031363338330053657420504C4C68
:101C400020466565646261636B20446976696465FA
:101C5000722076616C75652E20313620746F2035C8
:101C600032343235350053657420504C4C20564385
:101C70004F204F757470757420446976696465727D
:101C80002076616C75652E20312C20322C20342C6E
:101C90002036202E2E20363200456E61626C652F74
:101CA00044697361626C652056434F204F757470B0
:101CB0007574204672657175656E637920446F7521
:101CC000626C6572004D7574657320746865204C94
:101CD0004F204672657175656E63792053796E7415
:101CE000686573697A6572207768656E20757365BB
:101CF000640053656C656374732074686520636F5A
:101D000072726563742046696C7465722042616EFC
:101D10006B20666F72206120676976656E2066723F
:101D2000657175656E637920696E206B487A005025
:101D30004C4C204F757470757420506F776572200D
:101D400028303A202D3464426D2C20313A202D3138
:101D500064426D2C20323A202B3264426D2C2033A9
:101D60003A202B3564426D29005246204174746537
:101D70006E7561746F722053657474696E67202884
:101D8000303A20306442202D3E203132373A202D27
:101D900033312E37356442290041444634333535DA
:101DA0002F414446353335352044697265637420CC
:101DB000526567697374657220416363657373204C
:101DC0003C3C323862697420646174613E3C346228
:101DD000697420616464726573733E3E00414446D9
:101DE000343335352F4144463533353520617574EC
:101DF0006F63616C20656E61626C652028312066BE
:101E00006F7220656E61626C65293E3E004F142D35
:101E10001A781AB61A0D1B2A1B651BA01BE51B118D
:101E20001C391C661C991CC51CF21C2F1D691D99B0
:101E30001DDD1D44756D70732074686520726567C3
:101E400069737465727320666F722074686520729E
:101E50006567756C617220616E6420524620475040
:101E6000494F580044756D70732074686520726521
:101E70006769737465727320666F72207468652079
:101E800044414333384A3834004F14331E641E43F0
:101E90006F6D6D616E6420666F722074686520637B
:101EA000757272656E7420686561727462656174C2
:101EB0002076616C7565206F6620746865205458C3
:101EC00020626F61726400436F6D6D616E642066A5
:101ED0006F7220726573657474696E6720746865CB
:101EE0002063757272656E742068656172746265D4
:101EF00061742076616C7565206F6620545820628D
:101F00006F61726400486561727462656174206912
:101F10006E697469616C697A6174696F6E20667547
:101F20006E6374696F6E20746F2073657420636FC5
:101F3000756E74657220746F2030004C6F636B2077
:101F4000446574656374696F6E204D656368616E86
:101F500069736D0052657475726E73204D43552020
:101F600064657669636520696E666F726D61746918
:101F70006F6E2E004F148F1EC71E051F3B1F541F70
:101F80005265777269746520616C6C207265677345
:101F900020666F7220656E7469726520626F61726F
:101FA000642E005475726E206F6E206F757470759C
:101FB00074732028706572206368616E6E656C2989
:101FC0002E0052756E7320646961676E6F73746959
:101FD00063206F6E207065726970686572616C2035
:101FE00028706572206368616E6E656C292E2053BF
:101FF000686F756C64207072696E7420616C6C20FF
:102000007265676973746572732E005475726E2001
:102010006F6666206F7574707574732028706572B2
:10202000206368616E6E656C292E00506F77657253
:10203000206379636C652070657269706865726190
:102040006C7320616E642072756E7320626F6172B2
:102050006420696E69742028706572206368616EFF
:102060006E656C292E005475726E206F6666207046
:1020700065726970686572616C732E005475726E5A
:10208000732065766572797468696E67206F66661D
:102090002E005072696E7473206F757420746865B9
:1020A00020736F66747761726520616E6420686169
:1020B0007264776172652076657273696F6E2E0047
:1020C000426C696E6B7320746865204C45442061D6
:1020D00020737065636966696564206E756D6265FD
:1020E00072206F662074696D65732E0050726F7672
:1020F000696465732074686520616D6F756E742006
:102100006F662052414D206C656674202862797498
:102110006573292E0050726F766964657320746848
:10212000652074656D706572617475726520283004
:102130002D31292E004F757470757420656E6162A3
:102140006C65283129206F722064697361626C6547
:102150002830292E00456E61626C6573204A455314
:1021600044205359535245462047617465005365D6
:102170006C65637420474C45206D6F64653A204D53
:1021800043555F474C4528312920465047415F471A
:102190004C45283229004F14801FA31FC21F0B205B
:1021A0002B2066207C209220C0201521EC20352198
:1021B00055216E2144414333384A383400484D4359
:1021C0003833784C50364700414452463635313822
:1021D00020486967682062616E6400414452463657
:1021E000353138204C6F772042616E64004F14B453
:1021F00021BD21456E7465722074686520626F6F21
:10220000746C6F616465722E00F3214E6F206172F1
:1022100067756D656E74206E656365737361727941
:102220002E000B225072696E7473206F75742069D2
:102230006E20766572626F7365206D6F64652E2007
:102240003120746F20656E61626C652E002422431C
:102250006F6D6D616E647320666F72206D616E616B
:1022600067696E672074686520434C4B2067656E14
:1022700065726174696F6E207468726F756768202B
:102280004C4D4B30343832382C20414435363234C2
:10229000522C20484D433938372E00436F6D6D6105
:1022A0006E647320666F72206D616E6167696E6720
:1022B0002074686520434C4B2067656E65726174BD
:1022C000696F6E207468726F756768204C4D4B3073
:1022D000343832382C20414435363234522C2048A0
:1022E0004D433938372E00436F6D6D616E64732036
:1022F000666F722073657474696E672074686520F8
:102300004C4D4B30343832382064656C6179206331
:102310006C6F636B732E00436F6D6D616E64732021
:10232000666F722073657474696E672074686520C7
:102330004C4D4B30343832382064656C6179206301
:102340006C6F636B732E00436F6D6D616E647320F1
:10235000666F722073657474696E67204A455344D2
:102360002F504C4C204E2F52206469766964657260
:102370007300436F6D6D616E647320666F722073BE
:10238000657474696E6720484D4339383820677228
:102390006F75702064656C6179732E00526561649D
:1023A00020616E6420777269746520636F6D6D6162
:1023B0006E647320666F7220646562756767696E0C
:1023C000672E00436F6E74726F6C732074686520A3
:1023D000626F617264206C6576656C2066756E63F1
:1023E00074696F6E732E2053657175656E746961C3
:1023F0006C2065786563206F6620617267756D6516
:102400006E74732E00436F6D6D616E647320666F22
:102410007220616363657373696E672074686520F9
:102420006865617274626561742073746174757338
:10243000004F4E2F4F46462073776974636865736B
:102440002C202830206973204F46462C20312069EB
:1024500073204F4E2900426F6F746C6F6164657218
:10246000206F7074696F6E732E00457869747320E5
:1024700066726F6D207468697320626F6172642088
:102480006261636B20746F2074686520444947491A
:1024900054414C20626F6172642E005072696E74F8
:1024A00073206F7574207468652068656C70206D8A
:1024B000656E7520666F722074686520626F617248
:1024C000642E004F229B22E7221723472372239C6E
:1024D00023C3230524312456246A249B24456E619A
:1024E000626C65206578742D31304D487A207265B4
:1024F000666572656E6365202831292E0049737305
:102500007565205359535245462070756C73657339
:102510002066726F6D204A4553442E005365742027
:102520007468652044414320636F6E74726F6C6CF5
:10253000696E6720584F20567265662C20302D3406
:10254000303936206672616374696F6E2056657823
:1025500074004368616E676520696E7465726E61B0
:102560006C207265666572656E6365204441432028
:102570006F757470757420766F6C74616765005246
:10258000652D73796368726F6E697A65206F7574F3
:102590007075742064697669646572732066726F01
:1025A0006D20626F7468204C4D4B7300DD24FD2458
:1025B0001C25FD247F2553656C656374204A4553B3
:1025C00044206F7220504C4C2E0053656C65637430
:1025D0002064657669636520636C6F636B2E0053BE
:1025E0006574206469676974616C2064656C6179E5
:1025F00020636C6F636B2E00B625CA25DF25B625D8
:10260000CA25DF2553656C65637420646976696447
:10261000657220746F207365742E005365742052A8
:10262000206469766964657220666F7220504C4C34
:102630002E00536574204E206469766964657220AB
:10264000666F7220504C4C2E005365742063616C91
:102650006C6962726174696F6E204E20646976697C
:102660006465722E00536574207072657363616CCB
:10267000617220666F722063616C6C696272617452
:10268000696F6E2E0053657420636C6F636B2064FA
:102690006976696465722E00B62504261B263226EB
:1026A000852653656C656374732062657477656510
:1026B0006E207468652074776F20484D4339383830
:1026C0002064657669636573202872656665726546
:1026D0006E636520616E64206C6D6B292E0047650A
:1026E000742F736574207468652053594E432064B9
:1026F000656C617920646976696465722E00536542
:1027000074206569746865722053594E43206F7256
:1027100020534C4950207573696E672053504920EF
:10272000636F6D6D756E69636174696F6E2E0047BE
:1027300065742F73657420746865206F7574707587
:1027400074206C61756E63682070686173652E001B
:102750004765742F7365742064656C6179206C69BA
:102760006E6520736574706F696E742E00476574B2
:102770002F73657420484D43207265666572656EDF
:10278000636520696E70757420646976696465722A
:1027900073202876616C6964206469766964657267
:1027A0007320617265203D20325E6E2C206E3D31BB
:1027B0002E2E3529004765742F73657420484D43CC
:1027C00020527820427566666572206269617320C6
:1027D00028302069732064656661756C742C203123
:1027E00020666F722073696E75736F6469616C2007
:1027F0002F206E6F6E2D4C565045434C2041432088
:10280000636F75706C696E672E2900A226DE26FE46
:10281000262F2750276D27B5275265616420616EEA
:102820006420777269746520636F6D6D616E647387
:1028300020666F7220646562756767696E672E0037
:10284000B62519285265777269746520616C6C2011
:102850007265677320666F7220656E746972652099
:10286000626F6172642E005475726E206F6E206FFD
:102870007574707574732028706572206368616E5A
:102880006E656C292E0052756E7320646961676EE7
:102890006F73746963206F6E20706572697068650C
:1028A00072616C2028706572206368616E6E656C61
:1028B000292E2053686F756C64207072696E7420C5
:1028C000616C6C207265676973746572732E005455
:1028D00075726E206F6666206F75747075747320E4
:1028E00028706572206368616E6E656C292E0050D9
:1028F0006F776572206379636C65207065726970AB
:10290000686572616C7320616E642072756E7320ED
:10291000626F61726420696E69742028706572202C
:102920006368616E6E656C292E005475726E206F3F
:102930006666207065726970686572616C732E00DE
:102940005475726E732065766572797468696E6706
:10295000206F66662E005072696E7473206F7574F6
:102960002074686520736F66747761726520616E8C
:10297000642068617264776172652076657273693C
:102980006F6E2E00426C696E6B7320746865204C0C
:102990004544206120737065636966696564206ED3
:1029A000756D626572206F662074696D65732E00A7
:1029B00050726F7669646573207468652074656D04
:1029C00070657261747572652028302D31292E0072
:1029D00050726F76696465732074686520616D6FED
:1029E000756E74206F662052414D206C65667420B0
:1029F000286279746573292E0053656C656374735E
:102A000020474C45206D6F64653A204D43555F4724
:102A10004C45283129206F722053594E54485F4647
:102A20005047415F474C45202832290044286728F9
:102A30008628EF282A29402956298429B029D02917
:102A4000F9294865617274626561742066756E6308
:102A500074696F6E20746F20616E642066726F6D92
:102A600020746865207365727665720048656172CE
:102A700074626561742066756E6374696F6E20742C
:102A80006F20726573657420746865206865617273
:102A9000746265617420636F756E74657200486559
:102AA0006172746265617420696E697469616C69D0
:102AB0007A6174696F6E2066756E6374696F6E20DB
:102AC000746F2073657420636F756E746572207403
:102AD0006F2030004765747320504C4C204C6F635E
:102AE0006B2044657465637420537461747573005E
:102AF000476574732C20616E64207468656E207263
:102B000065736574732C20504C4C204C6F7373208C
:102B10006F66204C6F636B205374617475732E0065
:102B200052657475726E73204D43552064657669E5
:102B3000636520696E666F726D6174696F6E2E00D9
:102B4000422A6C2A9E2AD42AF02A202B4C4D4B3044
:102B50003430323800484D43393837004C2B552B30
:102B60004E6F20617267756D656E74206E6563656A
:102B700073736172792E00602B456E7465722074D8
:102B8000686520626F6F746C6F616465722E007986
:102B90002B5072696E7473206F757420696E207685
:102BA0006572626F7365206D6F64652E20312074CD
:102BB0006F20656E61626C652E00912B55736167A5
:102BC000653A205B636D645D205B2D7C2D2D5D5B24
:102BD000617267315D205B2D7C2D2D5D5B617267BD
:102BE000325D2E2E2E0A00436F6D6D616E64733A56
:102BF0000A0054686973206973206E6F7420616ED7
:102C0000206F7065726174696E6720737973746583
:102C10006D210A00596F75206861766520626565CF
:102C20006E206772616E74656420726F6F742070BD
:102C300065726D697373696F6E73210A00657272D4
:102C40006F723A20756E7265636F676E697A65643C
:102C500020636F6D6D616E64206F7074696F6E0AB2
:102C6000004552524F523A204661696C65642074A7
:102C70006F207365740011241FBECFEFCDBFDFE559
:102C8000DEBF00E00CBF10E4A0E0B0E2E4ECFEE444
:102C900001E00BBF02C007900D92A831B107D9F730
:102CA00028E4A8E1B0E401C01D92AD38B207E1F715
:102CB0000E9463990C94BDA60C940000CF93DF93FF
:102CC00000D00F92CDB7DEB780E098E4A8EEB1E077
:102CD00089839A83AB83BC8369817A818B819C8150
:102CE0002496CDBFDEBFDF91CF910895CF93DF93C0
:102CF00000D000D000D0CDB7DEB719820E945E169A
:102D00006A837B838C839D838981882F90E02A81CD
:102D10003B814C815D8104C0569547953795279539
:102D20008A95D2F7DA01C9018E839F83A887B98774
:102D30006E817F81888599852996CDBFDEBFDF9121
:102D4000CF910895CF93DF93CDB7DEB72897CDBF4E
:102D5000DEBF0E94761669837A838B839C83898188
:102D60009A81AB81BC818D839E83AF83B8876D814F
:102D70007E818F8198852896CDBFDEBFDF91CF9170
:102D80000895CF93DF93CDB7DEB72897CDBFDEBFD1
:102D90000E94A21669837A838B839C8389819A819E
:102DA000AB81BC818D839E83AF83B8876D817E812B
:102DB0008F8198852896CDBFDEBFDF91CF91089592
:102DC000CF93DF93CDB7DEB72897CDBFDEBF0E948C
:102DD000C11669837A838B839C8389819A81AB81B5
:102DE000BC818D839E83AF83B8876D817E818F8107
:102DF00098852896CDBFDEBFDF91CF910895CF9300
:102E0000DF930F920F92CDB7DEB789839A838981C2
:102E10009A81009709F45EC189819A81803C91056D
:102E200029F460E180E00E94A35854C189819A810D
:102E3000811524E0920729F464E080E00E94A35801
:102E400049C189819A81803821E0920729F462E0A2
:102E500080E00E94A3583EC189819A81811521E0BA
:102E6000920729F461E080E00E94A35833C1898170
:102E70009A81803823E0920729F461E081E00E9482
:102E8000A35828C189819A81803923E0920729F4C7
:102E900061E082E00E94A3581DC189819A81811559
:102EA00022E0920729F462E081E00E94A35812C157
:102EB00089819A81803422E0920729F462E082E0DD
:102EC0000E94A35807C189819A81803223E092072A
:102ED00029F464E082E00E94A358FCC089819A81B1
:102EE000811528E0920729F461E083E00E94A3584D
:102EF000F1C089819A81811529E0920729F461E066
:102F000084E00E94A358E6C089819A8181152AE055
:102F1000920729F461E085E00E94A358DBC0898113
:102F20009A8181152BE0920729F461E086E00E94E6
:102F3000A358D0C089819A81803428E0920729F46F
:102F400062E083E00E94A358C5C089819A818034E1
:102F500029E0920729F462E084E00E94A358BAC0F5
:102F600089819A8180342AE0920729F462E085E021
:102F70000E94A358AFC089819A81803928E09207C6
:102F800029F464E083E00E94A358A4C089819A8157
:102F9000803929E0920729F464E084E00E94A35874
:102FA00099C089819A8180392AE0920729F464E0E6
:102FB00085E00E94A3588EC089819A8180392BE0D8
:102FC000920729F464E086E00E94A35883C08981B7
:102FD0009A81803C28E0920729F468E083E00E940F
:102FE000A35878C089819A81803C29E0920729F40E
:102FF00068E084E00E94A3586DC089819A81803C7A
:103000002AE0920729F468E085E00E94A35862C094
:1030100089819A81803A28E0920729F460E183E06F
:103020000E94A35857C089819A81803A29E092076B
:1030300029F460E184E00E94A3584CC089819A8100
:10304000803A2AE0920729F460E185E00E94A358C3
:1030500041C089819A81803A2BE0920729F460E18E
:1030600086E00E94A35836C089819A81803B28E07F
:10307000920729F460E283E00E94A3582BC0898163
:103080009A81803B29E0920729F460E284E00E9463
:10309000A35820C089819A81803B2AE0920729F4B5
:1030A00060E285E00E94A35815C089819A8180382A
:1030B00024E0920729F460E483E00E94A3580AC048
:1030C00089819A81803A24E0920721F460E485E0C6
:1030D0000E94A35800000F900F90DF91CF910895A8
:1030E0000F931F93CF93DF93CDB7DEB72897CDBF54
:1030F000DEBF89839A836B837C830E94E0166D8395
:103100007E838F8398878B819C81FC018081918154
:10311000A281B3818C019D01000F111F221F331F5B
:103120006D817E818F819885A90198010E94589DAB
:10313000DA01C9010597A109B1092B813C81F90187
:1031400084839583A683B78389819A810E94FF1621
:103150002B813C8189819A81B9010E94A31E082E8E
:10316000000C990B2896CDBFDEBFDF91CF911F9148
:103170000F910895CF92EF920F931F93CF93DF9308
:10318000CDB7DEB76097CDBFDEBF89839A836B83EF
:103190007C834D835E832F83388709871A87EB866C
:1031A000CC860E94E0166D877E878F87988B8B81F7
:1031B0009C81FC0180819181A281B3818C019D0160
:1031C000000F111F221F331F6D857E858F85988903
:1031D000A90198010E94589DDA01C9010597A1092A
:1031E000B1092B813C81F90184839583A683B78340
:1031F00089819A810E94FF1629853A854F815885D9
:1032000069817A818D819E810E94421F8D819E817C
:103210004C856B850E948B1F00006096CDBFDEBF82
:10322000DF91CF911F910F91EF90CF900895CF92A2
:10323000EF920F931F93CF93DF9300D000D0CDB7C1
:10324000DEB78A839B836C838C81882311F480E0B2
:10325000C8C11982C0C18981282F30E0C901880FF7
:10326000991F820F931F880F991F880F991F880F2E
:10327000991F9C018A819B81820F931FFC01808191
:103280009181009709F47BC08981282F30E0C90122
:10329000880F991F820F931F880F991F880F991FFE
:1032A000880F991F9C018A819B81820F931FFC01CB
:1032B00081899289009709F062C08981282F30E0C6
:1032C000C901880F991F820F931F880F991F880FBC
:1032D000991F880F991F9C018A819B81820F931FE0
:1032E000FC018281938128E3FC01208B8981282FB6
:1032F00030E0C901880F991F820F931F880F991F13
:10330000880F991F880F991F9C018A819B81820FCA
:10331000931FFC018281938128E3FC01218B898129
:10332000282F30E0C901880F991F820F931F880F43
:10333000991F880F991F880F991F9C018A819B8173
:10334000820F931FAC014C5F5F4F8981282F30E0C3
:10335000C901880F991F820F931F880F991F880F2B
:10336000991F880F991F9C018A819B81820F931F4F
:10337000FC0180819181BA010E94701829C1898164
:10338000282F30E0C901880F991F820F931F880FE3
:10339000991F880F991F880F991F9C018A819B8113
:1033A000820F931FFC0180819181009709F40EC167
:1033B0008981282F30E0C901880F991F820F931F40
:1033C000880F991F880F991F880F991F9C018A8168
:1033D0009B81820F931FFC0181899289009709F4D8
:1033E000F5C08981282F30E0C901880F991F820F0D
:1033F000931F880F991F880F991F880F991F9C0191
:103400008A819B81820F931FFC0117898981282F54
:1034100030E0C901880F991F820F931F880F991FF1
:10342000880F991F880F991F9C018A819B81820FA9
:10343000931FFC01A589B6898981282F30E0C90135
:10344000880F991F820F931F880F991F880F991F4C
:10345000880F991F9C018A819B81820F931FFC0119
:103460000388F489E02DED83FE838981282F30E0E5
:10347000C901880F991F820F931F880F991F880F0A
:10348000991F880F991F9C018A819B81820F931F2E
:10349000FC01418952898981282F30E0C901880FB8
:1034A000991F820F931F880F991F880F991F880FEC
:1034B000991F9C018A819B81820F931FBC016C5FC5
:1034C0007F4F8981282F30E0C901880F991F820F13
:1034D000931F880F991F880F991F880F991F9C01B0
:1034E0008A819B81820F931FFC01808191810F2E25
:1034F000F0ECCF2EF02DE12E8D012D813E810E942A
:10350000BA188981282F30E0C901880F991F820FCE
:10351000931F880F991F880F991F880F991F9C016F
:103520008A819B81AC01420F531F8981282F30E093
:10353000C901880F991F820F931F880F991F880F49
:10354000991F880F991F9C018A819B81820F931F6D
:10355000FC0181899289FA0127853089865B9F4F1A
:10356000FC01208331838981282F30E0C901880F35
:10357000991F820F931F880F991F880F991F880F1B
:10358000991F9C018A819B81AC01420F531F898145
:10359000282F30E0C901880F991F820F931F880FD1
:1035A000991F880F991F880F991F9C018A819B8101
:1035B000820F931FFC0181899289FA012585368546
:1035C000845B9F4FFC012083318302C0898109C045
:1035D00089818F5F898399818C81981708F43BCE0C
:1035E00080E02696CDBFDEBFDF91CF911F910F9176
:1035F000EF90CF900895CF93DF9300D00F920F926A
:10360000CDB7DEB789839A836B837C834D832B810F
:103610003C8189819A814D81B9010E94DB1E2596EA
:10362000CDBFDEBFDF91CF910895CF93DF9300D060
:10363000CDB7DEB789839A836B8389819A81865B54
:103640009F4FFC01808191819E012D5F3F4FB90109
:103650000E94D951982F81E08927882311F081E0B9
:1036600001C080E00F900F900F90DF91CF910895EF
:10367000CF93DF9300D000D000D0CDB7DEB78C83DE
:103680009D836E837F834887298719828C819D81E2
:10369000FC01828193818A839B8310922340109244
:1036A0002640109227408E819F81809328409093DE
:1036B00029408885882F90E080932A4090932B4062
:1036C00010922C40198235C08C819D81FC0186812D
:1036D0009781FC018081882F90E02981222F30E0A2
:1036E000022E02C0959587950A94E2F7817099277A
:1036F0000097E1F08C819D81FC01248135818981D5
:10370000882F90E0820F931FFC01808180932240DC
:103710008A819B81498562E270E40E94FB1A8823BA
:1037200011F081E010C08985882359F489818F5F69
:1037300089838C819D81FC0180859981981720F275
:1037400001C0000080E02996CDBFDEBFDF91CF91A0
:103750000895CF93DF93CDB7DEB72A97CDBFDEBFF5
:103760008D839E836F83788749875A8719828F81DB
:103770009885FC0181818F3009F030F48F81988524
:10378000FC018181882339F489859A8521E0FC0137
:10379000208381E0BBC08F819885FC0181818B8370
:1037A0008B81882309F44CC08F819885FC0184812A
:1037B0009B81692F0E944C9D892F882339F0898530
:1037C0009A8521E0FC01208381E0A0C08F8198854B
:1037D000FC0184818823A1F11A8226C08F819885FB
:1037E000FC01828193812A81422F50E02B81222F7C
:1037F00030E0429FB001439F700D529F700D112425
:103800009B01BC01620F731F8D819E8120E04B8163
:103810000E94381B8C838C81882319F081E0898376
:103820000FC08A818F5F8A838F819885FC01848194
:103830009B81692F0E944C9D982F8A81891770F275
:1038400089859A85FC0181818F3009F008F458C080
:1038500089859A85FC018481882309F451C0898572
:103860009A85FC0181818F508B838B81882311F491
:1038700081E04CC089859A85FC0184819B81692FF8
:103880000E944C9D892F882339F089859A8521E0F3
:10389000FC01208381E03AC01A8226C089859A857E
:1038A000FC01828193812A81422F50E02B81222FBB
:1038B00030E0429FB001439F700D529F700D112464
:1038C0009B01BC01620F731F8D819E8121E04B81A2
:1038D0000E94381B8C838C81882319F081E08983B6
:1038E0000FC08A818F5F8A8389859A85FC018481D4
:1038F0009B81692F0E944C9D982F8A81891770F2B5
:1039000089859A852981FC01208389812A96CDBFEA
:10391000DEBFDF91CF910895CF93DF930F92CDB7A4
:10392000DEB78FE390E0FC0180818983F894898180
:103930000F90DF91CF910895CF93DF930F92CDB782
:10394000DEB789838FE390E02981FC0120830000AA
:103950000F90DF91CF9108951F920F920FB60F92A3
:1039600011240BB60F922F933F934F935F936F9356
:103970007F938F939F93AF93BF93EF93FF93CF93D7
:10398000DF93CDB7DEB70E944C1E0000DF91CF91D0
:10399000FF91EF91BF91AF919F918F917F916F9127
:1039A0005F914F913F912F910F900BBE0F900FBEE3
:1039B0000F901F9018951F920F920FB60F9211241F
:1039C0000BB60F922F933F934F935F936F937F9319
:1039D0008F939F93AF93BF93EF93FF93CF93DF9317
:1039E000CDB7DEB70E944C1E0000DF91CF91FF9152
:1039F000EF91BF91AF919F918F917F916F915F9167
:103A00004F913F912F910F900BBE0F900FBE0F90D3
:103A10001F901895CF93DF930F920F92CDB7DEB71B
:103A200089839A8389819A81FC018481882F90E01F
:103A30008370992721E08130910509F020E0822FE1
:103A40000F900F90DF91CF910895CF93DF930F9256
:103A50000F92CDB7DEB78A8305C08A81882311F023
:103A600086EF11C0809136408823B9F70E948C1CE4
:103A7000898381E08093364080E880933740898154
:103A80000E949C1C80E00F900F90DF91CF910895D1
:103A9000CF93DF930F92CDB7DEB700008091374010
:103AA0008038E1F300C080912D4090912E400E941B
:103AB0000A1D982F81E089278823A9F78091374034
:103AC00089831092364089810F90DF91CF910895BC
:103AD000CF93DF93CDB7DEB72897CDBFDEBF809100
:103AE0002D4090912E4089839A8380912F40909110
:103AF00030408B839C8320913140309132408B81C8
:103B00009C81FC018481958128173907E4F48B811D
:103B10009C8101968F8398878091314090913240AB
:103B20009C012F5F3F4F20933140309332409C01E6
:103B30008F819885820F931FFC01208189819A8152
:103B4000FC0127833FC020913340309134408B816A
:103B50009C81FC01808591852817390760F580914B
:103B60003540882359F089819A81FC018681282F6C
:103B7000216089819A81FC01268324C08B819C81EC
:103B8000FC01868197818D839E8380913340909143
:103B900034409C012F5F3F4F20933340309334409B
:103BA0002D813E81820F931FFC01208189819A81A2
:103BB000FC01278307C089819A8123E0FC012383CC
:103BC0001092374000002896CDBFDEBFDF91CF9125
:103BD0000895CF93DF9300D000D0CDB7DEB78091AA
:103BE0002D4090912E4089839A8380912F4090910F
:103BF00030408B839C8320913340309134408B81C3
:103C00009C81FC018085918528173907B0F58B814F
:103C10009C81FC01868197818D839E8380913340B6
:103C2000909134409C012F5F3F4F2093334030935D
:103C300034402D813E81820F931F29813A81F90101
:103C40002781FC01208320913340309134408B81C7
:103C50009C81FC01808591852817390730F4898182
:103C60009A8122E0FC01238310C089819A8127E098
:103C7000FC0123831092374008C089819A8123E098
:103C8000FC01238389EF8093374000002696CDBF47
:103C9000DEBFDF91CF910895CF93DF930F92CDB721
:103CA000DEB780912D4090912E40FC018481898364
:103CB0008981882F90E088709927009799F08091EA
:103CC0002D4090912E4029812860FC012483809111
:103CD0002D4090912E4023E0FC01238386EF8093BA
:103CE00037402CC08981882F90E0847099270097F5
:103CF00039F48981882F90E080719927009759F0D5
:103D000080912D4090912E4023E0FC0123838FEF82
:103D10008093374013C08981882F90E08074992761
:103D2000009719F00E94681D09C0898188231CF43E
:103D30000E94E91D03C08BEF8093374000000F9075
:103D4000DF91CF910895CF93DF9300D00F920F9220
:103D5000CDB7DEB78A839B836C837D8388EB8983B1
:103D60008C819D81FC0184819581A681B781282F5A
:103D70008A819B81FC0125838A819B812981FC01A9
:103D800021838A819B8121E0FC01248310923640AB
:103D90001092374080EA90E0FC01228180EA90E0B6
:103DA0002260FC012283789480E02596CDBFDEBF9F
:103DB000DF91CF910895CF93DF9300D000D00F9281
:103DC000CDB7DEB78B839C836D837E834F838B81DE
:103DD0009C81009721F08D819E81009711F488EFDE
:103DE0004BC08D819E81FC0182850E94251D8983A7
:103DF0008981882309F03FC08B819C8180932D406D
:103E000090932E408D819E8180932F4090933040DF
:103E10001092314010923240109233401092344050
:103E20008F81809335408D819E81FC018081880F38
:103E30008A838D819E81FC0184819581009729F47C
:103E40009F8181E08927882341F080912D409091C6
:103E50002E402A81FC0126830BC08F81882341F0EC
:103E600080912D4090912E402A812160FC01268373
:103E70000E94481D898389812796CDBFDEBFDF91CF
:103E8000CF910895CF93DF93CDB7DEB72897CDBFFD
:103E9000DEBF89839A836B837C834D835E832F830C
:103EA000388789819A812B813C81FC012083318371
:103EB00089819A812D813E81FC012283338389810E
:103EC0009A812F813885FC012483358389819A81E9
:103ED0008A5B9F4FFC01108289819A81895B9F4F89
:103EE000FC01108289819A81885B9F4FFC011082BE
:103EF00089819A81875B9F4FFC01108289819A8119
:103F0000825B9F4FFC01108200002896CDBFDEBF70
:103F1000DF91CF910895CF93DF9300D00F92CDB76B
:103F2000DEB789839A836B834C8389819A81FC01F4
:103F3000808191812C812863FC01208789819A816D
:103F4000FC01808191812B81220FFC0123870000DD
:103F50002496CDBFDEBFDF91CF910895CF93DF933D
:103F600000D0CDB7DEB78A839B838A819B81FC0119
:103F700080819181FC01828589838981882F90E0ED
:103F8000847099270097D1F08A819B818A5B9F4F2B
:103F9000FC0110828A819B81895B9F4FFC0110820A
:103FA0008A819B81875B9F4F24E0FC0120838A816B
:103FB0009B81885B9F4FFC0110824DC08981882FB7
:103FC00090E0887099270097D1F08A819B818A5B65
:103FD0009F4FFC0110828A819B81895B9F4FFC016E
:103FE00010828A819B81875B9F4F23E0FC012083A5
:103FF0008A819B81885B9F4FFC0110822CC0898144
:10400000882F90E080749927009761F08981882F2C
:1040100090E081709927009729F08A819B810E9406
:10402000322019C08981882F90E0807499270097E9
:1040300029F08A819B810E948E200DC0898188236E
:104040002CF48A819B810E94CB2005C08A819B81B0
:1040500065E00E94EB2100000F900F900F90DF9120
:10406000CF910895CF93DF9300D0CDB7DEB78A8389
:104070009B838A819B81825B9F4FFC018081882387
:10408000A1F08A819B81FC018081918122E0FC0169
:1040900021878A819B8166E00E94EB218A819B8136
:1040A000825B9F4FFC01108232C08A819B81885BBA
:1040B0009F4F21E0FC0120838A819B81875B9F4F7A
:1040C000FC0110828A819B81FC0180819181FC012D
:1040D000808589838A819B81FC01808191812981EE
:1040E0002B7FFC0120878A819B818A5B9F4FFC018B
:1040F00010828A819B81895B9F4FFC0110828A819B
:104100009B81FC018081918123E0FC0121870000DB
:104110000F900F900F90DF91CF910895CF93DF9381
:1041200000D00F92CDB7DEB78B839C838B819C81AF
:10413000FC0180819181FC01808589838B819C8138
:10414000FC018081918129812B7FFC0120878B815B
:104150009C81FC0180819181FC0182858A838B8115
:104160009C81FC01808191812A812064FC0122874D
:104170008B819C81FC0184819581FC0119958B8147
:104180009C8161E00E94EB2100002496CDBFDEBF40
:10419000DF91CF910895CF93DF930F920F92CDB718
:1041A000DEB789839A8389819A81FC01808191811C
:1041B000FC018285882F90E082709927009729F072
:1041C00089819A810E94782104C089819A810E9404
:1041D000EF2000000F900F90DF91CF910895CF93C3
:1041E000DF9300D00F92CDB7DEB78B839C838B819A
:1041F0009C81FC0180819181FC01808589838B8178
:104200009C81FC018081918129812460FC012087AF
:104210008B819C818A5B9F4FFC0180818F3111F0E3
:1042200008F052C08B819C81FC0180819181FC014E
:1042300084858A838B819C818A5B9F4FFC0180816E
:10424000882F90E02B813C81820F931F06962A8154
:10425000FC0120838B819C81FC0182819381FC0184
:1042600019958B819C818A5B9F4FFC01808121E0A5
:10427000280F8B819C818A5B9F4FFC0120838B815F
:104280009C81825B9F4FFC0180818823A1F08B8100
:104290009C81FC018081918122E0FC0121878B813E
:1042A0009C8166E00E94EB218B819C81825B9F4F09
:1042B000FC01108216C08B819C81FC018081918160
:1042C00023E0FC0121870DC08B819C81FC01808152
:1042D000918126E0FC0121878B819C8162E00E9414
:1042E000EB2100002496CDBFDEBFDF91CF91089572
:1042F000CF93DF9300D0CDB7DEB78A839B838A81CB
:104300009B81895B9F4FFC0180818823D9F08A8142
:104310009B81FC0180819181FC018285882F90E046
:1043200080719927009771F08A819B81FC018081BF
:10433000918122E0FC0121878A819B8161E00E94BA
:10434000EB2142C08A819B81895B9F4FFC01808168
:104350008F3109F060F58A819B81865B9F4FFC015C
:10436000808191819E012F5F3F4FB9010E9464526D
:104370008A819B81FC01808191812981FC012487B4
:104380008A819B81895B9F4FFC01808121E0280FFE
:104390008A819B81895B9F4FFC0120838A819B815D
:1043A000FC018081918123E0FC0121870DC08A817D
:1043B0009B81FC018081918122E0FC0121878A811F
:1043C0009B8162E00E94EB2100000F900F900F9004
:1043D000DF91CF910895CF93DF9300D0CDB7DEB7B3
:1043E00089839A836B8389819A81875B9F4F2B8115
:1043F000FC01208389819A81885B9F4FFC01108298
:1044000000000F900F900F90DF91CF910895CF9300
:10441000DF93CDB7DEB72B97CDBFDEBF8A876B8723
:104420008A8589838B858A8389818B838B818C8321
:104430008C818695869586958D838D81882F90E0D9
:10444000880F991F82959295907F9827807F982753
:104450009A5F00008E839F838A818823A9F08981D7
:1044600088878885882F90E09C012770332781E01A
:1044700090E002C0880F991F2A95E2F7282F8E81BD
:104480009F81FC01258314C0898189878985882FB4
:1044900090E09C012770332781E090E002C0880FF4
:1044A000991F2A95E2F7282F8E819F81FC01268390
:1044B000000000002B96CDBFDEBFDF91CF910895A5
:1044C000CF93DF9300D000D00F92CDB7DEB78D83AE
:1044D0006E837F838D818C838C81882F90E09C01FB
:1044E0002770332781E090E002C0880F991F2A953A
:1044F000E2F7682F8D81898389818A838A818695F5
:10450000869586958B838B81882F90E0880F991FE5
:1045100082959295907F9827807F98279A5F9C013B
:1045200000008E819F81AC01C9010E944D500000A6
:104530002796CDBFDEBFDF91CF910895CF93DF9354
:104540000F920F92CDB7DEB789839A8389819A81C2
:10455000FC018081282F206489819A81FC012083BD
:1045600000000F900F90DF91CF910895CF93DF93CC
:1045700000D0CDB7DEB789839A836B8389819A8116
:104580002B81FC01238300000F900F900F90DF918F
:10459000CF910895CF93DF930F920F92CDB7DEB7EF
:1045A00089839A8389819A81FC0183810F900F907E
:1045B000DF91CF910895CF93DF930F920F92CDB7F4
:1045C000DEB789839A8389819A81FC018281881F61
:1045D0008827881F0F900F90DF91CF910895CF9378
:1045E000DF9300D00F92CDB7DEB780E098E4A8EE5D
:1045F000B1E089839A83AB83BC8369817A818B81A3
:104600009C812496CDBFDEBFDF91CF910895CF93DB
:10461000DF9300D000D000D0CDB7DEB719820E9462
:10462000EF226A837B838C839D838981882F90E02E
:104630002A813B814C815D8104C056954795379511
:1046400027958A95D2F7DA01C9018E839F83A887BF
:10465000B9876E817F81888599852996CDBFDEBF18
:10466000DF91CF910895CF93DF93CDB7DEB7289731
:10467000CDBFDEBF0E94072369837A838B839C832F
:1046800089819A81AB81BC818D839E83AF83B887FA
:104690006D817E818F8198852896CDBFDEBFDF91A9
:1046A000CF910895CF93DF93CDB7DEB72897CDBFD5
:1046B000DEBF0E94332369837A838B839C83898145
:1046C0009A81AB81BC818D839E83AF83B8876D81D6
:1046D0007E818F8198852896CDBFDEBFDF91CF91F7
:1046E0000895CF93DF93CDB7DEB72897CDBFDEBF58
:1046F0000E94522369837A838B839C8389819A8168
:10470000AB81BC818D839E83AF83B8876D817E81B1
:104710008F8198852896CDBFDEBFDF91CF91089518
:10472000CF93DF9300D00F92CDB7DEB789839A8302
:104730006B837C8389819A810E94CA22282F8B8176
:104740009C81FC01208300002496CDBFDEBFDF9159
:10475000CF910895CF93DF930F920F92CDB7DEB72D
:1047600089839A8389819A810E94DB220F900F901E
:10477000DF91CF910895462F572FBC014150510929
:10478000610971094115510561057105B9F7089570
:10479000BF92CF92DF92EF92FF920F931F93CF932E
:1047A000DF9300D000D00F92CDB7DEB78B839C8310
:1047B0006D838D81882311F481E0E0C01A82198213
:1047C000D7C08981282F30E0C901880F991F880F31
:1047D000991F880F991F820F931F2B813C81820F95
:1047E000931FFC018281938143E050E060E10E94CD
:1047F0004D508981282F30E0C901880F991F880FFB
:10480000991F880F991F820F931F2B813C81820F64
:10481000931FFC018281938143E050E060E20E949B
:104820004D508981282F30E0C901880F991F880FCA
:10483000991F880F991F820F931F2B813C81820F34
:10484000931FFC018281938140E050E060E40E946C
:104850004D508981282F30E0C901880F991F880F9A
:10486000991F880F991F820F931F2B813C81820F04
:10487000931FFC018281938141E050E060E80E9437
:104880004D508981282F30E0C901880F991F880F6A
:10489000991F880F991F820F931F2B813C81820FD4
:1048A000931FFC01808191810E94CC2C8981282F4B
:1048B00030E0C901880F991F880F991F880F991F31
:1048C000820F931F2B813C81820F931FFC018481F7
:1048D0009581A681B7812981422F50E09A01220F4C
:1048E000331F220F331F220F331F240F351F4B811D
:1048F0005C81240F351FF901B0842981422F50E0DB
:104900009A01220F331F220F331F220F331F240F50
:10491000351F4B815C81240F351FF9010190F08117
:10492000E02DEE83FF83BE016E5F7F4FC12CD12C43
:1049300076018C019D014B2D8E819F810E94FC2C64
:104940008981282F30E0C901880F991F880F991F8E
:10495000880F991F820F931F2B813C81820F931F19
:10496000FC01808191810E949E2289818F5F8983D1
:1049700099818D81981708F424CF80E02796CDBFC8
:10498000DEBFDF91CF911F910F91FF90EF90DF90ED
:10499000CF90BF900895CF93DF9300D000D0CDB7D4
:1049A000DEB78C839D836E838E81882311F480E033
:1049B0004BC0198243C01A8226C08981282F30E05B
:1049C000C901880F991F880F991F880F991F821B93
:1049D000930B880F991F9C018C819D81820F931FDF
:1049E000FC01248135818A81882F90E0820F931FFA
:1049F000FC0180818B8363E070E08B810E946022E8
:104A00008A818F5F8A838981282F30E0C901880FCE
:104A1000991F880F991F880F991F821B930B880F6E
:104A2000991F9C018C819D81820F931FFC018085C1
:104A30009A81981710F289818F5F898399818E817D
:104A4000981708F4B8CF80E02696CDBFDEBFDF917F
:104A5000CF9108952F923F924F925F926F927F92E3
:104A60008F929F92AF92BF92CF92DF92EF92FF927E
:104A70000F931F93CF93DF93CDB7DEB76C97CDBF66
:104A8000DEBF888B998B6A8B7B8B4C8B888999894D
:104A9000DC0112968D919C91FC01808191818A8329
:104AA0009B8388899989DC011A968D919C911B972B
:104AB000FC018081882309F093C019822BC088896A
:104AC0009989DC0116968D919C911797FC01808144
:104AD000882F90E02981222F30E0022E02C0959588
:104AE00087950A94E2F781709927009781F0888969
:104AF0009989DC0114962D913C918981882F90E051
:104B0000820F931FFC01808160E00E94072289814F
:104B10008F5F898388899989DC0118968C91189711
:104B20009981981760F21EC08A899B899C012F5F2A
:104B30003F4F2A8B3B8BFC0120818A819B818C8398
:104B40009D832E838C819D816E810E94B622000000
:104B500000008A819B810E94AA23982F81E08927E7
:104B60008823B9F78C899FEF980F9C8B8823E1F6F7
:104B700019822BC088899989DC0116968D919C91A8
:104B80001797FC018081882F90E02981222F30E047
:104B9000022E02C0959587950A94E2F781709927B5
:104BA000009781F088899989DC0114962D913C91B8
:104BB0008981882F90E0820F931FFC01808161E042
:104BC0000E94072289818F5F898388899989DC0106
:104BD00018968C9118979981981760F280E0A2C27C
:104BE00088899989FC0182859385DC018C918430C8
:104BF00009F094C088899989FC018485958501967E
:104C0000DC018C9161E00E940722198228C088890A
:104C10009989FC0186819781DC018C91882F90E035
:104C20002981222F30E0022E02C0959587950A94A3
:104C3000E2F781709927009779F088899989FC01BA
:104C4000248135818981882F90E0820F931FDC01B8
:104C50008C9160E00E94072289818F5F8983888917
:104C60009989FC0180859981981788F21EC08A89EC
:104C70009B899C012F5F3F4F2A8B3B8BDC012C9142
:104C80008A819B818F83988729878F819885698501
:104C90000E94B622000000008A819B810E94AA2304
:104CA000982F81E089278823B9F78C899FEF980F87
:104CB0009C8B8823E1F6198228C088899989FC0198
:104CC00086819781DC018C91882F90E02981222FA9
:104CD00030E0022E02C0959587950A94E2F7817024
:104CE0009927009779F088899989FC012481358179
:104CF0008981882F90E0820F931FDC018C9161E005
:104D00000E94072289818F5F898388899989FC01A4
:104D100080859981981788F280E004C288899989F2
:104D2000DC011A968D919C911B97FC01808181304A
:104D300009F0C1C088899989DC011C968D919C91EC
:104D40000196FC01808160E00E94072219822BC03D
:104D500088899989DC0116968D919C911797FC01A1
:104D60008081882F90E02981222F30E0022E02C01E
:104D7000959587950A94E2F781709927009781F0BD
:104D800088899989DC0114962D913C918981882F1D
:104D900090E0820F931FFC01808160E00E94072257
:104DA00089818F5F898388899989DC0118968C9124
:104DB00018979981981760F288899989FC018485F0
:104DC00095850196DC018C9161E00E9407221EC04E
:104DD0008A899B899C012F5F3F4F2A8B3B8BFC016B
:104DE00020818A819B818A879B872C878A859B85E6
:104DF0006C850E94B622000000008A819B810E947F
:104E0000AA23982F81E089278823B9F78C899FEFFF
:104E1000980F9C8B8823E1F688899989DC011C9680
:104E20008D919C910196FC01808160E00E94072297
:104E300019822BC088899989DC0116968D919C91E5
:104E40001797FC018081882F90E02981222F30E084
:104E5000022E02C0959587950A94E2F781709927F2
:104E6000009781F088899989DC0114962D913C91F5
:104E70008981882F90E0820F931FFC01808161E07F
:104E80000E94072289818F5F898388899989DC0143
:104E900018968C9118979981981760F2888999894A
:104EA000FC01848595850196DC018C9161E00E946E
:104EB000072280E037C188899989FC018285938522
:104EC000DC018C91853009F02CC11EC08A899B8938
:104ED0009C012F5F3F4F2A8B3B8BFC0120818A81F5
:104EE0009B818D879E872F878D859E856F850E94EC
:104EF000B622000000008A819B810E94AA23982F7D
:104F000081E089278823B9F78C899FEF980F9C8BC4
:104F10008823E1F688899989DC011C968D919C9102
:104F20000196FC01808160E00E94072219823CC04A
:104F300088899989DC0116968D919C911797FC01BF
:104F40008081882F90E02981222F30E0022E02C03C
:104F5000959587950A94E2F781709927009789F0D3
:104F600088899989DC0114962D913C918981882F3B
:104F700090E0820F931FFC01808161E00E94072274
:104F800010C088899989DC0114962D913C91898102
:104F9000882F90E0820F931FFC01808160E00E94C7
:104FA000072289818F5F898388899989DC01189616
:104FB0008C9118979981981708F4BACF88899989A4
:104FC000FC01848595850196DC018C9161E00E944D
:104FD00007220E9471236D8B7E8B8F8B988F8D891A
:104FE0009E89AF89B88D4C015D01C12CD12C760111
:104FF000282D392D4A2D5B2D6C2D7D2D8E2D9F2D2D
:10500000215C3D4B404F5F4F6F4F7F4F8F4F9F4F06
:10501000222E332E442E552E662E772E882E992E34
:10502000A12C0F2EFCE7BF2EF02D0F2EF2E9CF2E74
:10503000F02DD12CE12CF12C00E010E0222D332DAD
:10504000442D552D662D772D882D992D0E945D9E1E
:10505000822E932EA42EB52EC62ED72EE82EF92EF4
:10506000082D192D2A2D3B2D4C2D5D2D6E2D7F2DBC
:10507000098F1A8F2B8F3C8F698D7A8D8B8D9C8D2C
:105080000E94BB2388899989DC011C968D919C9193
:105090000196FC01808160E00E94072219822BC0EA
:1050A00088899989DC0116968D919C911797FC014E
:1050B0008081882F90E02981222F30E0022E02C0CB
:1050C000959587950A94E2F781709927009781F06A
:1050D00088899989DC0114962D913C918981882FCA
:1050E00090E0820F931FFC01808160E00E94072204
:1050F00089818F5F898388899989DC0118968C91D1
:1051000018979981981760F288899989FC0184859C
:1051100095850196DC018C9161E00E94072280E078
:1051200001C088EF6C96CDBFDEBFDF91CF911F919C
:105130000F91FF90EF90DF90CF90BF90AF909F9036
:105140008F907F906F905F904F903F902F90089539
:10515000CF93DF93CDB7DEB72B97CDBFDEBF8F8365
:10516000988769877A874B8719828F819885FC0198
:1051700082819381FC01808191818A839B83198242
:1051800029C08F819885FC0186819781FC018081EF
:10519000882F90E02981222F30E0022E02C09595C1
:1051A00087950A94E2F781709927009781F08F81A3
:1051B0009885FC01248135818981882F90E0820FB8
:1051C000931FFC01808160E00E9407220AC0898150
:1051D0008F5F89838F819885FC01808599819817DD
:1051E00080F225C089859A85FC0120818A819B8176
:1051F0008C839D832E838C819D816E810E94B6223B
:10520000000000008A819B810E94AA23982F81E0E0
:1052100089278823B9F729853A858A819B81B90135
:105220000E94902389859A85019689879A878B8524
:105230009FEF980F9B878823A9F68F819885FC01A3
:1052400082859385FC018081853091F1198229C086
:105250008F819885FC0186819781FC018081882F50
:1052600090E02981222F30E0022E02C0959587958B
:105270000A94E2F781709927009781F08F819885D1
:10528000FC01248135818981882F90E0820F931F52
:10529000FC01808161E00E9407220AC089818F5F42
:1052A00089838F819885FC0180859981981780F288
:1052B00080E02B96CDBFDEBFDF91CF910895CF92D6
:1052C000DF92EF92FF920F931F93CF93DF93CDB7AF
:1052D000DEB72E97CDBFDEBF8F83988769877A8729
:1052E0004B875C871E828F819885FC018281938128
:1052F000FC0180858B8319828F819885FC018185D3
:10530000882F90E080749927009709F44CC08F8112
:105310009885FC0182819381FC0120858F8198858D
:10532000FC0182819381237DFC0120878F819885F8
:10533000FC0182819381FC018085282F8F819885D3
:10534000FC0181858C72282B8F819885FC018281DC
:105350009381FC0120878F819885FC018281938154
:10536000FC0184819581A681B7812F813885F9015F
:1053700022813381F90140852F813885F90122810D
:105380003381F9010190F081E02DED87FE87BE01A8
:105390006A5F7F4FC12CD12C76018C019D018D85D8
:1053A0009E850E94FC2C89859A85FC0181818F3025
:1053B00009F030F489859A85FC018181882311F4F4
:1053C00081E0E2C089859A85FC0181818C838C8192
:1053D000882309F444C089859A85FC0184819C81D5
:1053E000692F0E944C9D892F882311F081E0CCC049
:1053F00089859A85FC018481882389F11A8223C0DA
:1054000089859A85FC01828193812A81422F50E00F
:105410002C81222F30E0429FB001439F700D529F9C
:10542000700D11249B01280F391F8F8198854C81A5
:10543000B9010E942A25882319F081E089830FC0D1
:105440008A818F5F8A8389859A85FC0184819C810A
:10545000692F0E944C9D982F8A81891788F28B852D
:105460009C85FC0181818F3009F008F452C08B8546
:105470009C85FC018481882309F44BC08B859C8525
:10548000FC0181818F508C838C81882311F481E011
:105490007BC08B859C85FC0184819C81692F0E9447
:1054A0004C9D892F882311F081E06EC01A8225C09F
:1054B0008B859C85FC01828193812A81422F50E05B
:1054C0002C81222F30E0429FB001439F700D529FEC
:1054D000700D11249B01280F391F8F8198854C81F5
:1054E000B9010E94A8288D838D81882319F081E05D
:1054F00089830FC08A818F5F8A838B859C85FC019D
:1055000084819C81692F0E944C9D982F8A818917E4
:1055100078F28F819885FC01828193812B81FC0137
:1055200020878F819885FC018185882F90E0807489
:105530009927009741F18F819885FC0182819381A1
:10554000FC0184819581A681B7812F813885F9017D
:1055500022813381F90140852F813885F90122812B
:105560003381F9010190F081E02DED87FE87BE01C6
:105570006A5F7F4FC12CD12C76018C019D018D85F6
:105580009E850E94FC2C89812E96CDBFDEBFDF91C7
:10559000CF911F910F91FF90EF90DF90CF900895E2
:1055A000CF93DF9300D0CDB7DEB789839A836B8327
:1055B00089819A81009721F08B81833019F010F056
:1055C00081E018C089819A81FC018185282F2C7F78
:1055D00089819A81FC01218789819A81FC019185C9
:1055E0008B818370892B282F206489819A81FC010B
:1055F000218780E00F900F900F90DF91CF91089559
:10560000CF93DF93CDB7DEB72A97CDBFDEBF8A87B2
:105610008A8589831A8289818B838B818C838C8193
:105620008695869586958D838D81882F90E0880F4D
:10563000991F82959295907F9827807F98279A5FEF
:1056400000008E839F838A818823A9F089818887BF
:105650008885882F90E09C012770332781E090E0B7
:1056600002C0880F991F2A95E2F7282F8E819F810B
:10567000FC01258314C0898189878985882F90E062
:105680009C012770332781E090E002C0880F991FAA
:105690002A95E2F7282F8E819F81FC012683000046
:1056A00000002A96CDBFDEBFDF91CF910895CF9342
:1056B000DF93CDB7DEB72A97CDBFDEBF8A878A8555
:1056C000898381E08A8389818B838B818C838C8120
:1056D0008695869586958D838D81882F90E0880F9D
:1056E000991F82959295907F9827807F98279A5F3F
:1056F00000008E839F838A818823A9F0898188870F
:105700008885882F90E09C012770332781E090E006
:1057100002C0880F991F2A95E2F7282F8E819F815A
:10572000FC01258314C0898189878985882F90E0B1
:105730009C012770332781E090E002C0880F991FF9
:105740002A95E2F7282F8E819F81FC012683000095
:1057500000002A96CDBFDEBFDF91CF910895CF9391
:10576000DF9300D0CDB7DEB789839A836B838981BD
:105770009A812B81FC01238300000F900F900F90E2
:10578000DF91CF910895CF93DF930F920F92CDB712
:10579000DEB789839A8389819A81FC0183810F9086
:1057A0000F90DF91CF910895CF93DF930F920F92D7
:1057B000CDB7DEB789839A8389819A81FC01828182
:1057C000881F8827881F0F900F90DF91CF91089531
:1057D000CF93DF930F920F92CDB7DEB789839A8371
:1057E00089819A81FC018081282F206189819A8199
:1057F000FC01208300000F900F90DF91CF9108955E
:10580000CF93DF9300D00F92CDB7DEB780E098E45E
:10581000A8EEB1E089839A83AB83BC8369817A81E6
:105820008B819C812496CDBFDEBFDF91CF910895FF
:10583000CF93DF9300D000D000D0CDB7DEB7198270
:105840000E94002C6A837B838C839D838981882FAF
:1058500090E02A813B814C815D8104C0569547953B
:10586000379527958A95D2F7DA01C9018E839F83F0
:10587000A887B9876E817F81888599852996CDBF54
:10588000DEBFDF91CF910895CF93DF93CDB7DEB721
:105890002897CDBFDEBF0E94182C69837A838B8343
:1058A0009C8389819A81AB81BC818D839E83AF83E8
:1058B000B8876D817E818F8198852896CDBFDEBFA8
:1058C000DF91CF910895CF93DF93CDB7DEB72897BF
:1058D000CDBFDEBF0E94442C69837A838B839C8377
:1058E00089819A81AB81BC818D839E83AF83B88788
:1058F0006D817E818F8198852896CDBFDEBFDF9137
:10590000CF910895CF93DF93CDB7DEB72897CDBF62
:10591000DEBF0E94632C69837A838B839C83898199
:105920009A81AB81BC818D839E83AF83B8876D8163
:105930007E818F8198852896CDBFDEBFDF91CF9184
:105940000895CF93DF9300D00F92CDB7DEB7898350
:105950009A836B837C8389819A810E94C32B282F31
:105960008B819C81FC01208300002496CDBFDEBF8B
:10597000DF91CF910895CF93DF930F920F92CDB720
:10598000DEB789839A8389819A810E94D42B0F90F4
:105990000F90DF91CF910895CF93DF930F920F92E5
:1059A000CDB7DEB789839A8389819A81803C28E0CC
:1059B000920721F468E083E00E94A35889819A81CC
:1059C000803C29E0920721F468E084E00E94A3581B
:1059D00089819A81803C2AE0920721F468E085E081
:1059E0000E94A35889819A810E94E82B00000F90A1
:1059F0000F90DF91CF910895CF92DF92EF92FF92B7
:105A00000F931F93CF93DF93CDB7DEB76197CDBFD1
:105A1000DEBF89839A836B837C834D830E831F83D0
:105A200028873987CA86DB86EC86FD860E94822C11
:105A30006E877F87888B998B8E819F81A885B9859A
:105A4000E981FA810E851F8528893989AC01BD015C
:105A5000CF010E94F32D88237CF089819A81FC017B
:105A60008081982F937D8D818C72892B282F89813D
:105A70009A81FC01208301C000006196CDBFDEBF8A
:105A8000DF91CF911F910F91FF90EF90DF90CF901A
:105A90000895CF93DF9300D000D000D0CDB7DEB70C
:105AA0008C839D836E837F83488759871EC08E8138
:105AB0009F819C012F5F3F4F2E833F83FC012081FC
:105AC0008C819D8189839A832B8389819A816B81C3
:105AD0000E94AF2B000000008C819D810E94BB2C96
:105AE000982F81E089278823B9F7888599859C01BB
:105AF00021503109288739870097C9F680E0299617
:105B0000CDBFDEBFDF91CF910895CF93DF9300D05B
:105B100000D000D0CDB7DEB78C839D836E837F83AA
:105B20004887598722C08C819D8189839A838FEF12
:105B30008B8389819A816B810E94AF2B00000000CA
:105B40008C819D810E94BB2C982F81E0892788231E
:105B5000B9F72E813F818C819D81B9010E94A12CD2
:105B60008E819F8101968E839F83888599859C0174
:105B700021503109288739870097A9F680E02996B6
:105B8000CDBFDEBFDF91CF910895CF93DF9300D0DB
:105B90000F92CDB7DEB789839A836B837C838B8129
:105BA0009C81FC0180810E94002B00002496CDBFC7
:105BB000DEBFDF91CF910895CF93DF9300D00F9296
:105BC000CDB7DEB789839A836B837C838B819C817D
:105BD000FC0180810E94572B00002496CDBFDEBFC0
:105BE000DF91CF9108950F931F93CF93DF93CDB79C
:105BF000DEB76497CDBFDEBF8F83988749875A870A
:105C00006B877C870D871E872F87388B4D855E8538
:105C10006F85788989859A85AB85BC85840F951FAA
:105C2000A61FB71F9C01AD0121503109410951093F
:105C3000298B3A8B4B8B5C8B09851A852B853C8590
:105C400069897A898B899C89A90198010E94589D4C
:105C5000DA01C9018A839B83AC83BD838A819B81DE
:105C6000AC81BD8180389105A105B10519F010F016
:105C70008FEF3BC08A818E838E81803421F018F0B3
:105C800083E0898324C08E81803221F018F082E085
:105C900089831DC08E81803121F018F082E88983CC
:105CA00016C08E81883021F018F081E089830FC002
:105CB0008E81843021F018F081E8898308C08E81BC
:105CC000823019F010F0198202C080E889838F8138
:105CD0009885FC018081982F9C778981892B282FBA
:105CE0008F819885FC01208381E06496CDBFDEBF63
:105CF000DF91CF911F910F910895CF93DF930F9272
:105D0000CDB7DEB78FE390E0FC0180818983F89402
:105D100089810F90DF91CF910895CF93DF930F92F8
:105D2000CDB7DEB789838FE390E02981FC01208322
:105D300000000F90DF91CF910895CF93DF93CDB7FF
:105D4000DEB72D97CDBFDEBF8C876D878C858983AD
:105D50008D858A8389818B838B818C838C818695C9
:105D6000869586958D838D81882F90E0880F991F69
:105D700082959295907F9827807F98279A5F000060
:105D80008E839F838E819F819C01205F3F4F8981FD
:105D9000888788858770882F90E0820F931F898776
:105DA0009A870E947D2E8B8789859A85FC01808148
:105DB000282F277089859A85FC01208389859A85FB
:105DC000FC0190818A81292F282B89859A85FC01E5
:105DD00020838B850E948D2E000000002D96CDBF64
:105DE000DEBFDF91CF910895CF93DF93CDB7DEB7BC
:105DF0002B97CDBFDEBF8A876B878A8589838B858A
:105E00008A8389818B838B818C838C81869586950F
:105E100086958D838D81882F90E0880F991F8295BC
:105E20009295907F9827807F98279A5F00008E83B5
:105E30009F838A818130A9F4898188878885882F0A
:105E400090E09C012770332781E090E002C0880F2A
:105E5000991F2A95E2F7282F8E819F81FC012183CB
:105E600017C08A818823A1F4898189878985882F31
:105E700090E09C012770332781E090E002C0880FFA
:105E8000991F2A95E2F7282F8E819F81FC0122839A
:105E9000000000002B96CDBFDEBFDF91CF910895AB
:105EA000CF93DF93CDB7DEB72B97CDBFDEBF8A8709
:105EB0006B878A8589838B858A8389818B838B8194
:105EC0008C838C818695869586958D838D81882F90
:105ED00090E0880F991F82959295907F9827807FF8
:105EE00098279A5F00008E839F838A818823A9F078
:105EF000898188878885882F90E09C0127703327C7
:105F000081E090E002C0880F991F2A95E2F7282FC0
:105F10008E819F81FC01258314C0898189878985B1
:105F2000882F90E09C012770332781E090E002C029
:105F3000880F991F2A95E2F7282F8E819F81FC01F7
:105F40002683000000002B96CDBFDEBFDF91CF91EE
:105F50000895CF93DF9300D0CDB7DEB789839A83BE
:105F60006B8389819A81FC018381282F2F7C8B810F
:105F7000882F90E082959295907F9827807F982730
:105F8000822B282F89819A81FC01238300000F90A6
:105F90000F900F90DF91CF910895CF93DF9300D0B2
:105FA000CDB7DEB789839A836B8389819A81FC019F
:105FB0008381282F237F8B81882F90E0880F991F62
:105FC000880F991F822B282F89819A81FC012383B6
:105FD00000000F900F900F90DF91CF910895CF9315
:105FE000DF930F920F92CDB7DEB789839A838981B1
:105FF0009A81FC018181882F90E08072992721E0AD
:10600000009709F420E0822F0F900F90DF91CF913D
:106010000895CF93DF93CDB7DEB72897CDBFDEBF0E
:106020008A839B836C837D834E835F8328878A81E9
:106030009B81FC0181819281FC01808189838C811B
:106040009D81009709F444C08E819F81009741F0A3
:106050008E819F819E012F5F3F4FB9010E94D951D0
:1060600000008C819D81FC01818192810E94EF2F33
:10607000982F81E089278823A1F78C819D81FC01DD
:10608000818192812981FC01208388858130F1F40E
:1060900080913840843039F489818D3021F4109218
:1060A000384081E021C080913840882F90E08857A7
:1060B000974DFC0190818981981731F48091384087
:1060C0008F5F8093384002C01092384080E00CC04F
:1060D0008A819B81FC01808991899E012F5F3F4FBE
:1060E000B9010E94D95180E02896CDBFDEBFDF9173
:1060F000CF910895CF93DF9300D00F92CDB7DEB745
:106100008B839C8319828B819C81FC01828993897A
:106110000E947451982F81E089278823B9F08B81E0
:106120009C81FC01828993899E012E5F3F4FB901BA
:106130000E946452982F81E0892789838B819C81FA
:10614000FC01818192812A81FC012083898124962E
:10615000CDBFDEBFDF91CF910895CF93DF9300D005
:1061600000D00F92CDB7DEB78D839E836F838F8172
:10617000882311F48AEFF1C08D819E81009711F47C
:106180008AEFEBC01982E3C08981282F30E044E117
:10619000429FC001439F900D11242D813E81820FAB
:1061A000931FFC0181819281009711F487EFD5C084
:1061B0008981282F30E044E1429FC001439F900D28
:1061C00011242D813E81820F931FFC018581482F70
:1061D000440F440F440F8981282F30E054E1529F2F
:1061E000C001539F900D11242D813E81820F931F7A
:1061F000FC018681840F8A8361E08A810E94F42EEB
:1062000061E08A810E94502F8981282F30E044E18B
:10621000429FC001439F900D11242D813E81820F2A
:10622000931FFC018781482F440F440F440F89813D
:10623000282F30E054E1529FC001539F900D11244C
:106240002D813E81820F931FFC018085840F8A83FC
:1062500060E08A810E94F42E68E18A810E949D2E6E
:106260008981282F30E044E1429FC001439F900D77
:1062700011242D813E81820F931FFC0183818B832A
:106280008981282F30E044E1429FC001439F900D57
:1062900011242D813E81820F931FFC0184818C8308
:1062A0006C818B810E94A3588981282F30E044E1C2
:1062B000429FC001439F900D11242D813E81820F8A
:1062C000931FAC01475F5F4F8981282F30E064E165
:1062D000629FC001639F900D11242D813E81820F2A
:1062E000931FFC0181819281BA010E941037982F7F
:1062F00081E08927882311F088EF2FC08981282F1A
:1063000030E044E1429FC001439F900D11242D8154
:106310003E81820F931FFC018181928163E00E9484
:10632000CD2F8981282F30E044E1429FC001439F57
:10633000900D11242D813E81820F931FFC018181DC
:10634000928163E00E94A92F89818F5F898399815F
:106350008F81981708F418CF80E02796CDBFDEBF55
:10636000DF91CF910895CF93DF9300D00F920F92DA
:10637000CDB7DEB789839A836B837C834D83898114
:106380009A81FC018181928160E00E94CD2F11C031
:106390008B819C819C012F5F3F4F2B833C83FC01B1
:1063A000208189819A81FC0181819281622F0E94E2
:1063B00073388D819FEF980F9D83882349F78981DA
:1063C0009A81FC018181928163E00E94CD2F80E05F
:1063D0002596CDBFDEBFDF91CF910895CF93DF9398
:1063E00000D00F920F92CDB7DEB78A839B836C8368
:1063F0007D8319820EC08981882F90E02C813D8198
:10640000820F931FFC018081882339F089818F5F7F
:10641000898389818F3F79F701C000002C813D81FC
:106420008A819B814981B9010E94B3310000259680
:10643000CDBFDEBFDF91CF910895CF93DF9300D022
:10644000CDB7DEB789839A836B839E012D5F3F4F63
:1064500089819A8141E0B9010E94B33100000F9017
:106460000F900F90DF91CF910895CF93DF9300D0DD
:106470000F920F92CDB7DEB789839A836B837C83AB
:106480004D8389819A81FC018181928160E00E9423
:10649000A92F11C089819A81FC01818192810E947A
:1064A0009138282F8B819C81FC0120838B819C81DA
:1064B00001968B839C838D819FEF980F9D8388230A
:1064C00049F789819A81FC018181928163E00E9470
:1064D000A92F80E02596CDBFDEBFDF91CF91089533
:1064E000CF93DF9300D0CDB7DEB78A839B838A81B9
:1064F0009B8141E09E012F5F3F4FB9010E943532E1
:1065000089810F900F900F90DF91CF910895CF93D5
:10651000DF9300D000D00F92CDB7DEB78C839D8380
:106520006E837F838C819D81FC018081833019F093
:1065300010F087EF31C08E819F81009711F48AEFB0
:106540002BC08C819D81FC018089918989839A83EC
:1065500010C09E012D5F3F4F89819A81B9010E9431
:1065600064529E012D5F3F4F8E819F81B9010E9431
:10657000D95189819A810E947451982F81E089278D
:10658000882349F08E819F810E949151982F81E04C
:1065900089278823F1F680E02796CDBFDEBFDF9103
:1065A000CF910895CF93DF9300D000D00F92CDB755
:1065B000DEB78C839D836E837F838C819D81FC01FC
:1065C0008081833019F010F087EF4AC08E819F815F
:1065D000009711F48AEF44C08C819D81FC0182896F
:1065E000938989839A8310C09E012D5F3F4F8E81CE
:1065F0009F81B9010E9464529E012D5F3F4F8981A6
:106600009A81B9010E94D9518E819F810E94745153
:10661000982F81E08927882349F089819A810E94F7
:106620009151982F81E089278823F1F689819A81F9
:106630000E947451982F81E08927882381F09E0160
:106640002D5F3F4F89819A81B9010E9464528C81EC
:106650009D81FC01818192812B81FC01208380E05E
:106660002796CDBFDEBFDF91CF910895CF93DF9303
:106670000F92CDB7DEB78FE390E0FC018081898374
:10668000F89489810F90DF91CF910895CF93DF9394
:106690000F92CDB7DEB789838FE390E02981FC01AB
:1066A000208300000F90DF91CF910895CF93DF9367
:1066B00000D00F92CDB7DEB780E098E4A8EEB1E04D
:1066C00089839A83AB83BC8369817A818B819C8126
:1066D0002496CDBFDEBFDF91CF910895CF93DF9396
:1066E00000D000D000D0CDB7DEB719820E9456335B
:1066F0006A837B838C839D838981882F90E02A81A4
:106700003B814C815D8104C056954795379527950F
:106710008A95D2F7DA01C9018E839F83A887B9874A
:106720006E817F81888599852996CDBFDEBFDF91F7
:10673000CF910895CF93DF93CDB7DEB72897CDBF24
:10674000DEBF0E946E3369837A838B839C83898149
:106750009A81AB81BC818D839E83AF83B8876D8125
:106760007E818F8198852896CDBFDEBFDF91CF9146
:106770000895CF93DF93CDB7DEB72897CDBFDEBFA7
:106780000E949A3369837A838B839C8389819A815F
:10679000AB81BC818D839E83AF83B8876D817E8101
:1067A0008F8198852896CDBFDEBFDF91CF91089568
:1067B000CF93DF930F920F92CDB7DEB789839A8381
:1067C00089819A81009709F45EC189819A81803C10
:1067D000910529F460E180E00E94A35854C18981A9
:1067E0009A81811524E0920729F464E080E00E94F8
:1067F000A35849C189819A81803821E0920729F400
:1068000062E080E00E94A3583EC189819A8181158F
:1068100021E0920729F461E080E00E94A35833C18F
:1068200089819A81803823E0920729F461E081E030
:106830000E94A35828C189819A81803923E0920758
:1068400029F461E082E00E94A3581DC189819A81E8
:10685000811522E0920729F462E081E00E94A358AA
:1068600012C189819A81803422E0920729F462E082
:1068700082E00E94A35807C189819A81803223E077
:10688000920729F464E082E00E94A358FCC0898149
:106890009A81811528E0920729F461E083E00E9443
:1068A000A358F1C089819A81811529E0920729F4C2
:1068B00061E084E00E94A358E6C089819A81811535
:1068C0002AE0920729F461E085E00E94A358DBC02A
:1068D00089819A8181152BE0920729F461E086E095
:1068E0000E94A358D0C089819A81803428E0920701
:1068F00029F462E083E00E94A358C5C089819A818F
:10690000803429E0920729F462E084E00E94A358D1
:10691000BAC089819A8180342AE0920729F462E022
:1069200085E00E94A358AFC089819A81803928E010
:10693000920729F464E083E00E94A358A4C08981EF
:106940009A81803929E0920729F464E084E00E946A
:10695000A35899C089819A8180392AE0920729F445
:1069600064E085E00E94A3588EC089819A818039B5
:106970002BE0920729F464E086E00E94A35883C0CC
:1069800089819A81803C28E0920729F468E083E0BD
:106990000E94A35878C089819A81803C29E092079F
:1069A00029F468E084E00E94A3586DC089819A812F
:1069B000803C2AE0920729F468E085E00E94A35811
:1069C00062C089819A81803A28E0920729F460E1C7
:1069D00083E00E94A35857C089819A81803A29E0B8
:1069E000920729F460E184E00E94A3584CC0898199
:1069F0009A81803A2AE0920729F460E185E00E94BA
:106A0000A35841C089819A81803A2BE0920729F4EA
:106A100060E186E00E94A35836C089819A81803B5C
:106A200028E0920729F460E283E00E94A3582BC07B
:106A300089819A81803B29E0920729F460E284E011
:106A40000E94A35820C089819A81803B2AE0920746
:106A500029F460E285E00E94A35815C089819A81DB
:106A6000803824E0920729F460E483E00E94A35870
:106A70000AC089819A81803A24E0920721F460E477
:106A800085E00E94A35800000F900F90DF91CF91F6
:106A90000895CF93DF930F920F92CDB7DEB789831E
:106AA0009A8389819A81FC018481282F20618981C0
:106AB0009A81FC01248300000F900F90DF91CF9109
:106AC0000895CF93DF930F920F92CDB7DEB78983EE
:106AD0009A8389819A81FC018481282F2F7E898164
:106AE0009A81FC01248300000F900F90DF91CF91D9
:106AF0000895CF93DF9300D00F920F92CDB7DEB7FA
:106B000089839A836B834C832D839B818C81892B12
:106B1000982F8D81882311F088E001C080E0892BB7
:106B2000282F89819A81FC01258300002596CDBFFD
:106B3000DEBFDF91CF910895CF93DF930F920F9235
:106B4000CDB7DEB789839A8389819A81FC018481DC
:106B5000282F286089819A81FC01248300000F90EE
:106B60000F90DF91CF910895CF93DF9300D0CDB7F1
:106B7000DEB789839A836B8389819A81FC01858141
:106B8000982F9F738B81892B282F89819A81FC01F3
:106B9000258300000F900F900F90DF91CF91089503
:106BA000CF93DF930F920F92CDB7DEB789839A838D
:106BB00089819A81FC018181882F90E080729927D8
:106BC00021E0009709F420E0822F0F900F90DF91D1
:106BD000CF910895CF93DF930F920F92CDB7DEB789
:106BE00089839A8389819A81FC018181882F90E031
:106BF0008078992721E0009709F420E0822F0F90F8
:106C00000F90DF91CF910895CF93DF93CDB7DEB78B
:106C10002D97CDBFDEBF8C876D878C8589838D8551
:106C20008A8389818B838B818C838C8186958695E1
:106C300086958D838D81882F90E0880F991F82958E
:106C40009295907F9827807F98279A5F00008E8387
:106C50009F838E819F819C01205F3F4F8981888720
:106C600088858770882F90E0820F931F89879A8785
:106C70000E9436338B8789859A85FC018081282F75
:106C8000277089859A85FC01208389859A85FC0176
:106C900090818A81292F282B89859A85FC01208360
:106CA0008B850E944633000000002D96CDBFDEBFCD
:106CB000DF91CF910895CF93DF93CDB7DEB72B97B8
:106CC000CDBFDEBF8A876B878A8589838B858A8360
:106CD00089818B838B818C838C8186958695869523
:106CE0008D838D81882F90E0880F991F82959295D2
:106CF000907F9827807F98279A5F00008E839F83DC
:106D00008A818130A9F4898188878885882F90E0DD
:106D10009C012770332781E090E002C0880F991F03
:106D20002A95E2F7282F8E819F81FC01218317C0CD
:106D30008A818823A1F4898189878985882F90E0B9
:106D40009C012770332781E090E002C0880F991FD3
:106D50002A95E2F7282F8E819F81FC012283000073
:106D600000002B96CDBFDEBFDF91CF910895CF936A
:106D7000DF93CDB7DEB72B97CDBFDEBF8A876B879A
:106D80008A8589838B858A8389818B838B818C8398
:106D90008C818695869586958D838D81882F90E050
:106DA000880F991F82959295907F9827807F9827CA
:106DB0009A5F00008E839F838A818823A9F089814E
:106DC00088878885882F90E09C012770332781E091
:106DD00090E002C0880F991F2A95E2F7282F8E8134
:106DE0009F81FC01258314C0898189878985882F2B
:106DF00090E09C012770332781E090E002C0880F6B
:106E0000991F2A95E2F7282F8E819F81FC01268306
:106E1000000000002B96CDBFDEBFDF91CF9108951B
:106E20000F931F93CF93DF9300D000D000D0CDB746
:106E3000DEB78A839B836C837D838A819B810E94DA
:106E4000D8338A819B8160E00E94B4358C819D811A
:106E5000FC0126818C819D81FC0145818C819D8175
:106E6000FC0134818A819B81632F0E9479350E94C5
:106E7000B9336E837F83888799878C819D81FC01DC
:106E800080819181A281B381EA81FB810E811F8182
:106E900028853985AC01BD01CF010E94FC39898369
:106EA0008A819B810E949C358A819B810E94493501
:106EB00089812996CDBFDEBFDF91CF911F910F91C0
:106EC00008950F931F93CF93DF93CDB7DEB72A9723
:106ED000CDBFDEBF8B839C836D837E838B819C8142
:106EE0000E94D8338B819C810E9461358D819E8167
:106EF000FC018481823031F08D819E81FC0184818E
:106F0000833019F481E090E002C080E090E08A8351
:106F10008A8181708A838B819C81803AF8E09F0707
:106F200079F480E496E0FC018685882F90E08071FA
:106F30009927009719F085E1898302C081E189834F
:106F40008B819C81803BF8E09F0711F485E1898368
:106F50008B819C81803A29E0920779F480E696E063
:106F6000FC018685882F90E080719927009719F0A1
:106F70008DE1898302C089E189838B819C81803B7B
:106F8000F9E09F0711F48DE189838B819C81803A20
:106F90002AE0920779F480E896E0FC018685882F44
:106FA00090E080719927009719F085E2898302C0EB
:106FB00081E289838B819C81803BFAE09F0711F4F9
:106FC00085E289838B819C81803A2BE0920779F45A
:106FD00080EA96E0FC018685882F90E080719927F1
:106FE000009719F08DE2898302C089E2898361E00C
:106FF00089810E945B368A81882311F080E401C078
:1070000080E0682F89810E94043661E089810E94B6
:10701000B7368B819C8160EC0E94B4358D819E8156
:10702000FC018481813031F08D819E81FC0184815D
:10703000833059F48B819C81FC018581282F22604B
:107040008B819C81FC0125830AC08B819C81FC0182
:107050008581282F2D7F8B819C81FC0125838D814B
:107060009E81FC018581882359F08B819C81FC01E4
:107070008581282F24608B819C81FC0125830AC097
:107080008B819C81FC018581282F2B7F8B819C81AA
:10709000FC0125830E94B9336F83788789879A879B
:1070A0008D819E81FC0180819181A281B381EB81E0
:1070B000FC810F81188529853A85AC01BD01CF017E
:1070C0000E94E03B8B819C810E949C358B819C813E
:1070D0000E94493500002A96CDBFDEBFDF91CF91D7
:1070E0001F910F910895CF93DF9300D0CDB7DEB7F6
:1070F00089839A836B83000089819A810E94D035AD
:10710000982F81E089278823B9F789819A812B817B
:10711000FC01208380E00F900F900F90DF91CF91C2
:107120000895CF93DF930F920F92CDB7DEB7898387
:107130009A83000089819A810E94EA35982F81E024
:1071400089278823B9F789819A81FC0180810F9072
:107150000F90DF91CF910895CF93DF9300D00F92DE
:10716000CDB7DEB769837A838B839C8389819A81CB
:10717000AB81BC81811521EE9207A105B10509F40F
:1071800085C089819A81AB81BC81811521EE9207EE
:10719000A105B10511F008F07BC089819A81AB810E
:1071A000BC81811526E99207A105B10509F46CC0DF
:1071B00089819A81AB81BC81811526E99207A1055D
:1071C000B10511F008F064C089819A81AB81BC815E
:1071D00081152BE49207A105B10509F453C08981FB
:1071E0009A81AB81BC8181152BE49207A105B10581
:1071F00011F008F04DC089819A81AB81BC81803843
:1072000025E29207A105B105D9F189819A81AB8167
:10721000BC81803825E29207A105B10509F0C0F5CF
:1072200089819A81AB81BC81803C22E19207A105D2
:10723000B10521F189819A81AB81BC81803C22E139
:107240009207A105B10509F018F589819A81AB81F2
:10725000BC81803B24E09207A105B10559F08981EA
:107260009A81AB81BC81803629E09207A105B105E6
:1072700019F00EC080E00DC081E00BC082E009C0B3
:1072800083E007C084E005C085E003C086E001C05C
:107290008FEF2496CDBFDEBFDF91CF910895CF93BE
:1072A000DF9300D00F920F92CDB7DEB789839A8318
:1072B0006B837C834D832B8189819A81FC0126839A
:1072C0008B819C81892F9927982F9F708D81829522
:1072D000807F292F282B89819A81FC012783000038
:1072E0002596CDBFDEBFDF91CF9108950F931F93F9
:1072F000CF93DF93CDB7DEB76997CDBFDEBF8C8765
:107300009D874E875F87688B798B0A8B1B8B2C8BB5
:107310003D8B19821A828E859F85A889B9898E8BAB
:107320009F8BA88FB98F6E897F89888D998D0E94D8
:10733000AC388B838A899B89AC89BD898038E4E825
:107340009E07EEE1AE07B105C1F48B81882F90E076
:10735000880F991F88579B4F8887998788859985BB
:10736000FC0125913491CF012A873B878887998733
:107370008A859B8589839A8323C08A899B89AC8966
:10738000BD898115F8E49F07F8EEAF07F1E0BF076C
:10739000B9F48B81882F90E0880F991F8A569B4FF4
:1073A0008C839D838C819D81FC0125913491CF013B
:1073B0002E833F838C839D838E819F8189839A83D3
:1073C0008B818F3F81F029818C859D85DC0117960B
:1073D0002C93179789819A81892F9927282F8C853B
:1073E0009D85FC01268300006996CDBFDEBFDF913D
:1073F000CF911F910F9108950F931F93CF93DF9318
:10740000CDB7DEB7AF97CDBFDEBF8E8B9F8B488FDA
:10741000598F6A8F7B8F0C8F1D8F2E8F3F8F8C8D96
:107420009D8DAE8DBF8D689412F8B695A7959795F2
:1074300087951694D1F78E879F87A88BB98B8C8DF3
:107440009D8DAE8DBF8D072E76E1B695A79597954C
:1074500087957A95D1F7702D8A879B87AC87BD87F2
:107460008E899F89DC0114968C911497882F90E067
:10747000847099270097C1F48E859F85A889B98962
:10748000B695A795979587958E879F87A88BB98B7B
:107490008A859B85AC85BD85B695A795979587957B
:1074A0008A879B87AC87BD87488D598D6A8D7B8D78
:1074B0008E859F85A889B989481759076A077B0770
:1074C00009F068F4488D598D6A8D7B8D8A859B857E
:1074D000AC85BD85481759076A077B0710F480E023
:1074E00067C18E899F89FC018481882F90E0847018
:1074F0009927009761F4888D998DAA8DBB8D880F8F
:10750000991FAA1FBB1F888F998FAA8FBB8F8FEFE0
:1075100090E0A0E0B0E08E839F83A887B9870C8DB0
:107520001D8D2E8D3F8D0CA71DA72EA73FA7088D63
:10753000198D2A8D3B8D6CA57DA58EA59FA5A901D2
:1075400098010E94589DDA01C9018A8B9B8BAC8BF4
:10755000BD8B89EF898328C04A895B896C897D89C5
:107560008E819F81A885B985481759076A077B07CF
:1075700000F18E819F81A885B985880F991FAA1F68
:10758000BB1F8E839F83A887B98789818D3F4CF469
:107590008E819F81A885B98581608E839F83A8870E
:1075A000B98789818F5F898389818630A9F2A4F2A6
:1075B00001C00000898188230CF09CC0888D998DC2
:1075C000AA8DBB8D880F991FAA1FBB1F880F991FFB
:1075D000AA1FBB1F880F991FAA1FBB1FAC01BD01AB
:1075E0008C8D9D8DAE8DBF8D841B950BA60BB70B1F
:1075F0008C8F9D8FAE8FBF8F89818E3FD4F589810F
:10760000082E000C990B2DEF3FEF281B390B8C8DAA
:107610009D8DAE8DBF8DAC01BD0104C0440F551FC3
:10762000661F771F2A95D2F7888D998DAA8DBB8DFD
:10763000B695A795979587958A019B01080F191F05
:107640002A1F3B1F08A319A32AA33BA3088D198D4A
:107650002A8D3B8D68A179A18AA19BA1A9019801DE
:107660000E94589DDA01C9018A839B83AC83BD8344
:1076700084C08981082E000C990B9C012D5F3F4F1F
:10768000888D998DAA8DBB8D04C0880F991FAA1F64
:10769000BB1F2A95D2F7888F998FAA8FBB8F888DB1
:1076A000998DAA8DBB8DAC01BD01769567955795D7
:1076B00047958C8D9D8DAE8DBF8D8A019B01080FE6
:1076C000191F2A1F3B1F0CA31DA32EA33FA3088D28
:1076D000198D2A8D3B8D6CA17DA18EA19FA1A90141
:1076E00098010E94589DDA01C9018A839B83AC836B
:1076F000BD8343C08981082E000C990B9C012D5F2E
:107700003F4F888D998DAA8DBB8D04C0880F991F1E
:10771000AA1FBB1F2A95D2F7888F998FAA8FBB8F7C
:10772000888D998DAA8DBB8DAC01BD01769567952D
:10773000579547958C8D9D8DAE8DBF8D8A019B0190
:10774000080F191F2A1F3B1F08A719A72AA73BA725
:10775000088D198D2A8D3B8D68A579A58AA59BA5D5
:10776000A90198010E94589DDA01C9010197A10958
:10777000B1098A839B83AC83BD838A819B81AC8161
:10778000BD81892F9A2FAB2FBB27982F9F7089819E
:107790008295807F292F282B8E899F89DC0117965F
:1077A0002C9317972A818E899F89FC01268381E07B
:1077B000AF96CDBFDEBFDF91CF911F910F9108959E
:1077C0000F931F93CF93DF93CDB7DEB76097CDBFF5
:1077D000DEBF8B839C834D835E836F8378870987AD
:1077E0001A872B873C8789859A85AB85BC85B6959A
:1077F000A795979587954D815E816F81788548170C
:1078000059076A077B0700F58D819E81AF81B88596
:107810008C019D01000F111F221F331F89859A853E
:10782000AB85BC858D879E87AF87B88B6D857E8540
:107830008F859889A90198010E94589DDA01C90194
:10784000019789839A8302C019821A8289819A8159
:10785000892F9927282F2F708B819C81DC01179607
:107860002C93179729818B819C81FC012683000032
:107870006096CDBFDEBFDF91CF911F910F9108952C
:10788000CF93DF930F92CDB7DEB78FE390E0FC018B
:1078900080818983F89489810F90DF91CF91089539
:1078A000CF93DF930F92CDB7DEB789838FE390E05C
:1078B0002981FC01208300000F90DF91CF91089572
:1078C000CF93DF930F92CDB7DEB789838981882F5D
:1078D00090E0BC0182E00E94269B0F90DF91CF9147
:1078E0000895CF93DF9300D00F92CDB7DEB780E03D
:1078F00098E4A8EEB1E089839A83AB83BC83698165
:107900007A818B819C812496CDBFDEBFDF91CF91A0
:107910000895CF93DF9300D000D000D0CDB7DEB76D
:1079200019820E94713C6A837B838C839D83898149
:10793000882F90E02A813B814C815D8104C056955F
:107940004795379527958A95D2F7DA01C9018E8335
:107950009F83A887B9876E817F81888599852996BD
:10796000CDBFDEBFDF91CF910895CF93DF93CDB729
:10797000DEB72897CDBFDEBF0E94893C69837A833A
:107980008B839C8389819A81AB81BC818D839E830B
:10799000AF83B8876D817E818F8198852896CDBF12
:1079A000DEBFDF91CF910895CF93DF93CDB7DEB7E0
:1079B0002897CDBFDEBF0E94B53C69837A838B8355
:1079C0009C8389819A81AB81BC818D839E83AF83A7
:1079D000B8876D817E818F8198852896CDBFDEBF67
:1079E000DF91CF910895CF93DF9300D00F92CDB761
:1079F000DEB78A839B836C830E94403C89838A81A3
:107A00009B81FC018081282F8C81882F90E0880F3A
:107A1000991F880F991F822B282F8A819B81FC0137
:107A2000208389810E94503C00002496CDBFDEBF98
:107A3000DF91CF910895CF93DF9300D0CDB7DEB71C
:107A400089839A836B8389819A81FC0196818B81DA
:107A500089230F900F900F90DF91CF910895CF93CE
:107A6000DF9300D0CDB7DEB789839A836B8389819A
:107A70009A812B81FC01268300000F900F900F90BC
:107A8000DF91CF910895CF93DF9300D0CDB7DEB7CC
:107A900089839A836B8389819A816B810E941B3DC4
:107AA000982F8B818917B9F789819A816B810E9400
:107AB0002F3D00000F900F900F90DF91CF91089510
:107AC000CF93DF9300D0CDB7DEB78B838B81882F28
:107AD00090E082309105E9F18230910511F00CF0CF
:107AE00051C0009721F081309105D1F04BC081E267
:107AF0000E94603C882F90E089839A8389819A81D3
:107B0000982F882789839A8380E20E94603C882F7F
:107B100090E029813A81822B932B89839A8334C008
:107B200085E20E94603C882F90E089839A83898156
:107B30009A81982F882789839A8384E20E94603CE7
:107B4000882F90E029813A81822B932B89839A8315
:107B50001BC08FE20E94603C882F90E089839A834B
:107B600089819A81982F882789839A838EE20E943F
:107B7000603C882F90E029813A81822B932B898366
:107B80009A8302C019821A8289819A810F900F907C
:107B90000F90DF91CF9108950F931F93CF93DF93B1
:107BA000CDB7DEB76597CDBFDEBF888799874A8797
:107BB0005B876C877D870E94D43C6E877F87888B2C
:107BC000998B8E859F85A889B9898A839B83AC838D
:107BD000BD838A819B81AC81BD818A8B9B8BAC8B61
:107BE000BD8B0A851B852C853D856A897B898C899F
:107BF0009D89A90198010E94589DDA01C9018E83CF
:107C00009F838E819F818430910509F010F4198241
:107C100039C08E819F818830910509F018F481E088
:107C2000898330C08E819F818031910509F018F4DD
:107C300082E0898327C08E819F818032910509F07F
:107C400018F483E089831EC08E819F818034910562
:107C500009F018F484E0898315C08E819F818038F3
:107C6000910509F018F485E089830CC08E819F810D
:107C70008115A1E09A0709F018F486E0898302C013
:107C800087E08983888599852981FC012483000008
:107C90006596CDBFDEBFDF91CF911F910F91089503
:107CA000CF93DF9300D00F920F92CDB7DEB78983C9
:107CB0009A836B834C832D8389819A81FC01818116
:107CC000282F297E89819A81FC01218389819A81CB
:107CD000FC0191812C818B81822B292F282B89817A
:107CE0009A81FC01218389819A81FC018281282F5C
:107CF0002F7889819A81FC01228389819A81FC01F4
:107D000092818D81292F282B89819A81FC012283E0
:107D100000002596CDBFDEBFDF91CF910895CF93B0
:107D2000DF9300D00F920F92CDB7DEB789839A838D
:107D30006B834C832D838B81882F90E08530910558
:107D400009F49AC08530910511F00CF0BEC0843062
:107D5000910509F468C08430910511F00CF0B5C0AC
:107D60008330910509F449C08330910511F00CF07E
:107D7000ACC082309105D1F08230910511F00CF049
:107D8000A4C0009721F08130910561F19EC08981E6
:107D90009A81FC018181282F277F89819A81FC01AA
:107DA000218389819A81FC0113828FC089819A8104
:107DB000FC018181282F277F89819A81FC01218301
:107DC0008D81882F90E0880F991F880F991F880F49
:107DD000991F982F8C81892B282F89819A81FC01EA
:107DE000238373C089819A81FC018181282F2860B7
:107DF00089819A81FC01218368C089819A81FC0173
:107E00008181282F286089819A81FC0121838C81BE
:107E10008150282F2295220F220F207C89819A8160
:107E2000FC01238352C089819A81FC018181282F22
:107E3000277F89819A81FC0121838C81882F90E0A2
:107E400001970024969587950794969587950794B2
:107E5000982F802D282F8D81882F90E0880F991FD3
:107E6000880F991F880F991F822B8560282F898181
:107E70009A81FC01238329C089819A81FC01818137
:107E8000282F277F89819A81FC0121838C81882F6B
:107E900090E001970024969587950794969587958D
:107EA0000794982F802D282F8D81882F90E0880FA0
:107EB000991F880F991F880F991F822B8660282F82
:107EC00089819A81FC012383000000002596CDBFA3
:107ED000DEBFDF91CF910895CF93DF930F92CDB79F
:107EE000DEB789838981882F90E08F3F910581F1EA
:107EF0008F3F910509F074F58032910509F0A4F4E3
:107F0000992344F18981882F90E0A0E0B0E080328D
:107F10009105A105B10509F0E8F4FC018827E154B9
:107F2000F9458F4F0C947A9D8034910579F012C0F9
:107F30008CE111C080E00FC084E00DC088E00BC070
:107F40008CE009C080E107C084E105C088E103C07E
:107F500080E001C080E00F90DF91CF910895CF9332
:107F6000DF9300D00F920F92CDB7DEB789839A834B
:107F70006B834C832D838B818F3081F078F08981E6
:107F80009A81FC0110828B818051282F220F220FB1
:107F9000220F89819A81FC0121838BC08C818A30D8
:107FA00079F489819A8121E0FC0120838B81282F3B
:107FB000220F220F220F89819A81FC01218379C02F
:107FC0008C81833009F0B8F489819A8122E0FC0128
:107FD00020838B81882F90E0880F991F880F991F2D
:107FE000880F991F982F8C81892B282F89819A813E
:107FF000FC0121835EC08C81873009F0E0F48D8123
:108000000E946C3F282F236089819A81FC01208384
:108010008B81882F90E0880F991F880F991F880FF8
:10802000991F982F8C818450892B282F89819A81C0
:10803000FC0121833EC08D818130E1F489819A81E8
:1080400022E0FC0120838B81882F90E0880F991F0C
:10805000880F991F880F991F982F8C81883011F4F1
:1080600085E001C087E0892B282F89819A81FC0156
:1080700021831FC08D810E946C3F282F236089813E
:108080009A81FC0120838B81882F90E0880F991FB3
:10809000880F991F880F991F982F8C81893011F4B0
:1080A00084E001C085E0892B282F89819A81FC0119
:1080B000218300002596CDBFDEBFDF91CF910895CB
:1080C000CF93DF93CDB7DEB72897CDBFDEBF8D83CB
:1080D0009E836F8378878D819E81811522E0920730
:1080E00031F480E00E94603D89839A830CC08D81C9
:1080F0009E818034E2E09E0709F05BC081E00E942F
:10810000603D89839A830E94403C8B838D819E8150
:108110000E9408488D819E81FC01808181708C8342
:108120008D819E8122E0FC0120838D819E812981A9
:108130003A81FC01248735878F819885FC01258150
:1081400036818D819E81FC01208F318F8F819885B2
:10815000FC0122818D819E81FC0122838F81988583
:10816000FC0124818D819E81FC0124838F8198856F
:10817000FC0123818D819E81FC0123838F81988561
:10818000FC0121818D819E81FC0121838F81988555
:10819000FC0190818C81292F282B8D819E81FC01EF
:1081A00020838D819E810E943B488B810E94503CA0
:1081B00001C000002896CDBFDEBFDF91CF910895AA
:1081C000CF93DF9300D00F920F92CDB7DEB78A83A3
:1081D0009B836C837D830E94403C89838A819B8141
:1081E0000E9408488A819B81FC018081282F207C85
:1081F0008C819D81FC0120838A819B81FC01208DE3
:10820000318D8C819D81FC01258336838A819B8100
:10821000FC0122818C819D81FC0122838A819B81CA
:10822000FC0124818C819D81FC0124838A819B81B6
:10823000FC0123818C819D81FC0123838A819B81A8
:10824000FC0121818C819D81FC0121838A819B819C
:108250000E943B4889810E94503C00002596CDBF7A
:10826000DEBFDF91CF910895CF93DF93CDB7DEB717
:108270002C97CDBFDEBF888799876A874B875C873D
:10828000888599858C839D838A858E831F828E81C4
:10829000882F90E083709927009739F48F818E5F43
:1082A0008F838E81869586958E838E81882F90E030
:1082B00081709927009719F48F818F5F8F838C814C
:1082C0009D819C01205E3F4F8F81882F90E0880F19
:1082D000991F880F991F880F991F820F931F8983F9
:1082E0009A830E94403C8B83888599850E94084828
:1082F0008B859C85FC01208189819A81FC012083EA
:108300008B859C85FC01228189819A81FC012283D5
:108310008B859C85FC01218189819A81FC012183C7
:108320008A85882F90E081709927009741F08B858E
:108330009C85FC01238189819A81FC0126838885A3
:1083400099850E943B488B810E94503C00002C96EE
:10835000CDBFDEBFDF91CF910895CF93DF93CDB72F
:10836000DEB72C97CDBFDEBF888799876A874B879A
:108370005C87888599858C839D838A858E831F82FF
:108380008E81882F90E083709927009739F48F8130
:108390008E5F8F838E81869586958E838E81882FC2
:1083A00090E081709927009719F48F818F5F8F83F8
:1083B0008C819D819C01205E3F4F8F81882F90E0B2
:1083C000880F991F880F991F880F991F820F931F7D
:1083D00089839A830E94403C8B83888599850E947B
:1083E000084889819A81FC0120818B859C85FC014C
:1083F000208389819A81FC0122818B859C85FC01E7
:10840000228389819A81FC0121818B859C85FC01D5
:1084100021838A85882F90E081709927009741F009
:1084200089819A81FC0126818B859C85FC012383AF
:10843000888599850E943B488B810E94503C0000B2
:108440002C96CDBFDEBFDF91CF910895CF93DF9300
:10845000CDB7DEB76097CDBFDEBF8C879D876E87B7
:108460004F87288B8C859D859E012F5F3F4FB901DB
:108470000E94E0409E01285F3F4F8C859D85A901A9
:108480006E850E94AD41288940E060E0CE010196F2
:108490000E94503E20E041E060E0CE0101960E9443
:1084A0008F3E40E45DE063E070E0CE0101960E9403
:1084B000CC3DCE01089621E04AE06F850E94AF3F97
:1084C0008C859D859E012F5F3F4FB9010E946040C2
:1084D0009E01285F3F4F8C859D85A9016E850E9476
:1084E00034418C859D850E94704800006096CDBF08
:1084F000DEBFDF91CF910895CF93DF9300D000D0FE
:1085000000D0CDB7DEB78D839E836F8348875987B0
:108510008D819E816F810E94F33C8D819E816F8150
:108520000E94433D8D819E8189839A838F818B83B5
:108530001C828B81882F90E083709927009739F4F3
:108540008C818E5F8C838B81869586958B838B81C6
:10855000882F90E081709927009719F48C818F5FA4
:108560008C8389819A819C01205E3F4F8C81882F6A
:1085700090E0880F991F880F991F880F991F820F0D
:10858000931FFC012481358188859985FC01208316
:10859000318300002996CDBFDEBFDF91CF910895D2
:1085A0002F923F924F925F926F927F928F929F9203
:1085B000AF92BF92CF92DF92EF92FF920F931F93F1
:1085C000CF93DF93CDB7DEB7C757D109CDBFDEBF9D
:1085D0008B879C876D874E875F872E853F858B8530
:1085E0009C85A9016D850E947C428BE790E0898380
:1085F0009A838E859F85FC01808191819C01220F49
:10860000331F89819A81A901481B590BCA018C012A
:1086100020E030E040E050E0BA010B831C832D8362
:108620003E834F83588769877A87AB80BC80CD8033
:10863000DE80EF80F88409851A852B813C814D818D
:108640005E816F81788589859A850E94A79DA22E7B
:10865000B32EC42ED52EE62EF72E082F192F2A2C36
:108660003B2C4C2C5D2C6E2C7F2C802E912EA22C22
:10867000B32CC42CD52CE62CF72C082D192D2A2D23
:108680003B2D4C2D5D2D6E2D7F2D802F912F06E0E3
:108690000E94FB9E28AB39AB4AAB5BAB6CAB7DABAE
:1086A0008EAB9FABA8A8B9A8CAA8DBA8ECA8FDA868
:1086B0000EA91FA92A2D3B2D4C2D5D2D6E2D7F2D32
:1086C000802F912FA22CB32CC42CD52CE62CF72C68
:1086D000082D192D0E941D9FA22EB32EC42ED52E1B
:1086E000E62EF72E082F192F2A2D3B2D4C2D5D2D10
:1086F0006E2D7F2D802F912F02E00E94FB9E28AFD0
:1087000039AF4AAF5BAF6CAF7DAF8EAF9FAFA8AC58
:10871000B9ACCAACDBACECACFDAC0EAD1FAD2A2DD8
:108720003B2D4C2D5D2D6E2D7F2D802F912FA22C5A
:10873000B32CC42CD52CE62CF72C082D192D0E9417
:108740001D9F222E332E442E552E662E772E882ED8
:10875000992EAA24A3940F2EF0EEBF2EF02DCC2438
:10876000CA94D12CE12CF12C00E010E0222D332D05
:10877000442D552D662D772D882D992D0E945D9EB7
:10878000822E932EA42EB52EC62ED72EE82EF92E8D
:10879000888A998AAA8ABB8ACC8ADD8AEE8AFF8A6D
:1087A0005B8121965FAF21978C8122968FAF2297B4
:1087B000ED812396EFAF2397FE812496FFAF249798
:1087C0004F8125964FAF2597588526965FAF269700
:1087D000898527968FAF2797EA852896EFAF289748
:1087E00021968FAC219722969FAC22972396AFAC0F
:1087F00023972496BFAC24972596CFAC2597269631
:10880000DFAC26972796EFAC27972896FFAC2897E2
:10881000282D392D4A2D5B2D6C2D7D2D8E2D9F2DD4
:1088200002E00E94FB9E29962FAF29972A963FAF20
:108830002A972B964FAF2B972C965FAF2C972D96A0
:108840006FAF2D972E967FAF2E972F968FAF2F97C6
:1088500060969FAF609729968FAC29972A969FAC18
:108860002A972B96AFAC2B972C96BFAC2C972D96B6
:10887000CFAC2D972E96DFAC2E972F96EFAC2F977F
:108880006096FFAC6097282D392D4A2D5B2D6C2DFD
:108890007D2D8E2D9F2D2196AFAC21972296BFACBA
:1088A00022972396CFAC23972496DFAC2497259666
:1088B000EFAC25972696FFAC269727960FAD279706
:1088C00028961FAD28970E94149F61962FAF61973D
:1088D00062963FAF629763964FAF639764965FAFC0
:1088E000649765966FAF659766967FAF6697679654
:1088F0008FAF679768969FAF689761962FAD619726
:1089000062963FAD629763964FAD639764965FAD95
:10891000649765966FAD659766967FAD6697679627
:108920008FAD679768969FAD689704E00E94FB9EA5
:10893000822E932EA42EB52EC62ED72EE82EF92EDB
:10894000282D392D4A2D5B2D6C2D7D2D8E2D9F2DA3
:108950006196AFAC61976296BFAC62976396CFACFD
:1089600063976496DFAC64976596EFAC65976696FF
:10897000FFAC669767960FAD679768961FAD6897CF
:108980000E941D9F822E932EA42EB52EC62ED72E6A
:10899000E82EF92E282D392D4A2D5B2D6C2D7D2D9D
:1089A0008E2D9F2D02E00E94FB9E69962FAF699746
:1089B0006A963FAF6A976B964FAF6B976C965FAFB7
:1089C0006C976D966FAF6D976E967FAF6E976F9643
:1089D0008FAF6F97A0969FAFA09769968FAC69975E
:1089E0006A969FAC6A976B96AFAC6B976C96BFAC70
:1089F0006C976D96CFAC6D976E96DFAC6E976F9659
:108A0000EFAC6F97A096FFACA097282D392D4A2D7B
:108A10005B2D6C2D7D2D8E2D9F2D2196AFAC21973A
:108A20002296BFAC22972396CFAC23972496DFAC37
:108A300024972596EFAC25972696FFAC2697279688
:108A40000FAD279728961FAD28970E941D9F222EB5
:108A5000332E442E552E662E772E882E992EAA243C
:108A6000AA940F2EFFE0BF2EF02DC12CD12CE12CAB
:108A7000F12C00E010E0222D332D442D552D662DD4
:108A8000772D882D992D0E945D9EA22EB32EC42E87
:108A9000D52EE62EF72E082F192F2A2C3B2C4C2CE6
:108AA0005D2C6E2C7F2C802E912E288939894A8945
:108AB0005B896C897D898E899F89A22CB32CC42CFB
:108AC000D52CE62CF72C082D192D0E941D9F288FE0
:108AD000398F4A8F5B8F6C8F7D8F8E8F9F8FAB808E
:108AE000BC80CD80DE80EF80F88409851A852B81DB
:108AF0003C814D815E816F81788589859A850E9450
:108B0000A79D822E932EA42EB52EC62ED72EE82EEC
:108B1000F92E88A299A2AAA2BBA2CCA2DDA2EEA2A3
:108B2000FFA2AB80BC80CD80DE80EF80F884098519
:108B30001A8528A139A14AA15BA16CA17DA18EA1B2
:108B40009FA10E94A79D822E932EA42EB52EC62EE5
:108B5000D72EE82EF92E88A699A6AAA6BBA6CCA643
:108B6000DDA6EEA6FFA688A499A4AAA4BBA4CCA4C3
:108B7000DDA4EEA4FFA4282D392D4A2D5B2D6C2DEC
:108B80007D2D8E2D9F2D01E00E94FB9EA1962FAF83
:108B9000A197A2963FAFA297A3964FAFA397A49693
:108BA0005FAFA497A5966FAFA597A6967FAFA69740
:108BB000A7968FAFA797A8969FAFA897A1968FACBF
:108BC000A197A2969FACA297A396AFACA397A496A9
:108BD000BFACA497A596CFACA597A696DFACA697F9
:108BE000A796EFACA797A896FFACA897282D392D8C
:108BF0004A2D5B2D6C2D7D2D8E2D9F2DA8A4B9A403
:108C0000CAA4DBA4ECA4FDA40EA51FA50E94149F7A
:108C1000822E932EA42EB52EC62ED72EE82EF92EF8
:108C2000282D392D4A2D5B2D6C2D7D2D8E2D9F2DC0
:108C300002E00E94FB9EA9962FAFA997AA963FAF8C
:108C4000AA97AB964FAFAB97AC965FAFAC97AD968C
:108C50006FAFAD97AE967FAFAE97AF968FAFAF9732
:108C6000E0969FAFE097A9968FACA997AA969FAC84
:108C7000AA97AB96AFACAB97AC96BFACAC97AD96A2
:108C8000CFACAD97AE96DFACAE97AF96EFACAF97EB
:108C9000E096FFACE097282D392D4A2D5B2D6C2DE9
:108CA0007D2D8E2D9F2DA8A4B9A4CAA4DBA4ECA46D
:108CB000FDA40EA51FA50E941D9F822E932EA42EFB
:108CC000B52EC62ED72EE82EF92E282D392D4A2D59
:108CD0005B2D6C2D7D2D8E2D9F2D03E00E94FB9E24
:108CE000E1962FAFE197E2963FAFE297E3964FAF61
:108CF000E397E4965FAFE497E5966FAFE597E69666
:108D00007FAFE697E7968FAFE797E8969FAFE89734
:108D1000E1968FACE197E2969FACE297E396AFAC19
:108D2000E397E496BFACE497E596CFACE597E6967B
:108D3000DFACE697E796EFACE797E896FFACE897ED
:108D4000282D392D4A2D5B2D6C2D7D2D8E2D9F2D9F
:108D5000A8A4B9A4CAA4DBA4ECA4FDA40EA51FA5D5
:108D60000E94149F222E332E442E552E662E772ECF
:108D7000882E992EAA24AA940F2EFFE2BF2EF02D42
:108D8000C12C0F2EFDEFDF2EF02D0F2EFFE0EF2E6A
:108D9000F02DF12C00E010E0222D332D442D552D27
:108DA000662D772D882D992D0E945D9EA22EB32EC3
:108DB000C42ED52EE62EF72E082F192F2A2C3B2C49
:108DC0004C2C5D2C6E2C7F2C802E912E288D398D75
:108DD0004A8D5B8D6C8D7D8D8E8D9F8DA22CB32CDD
:108DE000C42CD52CE62CF72C082D192D0E941D9F84
:108DF000822E932EA42EB52EC62ED72EE82EF92E17
:108E0000282D392D4A2D5B2D6C2D7D2D8E2D9F2DDE
:108E100027533F4F4F4F5F4F6F4F7F4F8F4F9F4FA6
:108E20002B833C834D835E836F83788789879A8702
:108E30002B813C818E859F85FC012083318300003E
:108E4000C958DF4FCDBFDEBFDF91CF911F910F918A
:108E5000FF90EF90DF90CF90BF90AF909F908F905A
:108E60007F906F905F904F903F902F900895CF9399
:108E7000DF93CDB7DEB7E997CDBFDEBF89879A878D
:108E80006B874C875D872C853D8589859A85A901EF
:108E90006B850E947C428C859D85DC018D919C9127
:108EA0009C0140E050E02E8F3F8F48A359A36E8D68
:108EB0007F8D88A199A10E942D9C6E877F87888BCA
:108EC000998B20E030EF4FE755E46E857F858889E8
:108ED00099890E94999B6AA37BA38CA39DA38AA1D5
:108EE0009BA1ACA1BDA18A8B9B8BAC8BBD8B20E0E1
:108EF00030E044E050E46A897B898C899D890E9436
:108F0000E39C6EA37FA388A799A72EA13FA148A5A4
:108F100059A52E8B3F8B488F598F23E333E343EDC5
:108F20005DE36E897F89888D998D0E94309B6AA749
:108F30007BA78CA79DA78AA59BA5ACA5BDA589836A
:108F40009A83AB83BC832BE33FED4FE45FE36981FE
:108F50007A818B819C810E94309B6EA77FA788AB12
:108F600099AB2EA53FA548A959A92A8F3B8F4C8FB5
:108F70005D8F2DEB3AE347EC5AEB6A8D7B8D8C8D40
:108F80009D8D0E94999B6AAB7BAB8CAB9DAB8AA9F4
:108F90009BA9ACA9BDA98D839E83AF83B8876D8142
:108FA0007E818F8198850E94019C6EAB7FAB88AFDC
:108FB00099AF2EA93FA98C859D85DC012D933C930B
:108FC00011970000E996CDBFDEBFDF91CF910895E4
:108FD000CF93DF930F92CDB7DEB78FE390E0FC0124
:108FE00080818983F89489810F90DF91CF910895D2
:108FF000CF93DF930F92CDB7DEB789838FE390E0F5
:109000002981FC01208300000F90DF91CF9108950A
:10901000CF93DF930F920F92CDB7DEB789839A83F8
:1090200089819A81811522E0920769F48091394003
:1090300091E0980F909339408823B9F462E081E081
:109040000E94A35812C089819A81803422E092073D
:1090500061F480913A4091E0980F90933A408823D0
:1090600021F462E082E00E94A35800000F900F906C
:10907000DF91CF910895CF93DF930F920F92CDB7E9
:10908000DEB789839A8389819A81811522E09207CC
:1090900071F48091394081508093394080913940FA
:1090A0008823C1F462E081E00E94CA5813C089811C
:1090B0009A81803422E0920769F480913A4081508D
:1090C00080933A4080913A40882321F462E082E024
:1090D0000E94CA5800000F900F90DF91CF91089521
:1090E000CF93DF9300D0CDB7DEB78A839B830E94F6
:1090F000E84789838A819B810E9408488A819B81F5
:10910000FC018081282F21608A819B81FC012083C2
:1091100089810E94F84700000F900F900F90DF9117
:10912000CF910895CF93DF9300D0CDB7DEB78A8378
:109130009B830E94E84789838A819B81FC0180810F
:10914000282F2E7F8A819B81FC0120838A819B812D
:109150000E943B4889810E94F84700000F900F90C1
:109160000F90DF91CF910895CF93DF930F920F92DD
:10917000CDB7DEB789839A8389819A81811522E0F0
:10918000920739F49091394081E0992381F480E08D
:109190000EC089819A81803422E0920739F490913F
:1091A0003A4081E0992319F480E001C080E00F90FB
:1091B0000F90DF91CF910895CF93DF93CDB7DEB7B6
:1091C000000080E890E0FC018281882F90E08170AF
:1091D000992781309105A9F300000000DF91CF911C
:1091E0000895CF93DF93CDB7DEB780E890E0FC0120
:1091F0008081882F90E08270992721E0823091054C
:1092000009F020E0822FDF91CF910895CF93DF9373
:109210000F920F92CDB7DEB78A838A81882F90E0B4
:10922000880F991F880F991F282F2C7380E890E0D2
:10923000FC0180818270822B81608983698180E852
:1092400090E00E94469D0E94DC4800000F900F9025
:10925000DF91CF910895CF93DF930F920F92CDB707
:10926000DEB78A830E94F148982F81E089278823FE
:1092700011F080E019C08A81882F90E0880F991F33
:10928000880F991F282F2C7380E890E0FC018181C2
:109290008270822B81608983698181E890E00E94DD
:1092A000469D0E94DC4881E00F900F90DF91CF91A6
:1092B0000895CF93DF930F92CDB7DEB780E890E0AB
:1092C000FC0180818C7F81608983698180E890E0E6
:1092D0000E94469D00000F90DF91CF910895CF939B
:1092E000DF930F92CDB7DEB780E890E0FC0180817C
:1092F0008C7383608983698180E890E00E94469D39
:109300000E94DC4800000F90DF91CF910895CF9329
:10931000DF930F92CDB7DEB70E94F148982F81E01E
:109320008927882311F080E00DC080E890E0FC01DF
:1093300081818C7F81608983698181E890E00E94CE
:10934000469D81E00F90DF91CF910895CF93DF93F9
:109350000F92CDB7DEB70E94F148982F81E08927A0
:10936000882311F080E00FC080E890E0FC0181814B
:109370008C7383608983698181E890E00E94469DB7
:109380000E94DC4881E00F90DF91CF910895CF9348
:10939000DF930F92CDB7DEB783E08983698180E8E0
:1093A00090E00E94469D0E94DC488BE2898369819F
:1093B00081E890E00E94469D0E94DC48A89500004C
:1093C000FECFCF93DF93CDB7DEB780EC91E0FC0109
:1093D0008785882F90E08078992780389105A9F3B8
:1093E00000000000DF91CF910895CF93DF93CDB7B8
:1093F000DEB761E08BEC91E00E94469D0000DF91BA
:10940000CF910895CF93DF930F920F92CDB7DEB730
:109410008A8380EC91E0FC018285898380EC91E075
:109420002A81FC01228761E08BEC91E00E94469D3D
:1094300080EC91E02981FC01228700000F900F90C1
:10944000DF91CF910895CF93DF930F92CDB7DEB721
:1094500089838981882F90E0BC0182E00E94269B4D
:109460000F90DF91CF910895CF93DF930F920F92DA
:10947000CDB7DEB789839A8389819A81BC0181E067
:109480000E94269B0F900F90DF91CF910895CF936C
:10949000DF93CDB7DEB78CEC91E0FC0120818CEC42
:1094A00091E02860FC0120830000DF91CF910895B6
:1094B000CF93DF93CDB7DEB78CEC91E0FC01208138
:1094C0008CEC91E0277FFC0120830000DF91CF919D
:1094D0000895CF93DF9300D000D000D0CDB7DEB792
:1094E0006E837F83888799878E819F81A885B985C0
:1094F00089839A83AB83BC8389819A81AB81BC8148
:10950000ABBFFC0187918D838D812996CDBFDEBFD6
:10951000DF91CF910895CF93DF93CDB7DEB72A9730
:10952000CDBFDEBF6F83788789879A878F819885C3
:10953000A985BA8589839A83AB83BC8389819A8103
:10954000AB81BC81ABBFFC01879196918D839E83DB
:109550008D819E812A96CDBFDEBFDF91CF91089588
:10956000CF93DF93CDB7DEB72897CDBFDEBF69833A
:109570007A838B839C830E94E14989819A81AB81A4
:10958000BC818D839E83AF83B88744E26D817E81E9
:109590008F8198851E94000000002896CDBFDEBF05
:1095A000DF91CF910895CF93DF93CDB7DEB72897A2
:1095B000CDBFDEBF69837A838B839C830E94E149A0
:1095C00089819A81AB81BC818D839E83AF83B8876B
:1095D00045E26D817E818F8198851E940000000098
:1095E0002896CDBFDEBFDF91CF910895CF93DF9353
:1095F000CDB7DEB70E94E14948E160E070E0CB0101
:109600001E9400000000DF91CF910895CF93DF9367
:10961000CDB7DEB70E94E1494AE160E070E0CB01DE
:109620001E9400000000DF91CF910895CF93DF9347
:109630000F920F92CDB7DEB789839A8388E00E949C
:10964000234A282F89819A81FC01208389E00E9486
:10965000234A282F89819A81FC0121838AE00E9474
:10966000234A282F89819A81FC0122838BE00E9462
:10967000234A282F89819A81FC0123838CE00E9450
:10968000234A282F89819A81FC0124838DE00E943E
:10969000234A282F89819A81FC01258380E10E9439
:1096A000234A282F89819A81FC01268382E10E9426
:1096B000234A282F89819A81FC01278383E10E9414
:1096C000234A282F89819A81FC01208784E10E9406
:1096D000234A282F89819A81FC01218785E10E94F4
:1096E000234A282F89819A81FC01228700000F904C
:1096F0000F90DF91CF910895CF93DF9300D0CDB736
:10970000DEB78A839B830E94E1490E94474A8A818F
:109710009B81905FFC01808189830E94584A8981E6
:109720000F900F900F90DF91CF910895CF93DF931B
:1097300000D000D0CDB7DEB789839A836B837C835A
:109740004D835E830E94E1490E94474A89819A8144
:10975000905FBC012D813E818B819C81A9010E947B
:109760006CA00E94584A00002696CDBFDEBFDF9154
:10977000CF910895CF93DF9300D00F92CDB7DEB78E
:109780008A839B836C8380EC91E0FC0182858983D2
:109790000E94524C0E94E1498A816C810E946D4C6A
:1097A00080EC91E0FC0112828A819B81292F332772
:1097B00080EC91E0FC01218380EC91E02A81FC01A6
:1097C000208380EC91E025E3FC0122870E94F5498B
:1097D00080EC91E02981FC01228700002496CDBF16
:1097E000DEBFDF91CF910895CF93DF9300D000D0FB
:1097F000CDB7DEB789839A836B837C834D835E8389
:1098000044C089819A818F719927009731F58D81A4
:109810009E818F31910509F100F18B819C810E941D
:10982000884C89819A8196958795929582958F70BB
:1098300089279F7089270E94AF4C89819A818096E1
:1098400089839A838B819C8180968B839C838D8175
:109850009E8180978D839E8318C08B819C81FC01A3
:10986000408189819A819C012F5F3F4F29833A83F0
:10987000642F0E94BA4B8B819C8101968B839C83C1
:109880008D819E8101978D839E838D819E8100971E
:1098900009F0B7CF000000002696CDBFDEBFDF91F4
:1098A000CF910895CF93DF93CDB7DEB70E94E14902
:1098B00080EC91E0FC018785882F90E082709927E9
:1098C000009739F080EC91E026E3FC0122870E94AA
:1098D000F5490000DF91CF910895CF93DF930F9268
:1098E0000F92CDB7DEB789836A830E94E1490E9457
:1098F000474A8981882F90E0905F2A81FC0120836C
:109900000E94584A00000F900F90DF91CF91089568
:10991000CF93DF9300D0CDB7DEB78A839B830E94BD
:10992000E149198210C08A819B81FC018081682FE6
:1099300089810E946D4C8A819B8101968A839B83D9
:1099400089818F5F898389818F3169F360F300009A
:1099500000000F900F900F90DF91CF910895CF935B
:10996000DF9300D0CDB7DEB78B830E94E1498B81B6
:10997000882F90E0880F991F82959295907F982765
:10998000807F982789839A8380EC91E0FC01128282
:1099900089819A81292F332780EC91E0FC01218372
:1099A00080EC91E02981FC01208385E30E94024A3A
:1099B00000000F900F900F90DF91CF910895CF93FB
:1099C000DF9300D0CDB7DEB78B830E94E1498B8156
:1099D000882F90E0880F991F82959295907F982705
:1099E000807F982789839A8380EC91E0FC01128222
:1099F00089819A81292F332780EC91E0FC01218312
:109A000080EC91E02981FC01208384E30E94024ADA
:109A100000000F900F900F90DF91CF910895CF939A
:109A2000DF930F920F92CDB7DEB78A830E94524C1C
:109A30000E94E149198207C06A8189810E946D4CA8
:109A400089818F5F898389818F31B1F3A8F3000009
:109A500000000F900F90DF91CF910895CF93DF9387
:109A600000D0CDB7DEB78B830E94E1498B81882F70
:109A700090E0880F991F82959295907F9827807F1C
:109A8000982789839A8380EC91E0FC011282898176
:109A90009A81292F332780EC91E0FC01218380EC0F
:109AA00091E02981FC01208382E30E94024A0000A8
:109AB0000F900F900F90DF91CF910895CF93DF9388
:109AC0000F92CDB7DEB789838FEF0E940F4D89814A
:109AD0000E942E4D00000F90DF91CF910895CF93FB
:109AE000DF93CDB7DEB70E94E14980E30E94024ACE
:109AF0000000DF91CF910895CF93DF93CDB7DEB70C
:109B00008FEF0E940F4D0E946F4D0000DF91CF91AB
:109B10000895CF93DF9300D000D000D0CDB7DEB74B
:109B20006A837B838C839D832E833F8348875987F9
:109B300080EC91E0FC018285898380EC91E02AE34E
:109B4000FC01228780EC91E02A81FC0120838A813C
:109B50009B81AC81BD81892F9A2FAB2FBB2720EC35
:109B600031E0F90181838A819B81AC81BD81CD0186
:109B7000AA27BB2720EC31E0F901828380EC91E039
:109B80002E81FC0124838E819F81A885B985892F30
:109B90009A2FAB2FBB2720EC31E0F90185838E8112
:109BA0009F81A885B985CD01AA27BB2720EC31E08C
:109BB000F901868361E08BEC91E00E94469D80EC88
:109BC00091E02981FC01228700002996CDBFDEBFEC
:109BD000DF91CF910895CF93DF93CDB7DEB7609734
:109BE000CDBFDEBF6D837E838F83988749875A8779
:109BF0002B873C878D819E81AF81B88589839A832D
:109C0000AB83BC830E94E14928C089819A81AB81E2
:109C1000BC818D879E87AF87B88B6D857E858F854C
:109C200098890E94694A282F89859A85DC012C939E
:109C300089859A85019689879A8789819A81AB81DE
:109C4000BC810196A11DB11D89839A83AB83BC831E
:109C50008B859C8501978B879C878B859C8500973E
:109C6000A1F6000000006096CDBFDEBFDF91CF916E
:109C70000895CF93DF93CDB7DEB72A97CDBFDEBF70
:109C80006B837C838D839E834F83588729873A8794
:109C90008B819C81917089839A8318C089819A8174
:109CA0000E94344A282F8F819885FC0120838F8160
:109CB000988501968F83988789819A8101968983F7
:109CC0009A8389859A85019789879A8789859A8554
:109CD000009721F7000000002A96CDBFDEBFDF917C
:109CE000CF9108950F931F93CF93DF93CDB7DEB736
:109CF0006497CDBFDEBF688779878A879B874C874B
:109D00005D872E873F87088B888599858B839C8309
:109D10001D828CC019821A8281C088898823E9F04B
:109D20008E010A5F1F4F89819A810E94344AF8018F
:109D3000808389819A8101968E010A5F1F4F0F5F90
:109D40001F4F0E94344AF80180838E819F818F3F8C
:109D5000980739F081E08D8304C08FEF9FEF8E83E9
:109D60009F838E859F850097F1F02B813C818981AF
:109D70009A8128173907B9F48E859F8501978E87B8
:109D80009F878B819C8101968B839C83CE01069655
:109D90002C853D85F9012081FC0120838C859D85E2
:109DA00001968C879D878E859F85009701F189811B
:109DB0009A8101962B813C8128173907C1F48E8541
:109DC0009F8501978E879F878B819C8101968B83CE
:109DD0009C83CE01069601962C853D85F901208154
:109DE000FC0120838C859D8501968C879D872E8123
:109DF0003F8189819A81AC0160E070E0498B5A8B88
:109E00006B8B7C8BA90169897A898B899C891E94CB
:109E10000F0089819A81029689839A8389819A8128
:109E20008F3F51E0950709F008F477CF8E859F8525
:109E3000009709F06FCF8D81882311F00E94F64AB8
:109E40000E94064B00006496CDBFDEBFDF91CF912C
:109E50001F910F9108950F93CF93DF93CDB7DEB786
:109E6000A697CDBFDEBF6E877F87888B998B4A8B85
:109E70005B8B2C8B3D8B0E8B8E859F85A889B9893A
:109E800088879987AA87BB8788859985AA85BB8596
:109E900088279E7F8C839D83AE83BF83D8C01B821F
:109EA0000E94E14919821A82A0C08E898823C1F0DC
:109EB0002C813D814E815F812F8F38A349A35AA306
:109EC0006F8D78A189A19AA10E948B4A8C879D876A
:109ED0008C859D858F3F980739F081E08B8304C086
:109EE0008FEF9FEF8C879D878C899D89009751F11B
:109EF000488559856A857B858C819D81AE81BF812E
:109F0000481759076A077B07E9F48C899D890197EF
:109F10008C8B9D8B88859985AA85BB850196A11D13
:109F2000B11D88879987AA87BB87CE010C962A899D
:109F30003B89D9012C91FC0120838A899B89019658
:109F40008A8B9B8B8C899D89009771F18C819D8177
:109F5000AE81BF810196A11DB11D488559856A85D5
:109F60007B85481759076A077B07F1F48C899D891F
:109F700001978C8B9D8B88859985AA85BB850196D9
:109F8000A11DB11D88879987AA87BB87CE010C9632
:109F900001962A893B89D9012C91FC0120838A8969
:109FA0009B8901968A8B9B8B8C859D852C813D811D
:109FB0004E815F812BA33CA34DA35EA3AC016BA19B
:109FC0007CA18DA19EA11E940F008C819D81AE81EC
:109FD000BF810296A11DB11D8C839D83AE83BF837B
:109FE00089819A81029689839A8389819A818F3F98
:109FF00031E0930709F008F458CF8B818823A1F052
:10A000008C819D81AE81BF819C01AD01325041099F
:10A0100051092F8B388F498F5A8F6F89788D898D91
:10A020009A8D0E94D34A13C08C819D81AE81BF81DD
:10A030009C01AD013250410951092B8F3C8F4D8F4E
:10A040005E8F6B8D7C8D8D8D9E8D0E94B04A8C892C
:10A050009D89009709F023CF00000000A696CDBF90
:10A06000DEBFDF91CF910F910895CF93DF930F92D1
:10A07000CDB7DEB789830E94E14980EC91E0298168
:10A08000FC01208387E00E94024A80EC91E0FC0101
:10A0900084810F90DF91CF910895CF93DF9300D00B
:10A0A00000D0CDB7DEB78A839B836C834D835E83FC
:10A0B000198222C08C81882F90E02981222F30E0E4
:10A0C000022E02C0959587950A94E2F78170992730
:10A0D000009779F08D819E81492F55278981882F9E
:10A0E00090E040962A813B81820F931F242FFC0130
:10A0F000208389818F5F898389818730D9F2D0F26B
:10A100008D819E81817099270097D1F08D819E81EC
:10A1100082709927009739F08A819B8105962C815E
:10A12000FC01208306C08A819B8106962C81FC015C
:10A1300020838A819B8101962C81FC01208306C0AB
:10A140008A819B8102962C81FC0120830000269647
:10A15000CDBFDEBFDF91CF910895CF93DF93CDB711
:10A16000DEB72897CDBFDEBF89839A836B837C835C
:10A170004D835E832F83388789819A81FC01108209
:10A18000118289819A81FC011282138289819A81CC
:10A190002D813E81FC012483358389819A812F8121
:10A1A0003885FC012683378389819A812B813C8104
:10A1B000FC012087318700002896CDBFDEBFDF91EC
:10A1C000CF910895CF93DF930F920F92CDB7DEB763
:10A1D00089839A8389819A81FC0110821182898105
:10A1E0009A81FC011282138200000F900F90DF9180
:10A1F000CF910895CF93DF930F920F92CDB7DEB733
:10A2000089839A8389819A81FC01228133818981A2
:10A210009A81FC018081918128173907A8F08981F2
:10A220009A81FC012681378189819A81FC01828192
:10A230009381281B390B89819A81FC01808191814E
:10A24000820F931F01970FC089819A81FC012081A1
:10A25000318189819A81FC0182819381A901481B06
:10A26000590BCA0101970F900F90DF91CF9108957C
:10A27000CF93DF930F920F92CDB7DEB789839A8386
:10A2800089819A81FC012281338189819A81FC0133
:10A29000808191812817390778F089819A81FC01A2
:10A2A0002281338189819A81FC0180819181A90178
:10A2B000481B590BCA0113C089819A81FC01268170
:10A2C000378189819A81FC0180819181281B390B1A
:10A2D00089819A81FC0182819381820F931F0F9063
:10A2E0000F90DF91CF910895CF93DF930F920F924C
:10A2F000CDB7DEB789839A8389819A81FC01208159
:10A30000318189819A81FC018281938128173907E3
:10A3100011F481E001C080E00F900F90DF91CF91A8
:10A320000895CF93DF930F920F92CDB7DEB7898355
:10A330009A8389819A81FC012281338189819A8162
:10A34000FC018081918128173907D1F0C8F08981FB
:10A350009A81FC012281338189819A81FC0180816B
:10A360009181281B390B89819A81FC018681978113
:10A3700001972817390710F081E016C080E014C05B
:10A3800089819A81FC012081318189819A81FC0136
:10A3900082819381A901481B590BCA018130910523
:10A3A00011F481E001C080E00F900F90DF91CF9118
:10A3B0000895CF93DF9300D00F92CDB7DEB7898396
:10A3C0009A836B837C8389819A81DC011496ED9159
:10A3D000FC9189819A81DC0118962D913C918981AB
:10A3E0009A81DC0114966D917C9189819A81DC01BE
:10A3F00012964D915C91649FC001659F900D749F72
:10A40000900D1124820F931F2B813C81AF01B90164
:10A410000E946CA089819A810E949151882309F140
:10A4200089819A81FC01808191819C012F5F3F4F3E
:10A4300089819A81DC012D933C9389819A81FC0169
:10A440002081318189819A81DC0116968D919C91C0
:10A4500017972817390728F089819A81FC01108203
:10A46000118289819A81DC0112968D919C919C01C7
:10A470002F5F3F4F89819A81FC0122833383898139
:10A480009A81DC0112962D913C91139789819A81D2
:10A49000FC01868197812817390738F089819A81D4
:10A4A000DC0112961D921C92139789819A810E9459
:10A4B0009151882311F080E001C081E02496CDBF46
:10A4C000DEBFDF91CF910895CF93DF9300D00F923D
:10A4D000CDB7DEB789839A836B837C8389819A8128
:10A4E0000E947451982F81E08927882309F449C07C
:10A4F00089819A81DC011496ED91FC9189819A8180
:10A50000DC0118962D913C9189819A81DC01149689
:10A510006D917C9189819A81DC014D915C91649F60
:10A52000C001659F900D749F900D1124280F391F55
:10A530008B819C81AF01B9010E946CA089819A81B5
:10A54000FC01808191819C012F5F3F4F89819A811D
:10A55000DC012D933C9389819A81FC01208131811A
:10A5600089819A81DC0116968D919C911797281705
:10A57000390728F089819A81FC011082118281E0DB
:10A5800001C080E02496CDBFDEBFDF91CF9108955A
:10A59000CF93DF9300D00F92CDB7DEB789839A8334
:10A5A0006B837C8389819A81FC01848195818130D0
:10A5B000910511F080E04FC089819A810E94385145
:10A5C0009C018B819C818217930710F080E043C02F
:10A5D00089819A81FC01208131818B819C81280FA6
:10A5E000391F89819A81FC01868197812817390753
:10A5F00000F189819A81FC01208131818B819C81CC
:10A60000280F391F89819A81FC0186819781A901D0
:10A61000481B590BCA018B839C8389819A81FC0159
:10A62000208531858B819C81820F931FFC01808165
:10A6300012C089819A81FC012085318589819A81A6
:10A64000FC01408151818B819C81840F951F820F79
:10A65000931FFC0180812496CDBFDEBFDF91CF9197
:10A660000895EF92FF920F931F93CF93DF9300D043
:10A6700000D0CDB7DEB78D839E838D819E810E94F1
:10A680007451982F81E08927882309F41CC112C1D5
:10A690008D819E81DC012D913C9111978D819E8150
:10A6A000FC01828193812817390740F48D819E81B6
:10A6B000DC0112968D919C91139704C08D819E812F
:10A6C0000E9438518B839C838D819E81FC01808107
:10A6D000918189839A8338C08D819E81DC0118968F
:10A6E0002D913C918D819E81FC0164817581498110
:10A6F0005A81649FC001659F900D749F900D112435
:10A70000280F391F8D819E81DC0118964D915C9137
:10A7100089819A81FC0131978D819E81DC0114969B
:10A720006D917C91E69FC001E79F900DF69F900D83
:10A730001124840F951FF9012081DC012C9389815C
:10A740009A81019689839A8329813A818B819C81A0
:10A750002817390708F28D819E81FC012081318103
:10A760008D819E81DC0112968D919C911397281703
:10A77000390709F008F46CC08D819E81FC010085C9
:10A7800011858D819E81DC011896ED90FC908D8164
:10A790009E810E943851AC01415051098D819E81AA
:10A7A000FC0124813581429FC001439F900D529F3F
:10A7B000900D11248E0D9F1DD8012C91FC0120833A
:10A7C00081E090E089839A8338C08D819E81DC018D
:10A7D00018962D913C918D819E81FC01648175813B
:10A7E00049815A81649FC001659F900D749F900DAF
:10A7F0001124280F391F8D819E81DC0118964D91FF
:10A800005C9189819A81FC0131978D819E81DC0167
:10A8100014966D917C91E69FC001E79F900DF69F85
:10A82000900D1124840F951FF9012081DC012C93D8
:10A8300089819A81019689839A838D819E81FC0109
:10A840008281938129813A812817390708F4BDCF85
:10A850008D819E81DC0112968D919C9113970097BA
:10A8600081F08D819E81FC01828193819C01215028
:10A8700031098D819E81DC0112962D933C931397B3
:10A880000CC08D819E810E9438519C01215031095C
:10A890008D819E81FC01228333838D819E81DC0129
:10A8A0008D919C919C01215031098D819E81FC01EB
:10A8B000208331838D819E81DC018D919C91119744
:10A8C000009709F0E5CE00002696CDBFDEBFDF91F0
:10A8D000CF911F910F91FF90EF9008950F931F93C9
:10A8E000CF93DF93CDB7DEB72A97CDBFDEBF8F837F
:10A8F000988769877A878F819885FC018481958103
:10A900008130910519F080E090E068C019821A82C8
:10A9100058C01B821C8281E090E08D839E832EC0F4
:10A9200029813A818B819C818901080F191F8F81B0
:10A9300098850E94385108171907C0F429853A856F
:10A940008B819C81820F931FFC01108129813A81A8
:10A950008B819C81280F391F8F819885B9010E94B6
:10A96000C852181731F01D821E8212C01D821E822D
:10A970000FC08B819C8101968B839C8329853A85AE
:10A980008B819C81820F931FFC018081882341F67B
:10A990008B819C81009749F08D819E81813091054A
:10A9A00021F489819A81019619C08B819C8100973D
:10A9B00019F480E090E012C089819A810196898320
:10A9C0009A838F8198850E9438519C0189819A8150
:10A9D0008217930708F49DCF80E090E02A96CDBFC0
:10A9E000DEBFDF91CF911F910F910895CF93DF9339
:10A9F000CDB7DEB72A97CDBFDEBF8D839E836F8331
:10AA0000788749875A878D819E81FC018481958151
:10AA10008130910511F081E07EC08D819E810E9480
:10AA200038518B839C838F819885FC018081918133
:10AA300089839A8305C089819A81019689839A8343
:10AA400029813A818D819E81B9010E94C85280324C
:10AA5000A1F098F029813A818D819E81B9010E94EF
:10AA6000C8528E3709F048F429813A818D819E8140
:10AA7000B9010E94C8528D3241F48B819C810197AB
:10AA800029813A8128173907B0F229813A818B81CF
:10AA90009C812817390769F08F81988529813A812F
:10AAA000FC012083318305C089819A8101968983C5
:10AAB0009A8329813A818D819E81B9010E94C85271
:10AAC000803299F090F029813A818D819E81B9017F
:10AAD0000E94C8528E3709F040F48B819C81019707
:10AAE00029813A8128173907F8F229813A818B8127
:10AAF0009C812817390771F08F819885FC0180812E
:10AB0000918129813A81281B390B89859A85FC011D
:10AB10002083318380E02A96CDBFDEBFDF91CF91C5
:10AB20000895CF93DF93CDB7DEB72897CDBFDEBFB3
:10AB30008D839E836F8378878D819E81FC018481C4
:10AB400095818130910521F48F819885009711F4CA
:10AB500081E06CC08D819E81FC01268137818D81D1
:10AB60009E81FC0180819181A901481B590BCA017A
:10AB700001978B839C838D819E81FC01228133818F
:10AB80008D819E81FC01808191812817390768F4AD
:10AB90008D819E81FC01228133818B819C81820F7A
:10ABA000931F019689839A8310C08D819E81FC0139
:10ABB000228133818D819E81FC0180819181A90157
:10ABC000481B590BCA0189839A8329813A818F8155
:10ABD00098852817390710F481E028C02F8138851F
:10ABE0008B819C812817390791F088F02F81388557
:10ABF0008B819C81F901E81BF90BCF019C0121504D
:10AC000031098D819E81FC01208331830EC08D81AD
:10AC10009E81FC01208131818F819885280F391F09
:10AC20008D819E81FC012083318380E02896CDBFF9
:10AC3000DEBFDF91CF910895CF93DF93CDB7DEB71D
:10AC40002C97CDBFDEBF8B879C878B859C8500971B
:10AC500031F08B859C850E947451882311F081E02E
:10AC6000EAC019861A868B859C85FC0182819381B6
:10AC700089839A838B859C85FC01828193818B8358
:10AC80009C83ABC08B859C85FC01208531858981A7
:10AC90009A81820F931FFC018081883021F18B8182
:10ACA0009C81009749F48B859C85FC018681978166
:10ACB00001978B839C8305C08B819C8101978B833B
:10ACC0009C8389819A81009749F48B859C85FC013E
:10ACD00086819781019789839A8305C089819A81AA
:10ACE000019789839A831D821E821CC08D819E815B
:10ACF00001968D839E8389859A85019689879A8797
:10AD000089819A81009749F48B859C85FC01868115
:10AD10009781019789839A8305C089819A810197D8
:10AD200089839A838B859C85FC0120853185898167
:10AD30009A81820F931FFC018081883051F48B85AA
:10AD40009C85FC018081918129813A8128173907EE
:10AD500069F61F82188617C089819A81009749F485
:10AD60008B859C85FC0186819781019789839A83D5
:10AD700005C089819A81019789839A838F819885FB
:10AD800001968F8398872F8138858D819E81281722
:10AD9000390710F38B859C85FC01208531858981DD
:10ADA0009A81820F931FFC0180818830B1F08B85DE
:10ADB0009C85FC012085318589819A81280F391F66
:10ADC0008B859C85FC01408551858B819C81840FFE
:10ADD000951FF9012081FC0120838B859C85FC0156
:10ADE0008081918129813A812817390709F04ACF5A
:10ADF0008B859C850E9438519695879529853A8543
:10AE00002817390740F48B859C852B813C81FC01F8
:10AE1000208331830FC08B859C85FC0112821382B5
:10AE20008B859C85FC01228133818B859C85FC016F
:10AE30002083318380E02C96CDBFDEBFDF91CF91A0
:10AE400008950F931F93CF93DF93CDB7DEB72B9762
:10AE5000CDBFDEBF8B839C836D834E835F8328874A
:10AE600039870A871B878B819C81009779F08A85B7
:10AE70009B85009759F08B819C81FC01868197818D
:10AE8000288539852817390719F010F081E02CC082
:10AE900019821A8221C02E813F8189819A81280FCF
:10AEA000391F8B819C81B9010E94C852982F8D81D6
:10AEB000891769F42E813F8189819A81280F391F72
:10AEC0008A859B85FC012083318380E00DC08981C8
:10AED0009A81019689839A8329813A818885998507
:10AEE00028173907C0F281E02B96CDBFDEBFDF9176
:10AEF000CF911F910F910895CF93DF9300D000D091
:10AF000000D0CDB7DEB78C839D836E837F83488767
:10AF100059878C819D81009721F08E819F810097B8
:10AF200011F480E02EC019821A8223C09E012D5F89
:10AF30003F4F8C819D81B9010E946452982F81E01E
:10AF40008927882311F081E01CC09E012D5F3F4FAF
:10AF50008E819F81B9010E94D951982F81E0892764
:10AF6000882311F081E00DC089819A81019689833F
:10AF70009A8329813A818885998528173907B0F203
:10AF800080E02996CDBFDEBFDF91CF910895CF93AA
:10AF9000DF930F92CDB7DEB78FE390E0FC018081A5
:10AFA0008983F89489810F90DF91CF910895CF9391
:10AFB000DF930F92CDB7DEB789838FE390E02981CD
:10AFC000FC01208300000F90DF91CF910895CF9373
:10AFD000DF930F920F92CDB7DEB78A830E94C757D7
:10AFE000898380E590E0FC01308180E590E02A8152
:10AFF000232BFC01208389810E94D75700000F90EA
:10B000000F90DF91CF910895CF93DF930F92CDB73B
:10B01000DEB7898300000F90DF91CF910895CF9321
:10B02000DF930F920F92CDB7DEB78A830E94C75786
:10B03000898380E590E0FC018081982F8A8180954A
:10B04000292F282380E590E0FC01208389810E943C
:10B05000D75700000F900F90DF91CF910895CF93B5
:10B06000DF930F92CDB7DEB789838981883021F0D5
:10B0700089810E94E75703C089810E94045800001B
:10B080000F90DF91CF910895CF93DF930F92CDB7BB
:10B09000DEB7898380E590E0FC0191818981982366
:10B0A00081E0992309F480E00F90DF91CF9108951A
:10B0B000CF93DF930F92CDB7DEB7898300008981EC
:10B0C0000E944458982F81E089278823C1F7000007
:10B0D00000000F90DF91CF910895CF93DF9300D0C0
:10B0E0000F92CDB7DEB780E790E089839A831C8208
:10B0F0001B820DC089819A819C012F5F3F4F29835C
:10B100003A832FEFFC0120838B818F5F8B838B81B0
:10B11000863081F378F382E00E942F5882E00E940B
:10B120005858000061E080E490E00E94469D8C81C8
:10B13000882319F481E00E940F582496CDBFDEBF0A
:10B14000DF91CF910895CF93DF9300D0CDB7DEB7D5
:10B150008A836B830E94C75789838A81882F90E0F6
:10B1600080599F4FFC018081982F8B818095292FDA
:10B1700028238A81882F90E080599F4FFC012083EB
:10B1800089810E94D75700000F900F900F90DF9198
:10B19000CF910895CF93DF9300D0CDB7DEB78A83E8
:10B1A0006B830E94C75789838A81882F90E08059DA
:10B1B0009F4FFC0130818A81882F90E080599F4FFA
:10B1C0002B81232BFC01208389810E94D75700000B
:10B1D0000F900F900F90DF91CF9108950F931F93D1
:10B1E000CF93DF93CDB7DEB7A597CDBFDEBF8D8FF1
:10B1F0009E8F6F8F78A349A35AA32BA30CA31DA3E3
:10B200008D8D9E8D009741F08F8D98A1009721F034
:10B2100089A19AA1009711F481E00CC61F8A188EAB
:10B220008D8D9E8D0E9438518F87988B8BA1882F92
:10B2300090E00296898B9A8B8F8598899C0121508A
:10B2400031098D8D9E8DB9010E94C8528D3011F04B
:10B250008989F0C58D8D9E8D0E941C568D8D9E8D89
:10B260000E9438518F87988BAE01475E5F4F9E01D9
:10B27000295E3F4F8D8D9E8DB9010E94F654882323
:10B2800011F08989D7C519821A8271C01B821C826C
:10B290002BC02F89388D8B819C81280F391F8D8D74
:10B2A0009E8DB9010E94C852482F29813A81C90157
:10B2B000880F991F820F931F880F991F9C0189A1E6
:10B2C0009AA1820F931FDC012D913C9111978B81E4
:10B2D0009C81820F931FFC018081481741F58B816F
:10B2E0009C8101968B839C83898D9A8D2B813C81D7
:10B2F00028173907E9F029813A81C901880F991F78
:10B30000820F931F880F991F9C0189A19AA1820F18
:10B31000931FDC012D913C9111978B819C81820FB1
:10B32000931FFC018081882309F0B3CF01C0000086
:10B3300029813A81C901880F991F820F931F880FB5
:10B34000991F9C0189A19AA1820F931FDC012D9165
:10B350003C9111978B819C81820F931FFC0180810E
:10B36000882379F089819A81019689839A838BA1B8
:10B37000882F90E029813A812817390708F486CF71
:10B3800001C000001B821C8219C02F89388D8B815F
:10B390009C81280F391F8D8D9E8DB9010E94C85246
:10B3A000282F8B819C818357974DDC018C91281726
:10B3B00061F48B819C8101968B839C838B819C8122
:10B3C0008130910511F308F301C000008B819C814D
:10B3D00082309105D9F48D8D9E8D0E9438519C014B
:10B3E0008D8D9E8DB9010E9491558DEB9AE20E9440
:10B3F0008DA08EED9AE2892F8F938EED9AE28F9336
:10B400000E9475A00F900F9080E014C51B821C82D3
:10B4100019C02F89388D8B819C81280F391F8D8D04
:10B420009E8DB9010E94C852282F8B819C81805724
:10B43000974DFC018081281761F48B819C810196D6
:10B440008B839C838B819C818330910511F308F35E
:10B4500001C000008B819C8184309105D9F48D8DD1
:10B460009E8D0E9438519C018D8D9E8DB9010E9448
:10B47000915581EE9AE20E948DA08EED9AE2892F7D
:10B480008F938EED9AE28F930E9475A00F900F908C
:10B4900080E0D0C42F89388D898D9A8D820F931FBB
:10B4A0008B8F9C8F19861A861D861E862DC4AE0131
:10B4B000475E5F4F9E01255E3F4F8D8D9E8DB9018A
:10B4C0000E94F654898D9A8D009709F41CC48B8DC7
:10B4D0009C8D9C01215031098D8D9E8DB9010E945A
:10B4E000C8528D3289F48B8D9C8D9C01225031097C
:10B4F0008D8D9E8DB9010E94C8528D3229F481E054
:10B5000090E08D839E8302C01D821E821F8218865A
:10B51000BCC38D819E818130910509F09CC01B8246
:10B520001C8238C02B8D3C8D8B819C81280F391F4C
:10B530008D8D9E8DB9010E94C852782F29813A8144
:10B54000C901880F991F820F931F880F991F9C01B3
:10B5500089A19AA1820F931FDC0112962D913C9133
:10B560004F81588561E1649FC001659F900D112452
:10B57000820F931FFC01228133818B819C81820F7A
:10B58000931FDC018C917817B1F58B819C8101961A
:10B590008B839C83898D9A8D2B813C812817390759
:10B5A00059F129813A81C901880F991F820F931F90
:10B5B000880F991F9C0189A19AA1820F931FFC01FA
:10B5C000228133814F81588561E1649FC001659F6D
:10B5D000900D1124820F931FDC0112962D913C9146
:10B5E00013978B819C81820F931FFC01808188239C
:10B5F00009F098CF01C0000029813A81C901880F64
:10B60000991F820F931F880F991F9C0189A19AA1EE
:10B61000820F931FDC0112962D913C914F8158852A
:10B6200061E1649FC001659F900D1124820F931FFB
:10B63000FC01228133818B819C81820F931FDC016D
:10B640008C91882319F41B861C8639C081E090E018
:10B650008B879C8734C08D819E81009781F52B8DCF
:10B660003C8D8D8D9E8DB9010E94C852782F298105
:10B670003A81C901880F991F820F931F880F991F64
:10B680009C0189A19AA1820F931FFC012281338121
:10B690004F81588561E1649FC001659F900D112421
:10B6A000820F931FDC0114968C911497781719F46C
:10B6B0001B861C8604C081E090E08B879C878B856D
:10B6C0009C85009709F0DCC28D859E8501968D874B
:10B6D0009E878B8D9C8D8B8B9C8B898D9A8D8D8B72
:10B6E0009E8B2B8D3C8D898D9A8D820F931F8B8F16
:10B6F0009C8FAE01475E5F4F9E01255E3F4F8D8D53
:10B700009E8DB9010E94F6541B821C8217C02B8D9E
:10B710003C8D8B819C81280F391F8D8D9E8DB901A9
:10B720000E94C852282F8B819C81855C9F4BFC0115
:10B7300020838B819C8101968B839C83898D9A8D3C
:10B740002B813C812817390720F4898D9A8D009729
:10B75000F1F68B819C81855C9F4BDC011C92898D6D
:10B760009A8D009769F08B8D9C8D9C012150310939
:10B770008D8D9E8DB9010E94C8528D3209F04BC04B
:10B7800029813A81C901880F991F820F931F880F61
:10B79000991F9C0189A19AA1820F931FFC0122810C
:10B7A00033814F81588561E1649FC001659F900D91
:10B7B0001124A901480F591F29813A81C901880F15
:10B7C000991F820F931F880F991F9C0189A19AA12D
:10B7D000820F931FDC0112962D913C916F81788529
:10B7E000E1E1E69FC001E79F900D1124280F391F6A
:10B7F000FA0187819085A185B285F90185879687B1
:10B80000A787B08B8B899C898B8F9C8F8D899E8914
:10B81000898F9A8F0AC229813A81C901880F991F9D
:10B82000820F931F880F991F9C0189A19AA1820FF3
:10B83000931FDC0112962D913C9113974F815885EF
:10B8400061E1649FC001659F900D1124820F931FD9
:10B85000FC018681882309F06FC029813A81C901E2
:10B86000880F991F820F931F880F991F9C0189A130
:10B870009AA1820F931FDC0112962D913C914F816A
:10B88000588561E1649FC001659F900D1124820F6E
:10B89000931F0D96292F2F938F9389E09BE2892F79
:10B8A0008F9389E09BE28F938BE390E4892F8F93B2
:10B8B0008BE390E48F930E94B9A00F900F900F90AC
:10B8C0000F900F900F90009709F0AFC129813A8136
:10B8D000C901880F991F820F931F880F991F9C0120
:10B8E00089A19AA1820F931FFC01228133814F818C
:10B8F000588561E1649FC001659F900D1124820FFE
:10B90000931F0D96292F2F938F938DE09BE2892F04
:10B910008F938DE09BE28F938BE390E4892F8F933D
:10B920008BE390E48F930E94B9A00F900F900F903B
:10B930000F900F900F9079C129813A81C901880F2A
:10B94000991F820F931F880F991F9C0189A19AA1AB
:10B95000820F931FDC0112962D913C9113974F811A
:10B96000588561E1649FC001659F900D1124820F8D
:10B97000931FFC0186818130B9F529813A81C90183
:10B98000880F991F820F931F880F991F9C0189A10F
:10B990009AA1820F931FDC0112962D913C914F8149
:10B9A000588561E1649FC001659F900D1124820F4D
:10B9B000931F0D96292F2F938F938DE09BE2892F54
:10B9C0008F938DE09BE28F938BE390E4892F8F938D
:10B9D0008BE390E48F930E94B9A00F900F900F908B
:10B9E0000F900F900F9021C129813A81C901880FD2
:10B9F000991F820F931F880F991F9C0189A19AA1FB
:10BA0000820F931FFC01228133814F81588561E1B0
:10BA1000649FC001659F900D1124820F931FDC016C
:10BA200016968C911697823009F070C017C02B8D36
:10BA30003C8D8B819C81280F391F8D8D9E8DB90186
:10BA40000E94C852282F8B819C81855C9F4BFC01F2
:10BA500020838B819C8101968B839C838B819C812D
:10BA60000197855C9F4BDC018C918F31D1F0C8F040
:10BA70008B819C810197855C9F4BFC0180818E3777
:10BA800009F078F48B819C810197855C9F4BDC01E8
:10BA90008C91873231F08B819C818831910539F20C
:10BAA00030F28B819C810197855C9F4BFC01108259
:10BAB0008B819C81FC0131976CE370E429813A8190
:10BAC000C901880F991F820F931F880F991F9C012E
:10BAD00089A19AA1820F931FDC0112962D913C91AE
:10BAE0004F815885A1E1A49FC001A59F900D11240D
:10BAF000820F931FDC011B968D919C91AF010E94D8
:10BB00006CA08B819C81898F9A8F8FC029813A810B
:10BB1000C901880F991F820F931F880F991F9C01DD
:10BB200089A19AA1820F931FFC01228133814F8149
:10BB3000588561E1649FC001659F900D1124820FBB
:10BB4000931FDC0116968C911697833009F06DC017
:10BB500029813A81C901880F991F820F931F880F8D
:10BB6000991F9C0189A19AA1820F931FFC01228138
:10BB700033814F81588561E1649FC001659F900DBD
:10BB80001124820F931F0D96292F2F938F9380E1FD
:10BB90009BE2892F8F9380E19BE28F938BE390E46C
:10BBA000892F8F938BE390E48F930E94B9A00F901D
:10BBB0000F900F900F900F900F900097B1F5298183
:10BBC0003A81C901880F991F820F931F880F991F0F
:10BBD0009C0189A19AA1820F931FDC0112962D91DD
:10BBE0003C914F81588561E1649FC001659F900D34
:10BBF0001124820F931F0D96292F2F938F938DE081
:10BC00009BE2892F8F938DE09BE28F938BE390E4EF
:10BC1000892F8F938BE390E48F930E94B9A00F90AC
:10BC20000F900F900F900F900F9029813A81C901CA
:10BC3000880F991F820F931F880F991F9C0189A15C
:10BC40009AA1820F931FFC01228133814F81588575
:10BC500061E1649FC001659F900D1124820F931FC5
:10BC6000DC018D919C91FC011995282F8CA19DA13F
:10BC7000DC018C91280F8CA19DA1FC0120831FC0A9
:10BC80008F81988501968F83988729813A81C90190
:10BC9000880F991F820F931F880F991F9C0189A1FC
:10BCA0009AA1820F931FDC0114968C911497882F10
:10BCB00090E02F8138852817390708F42ACC29818C
:10BCC0003A81C901880F991F820F931F880F991F0E
:10BCD0009C0189A19AA1820F931FFC018481882F66
:10BCE00090E02F8138852817390721F481E090E012
:10BCF00089879A872B8D3C8D898D9A8D820F931F12
:10BD00008B8F9C8F01C000008BA1882F90E0298130
:10BD10003A8128173907C1F08B8D9C8D2F85388982
:10BD2000281B390B4B8D5C8DBE01655E7F4F8D8D61
:10BD30009E8D8B016DE20E942157882329F489850D
:10BD40009A85009709F4B3CB8BA1882F90E02981C5
:10BD50003A812817390741F48F859889009721F097
:10BD600086E19BE20E948DA089859A85009721F04B
:10BD700086E19BE20E948DA08D8D9E8D0E943851A0
:10BD80009C018D8D9E8DB9010E9491558F8598895A
:10BD9000009769F48EED9AE2892F8F938EED9AE2E7
:10BDA0008F930E9475A00F900F9080E043C089850B
:10BDB0009A850097E9F48BA1882F90E029813A8138
:10BDC00028173907A9F08F859889009789F08D8504
:10BDD0009E85009769F08EED9AE2892F8F938EED04
:10BDE0009AE28F930E9475A00F900F9080E022C07E
:10BDF0008D859E850097E1F429813A81C901880FDC
:10BE0000991F820F931F880F991F9C0189A19AA1E6
:10BE1000820F931FDC018D919C9124E030E04DE076
:10BE200069E37BE20E94E45F882311F480E002C0B2
:10BE300089818F5FA596CDBFDEBFDF91CF911F9126
:10BE40000F910895CF93DF93CDB7DEB72F97CDBF76
:10BE5000DEBF8E879F878E859F85009711F481E0D6
:10BE600083C085E0E9E3FBE2DE01159601900D92C7
:10BE70008A95E1F71A861B868E859F850E94385128
:10BE80008B839C838B819C819C01215031098E8501
:10BE90009F85B9010E94C8528D3011F081E064C0C5
:10BEA0008E859F850E941C568E859F850E943851E5
:10BEB0008B839C83AE01445F5F4F9E01265F3F4FA3
:10BEC0008E859F85B9010E94F654882311F081E088
:10BED0004BC019821A821CC02A853B8589819A81B0
:10BEE000280F391F8E859F85B9010E94C852482F9F
:10BEF0009E012B5F3F4F89819A81820F931FFC0126
:10BF000080814817C1F489819A81019689839A8337
:10BF10008C859D8529813A812817390769F09E0112
:10BF20002B5F3F4F89819A81820F931FFC01808193
:10BF3000882391F601C000008E859F850E943851AC
:10BF40009C018E859F85B9010E9491559E012B5FB2
:10BF50003F4F89819A81820F931FFC018081882342
:10BF600011F480E001C081E02F96CDBFDEBFDF91EC
:10BF7000CF910895CF93DF930F920F92CDB7DEB795
:10BF800089839A8389819A81009731F089819A8186
:10BF90000E947451882311F081E011C089819A8137
:10BFA0000E9438519C012150310989819A81B9013F
:10BFB0000E94C8528D3011F081E001C080E00F90E6
:10BFC0000F90DF91CF910895CF93DF9300D000D0F1
:10BFD00000D0CDB7DEB78B839C836D837E834F8388
:10BFE0002887398719821A8217C02B813C81898161
:10BFF0009A81820F931FFC0140812D813E818981AE
:10C000009A81820F931FFC018081481719F589815D
:10C010009A81019689839A8329813A8188859985B5
:10C0200028173907C0F42B813C8189819A81820FBE
:10C03000931FFC0180819F81981769F02D813E81BB
:10C0400089819A81820F931FFC0180819F819817BB
:10C0500061F601C000002B813C8189819A81820FA9
:10C06000931FFC0180819F81981721F12D813E81D2
:10C0700089819A81820F931FFC0180819F8198178B
:10C08000C9F029813A818885998528173907A1F453
:10C090002B813C8189819A81820F931FFC01408111
:10C0A0002D813E8189819A81820F931FFC018081BD
:10C0B000481711F480E001C081E02996CDBFDEBFB2
:10C0C000DF91CF910895CF93DF93CDB7DEB764971B
:10C0D000CDBFDEBF898B6A8B7B8B4C8B8C89882391
:10C0E000E9F48989882F90E0880F991F835C9B4E23
:10C0F00089839A8389819A81FC0125913491CF01AA
:10C100002B833C8389839A838B819C819C018A89C0
:10C110009B8943E650E0B9010E945DA08C89813083
:10C12000E9F48989882F90E0880F991F8D5B994FDA
:10C130008D839E838D819E81FC0125913491CF0159
:10C140002F8338878D839E838F8198859C018A8970
:10C150009B8943E650E0B9010E945DA08C89833041
:10C16000E9F48989882F90E0880F991F8D5B994F9A
:10C1700089879A8789859A85FC0125913491CF0119
:10C180002B873C8789879A878B859C859C018A8928
:10C190009B8943E650E0B9010E945DA08C89823002
:10C1A000E9F48989882F90E0880F991F8D539B4D62
:10C1B0008D879E878D859E85FC0125913491CF01C9
:10C1C0002F87388B8D879E878F8598899C018A89D8
:10C1D0009B8943E650E0B9010E945DA0000064968F
:10C1E000CDBFDEBFDF91CF910895CF93DF93CDB761
:10C1F000DEB7C55AD109CDBFDEBFFE01EF55FF4FF7
:10C200008083CE018E559F4FFC016083CE018D55FA
:10C210009F4FFC0140835183CE018B559F4FFC0102
:10C220002083CE018B559F4FFC018081882309F02C
:10C2300094C1CE018F559F4FFC018081882331F539
:10C24000CE018E559F4FFC018081882F90E0880F92
:10C25000991F8F5F954E89A39AA389A19AA1FC018A
:10C2600025913491CF012BA33CA389A39AA38BA141
:10C270009CA19C01CE018D559F4FFC018081918135
:10C2800043E650E0B9010E945DA067C1CE018F5521
:10C290009F4FFC018081813031F5CE018E559F4F3B
:10C2A000FC018081882F90E0880F991F835F914E59
:10C2B0008D8F9E8F8D8D9E8DFC0125913491CF01A8
:10C2C0002F8F38A38D8F9E8F8F8D98A19C01CE01CB
:10C2D0008D559F4FFC018081918143E650E0B9016B
:10C2E0000E945DA03AC1CE018F559F4FFC01808115
:10C2F000823031F5CE018E559F4FFC018081882F11
:10C3000090E0880F991F8757914E898F9A8F898D5A
:10C310009A8DFC0125913491CF012B8F3C8F898F11
:10C320009A8F8B8D9C8D9C01CE018D559F4FFC016A
:10C330008081918143E650E0B9010E945DA00DC16A
:10C34000CE018F559F4FFC018081833031F5CE01A6
:10C350008E559F4FFC018081882F90E0880F991F98
:10C360008C58904E8D8B9E8B8D899E89FC012591DA
:10C370003491CF012F8B388F8D8B9E8B8F89988D29
:10C380009C01CE018D559F4FFC018081918143E638
:10C3900050E0B9010E945DA0E0C0CE018F559F4FD3
:10C3A000FC018081843031F5CE018E559F4FFC0118
:10C3B0008081882F90E0880F991F8A569E4D898B27
:10C3C0009A8B89899A89FC0125913491CF012B8B15
:10C3D0003C8B898B9A8B8B899C899C01CE018D55D6
:10C3E0009F4FFC018081918143E650E0B9010E949A
:10C3F0005DA0B3C0CE018F559F4FFC018081853079
:10C4000031F5CE018E559F4FFC018081882F90E041
:10C41000880F991F83519E4D8D879E878D859E85A0
:10C42000FC0125913491CF012F87388B8D879E8712
:10C430008F8598899C01CE018D559F4FFC0180818D
:10C44000918143E650E0B9010E945DA086C0CE0113
:10C450008F559F4FFC018081863031F5CE018E557E
:10C460009F4FFC018081882F90E0880F991F875F84
:10C470009D4D89879A8789859A85FC0125913491FC
:10C48000CF012B873C8789879A878B859C859C0168
:10C49000CE018D559F4FFC018081918143E650E094
:10C4A000B9010E945DA059C0CE018F559F4FFC017C
:10C4B0008081873031F5CE018E559F4FFC01808100
:10C4C000882F90E0880F991F8E5D9D4D8D839E83F0
:10C4D0008D819E81FC0125913491CF012F83388776
:10C4E0008D839E838F8198859C01CE018D559F4FB2
:10C4F000FC018081918143E650E0B9010E945DA07A
:10C500002CC0CE018F559F4FFC018081883029F5CA
:10C51000CE018E559F4FFC018081882F90E0880FBF
:10C52000991F835B9D4D89839A8389819A81FC0140
:10C5300025913491CF012B833C8389839A838B810E
:10C540009C819C01CE018D559F4FFC018081918182
:10C5500043E650E0B9010E945DA0CE018B559F4F8C
:10C56000FC018081813009F0C7C1CE018F559F4FFA
:10C57000FC018081882309F03BC0CE018E559F4F7E
:10C58000FC018081882F90E0880F991F9C01285E14
:10C59000364FCE018B5B9F4FFC0120833183CE0150
:10C5A0008B5B9F4FFC0180819181FC0145915491EF
:10C5B000CF019E01295B3F4FF901408351839E01CA
:10C5C0002B5B3F4FF90180839183CE01895B9F4FA5
:10C5D000FC01808191819C01CE018D559F4FFC0112
:10C5E0008081918143E650E0B9010E945DA084C141
:10C5F000CE018F559F4FFC018081813009F03BC0F7
:10C60000CE018E559F4FFC018081882F90E0880FCE
:10C61000991F9C012E55334FCE018F5B9F4FFC011C
:10C6200020833183CE018F5B9F4FFC0180819181FC
:10C63000FC0145915491CF019E012D5B3F4FF901C3
:10C64000408351839E012F5B3F4FF901808391838B
:10C65000CE018D5B9F4FFC01808191819C01CE01B9
:10C660008D559F4FFC018081918143E650E0B901D7
:10C670000E945DA041C1CE018F559F4FFC0180817A
:10C68000823069F5CE018E559F4FFC018081882F45
:10C6900090E0880F991F845B924F8DAF9EAF8DAD58
:10C6A0009EADFC0145915491CF019E01215C3F4F0D
:10C6B000F901408351838DAF9EAFCE01CF96FC012F
:10C6C000808191819C01CE018D559F4FFC0180811D
:10C6D000918143E650E0B9010E945DA00DC1CE01F9
:10C6E0008F559F4FFC018081843031F5CE018E55EE
:10C6F0009F4FFC018081882F90E0880F991F825CFA
:10C700009E4E89AF9AAF89AD9AADFC0125913491C7
:10C71000CF012BAF3CAF89AF9AAF8BAD9CAD9C01E5
:10C72000CE018D559F4FFC018081918143E650E001
:10C73000B9010E945DA0E0C0CE018F559F4FFC0162
:10C740008081853031F5CE018E559F4FFC0180816F
:10C75000882F90E0880F991F815B9D4E8DAB9EAB1B
:10C760008DA99EA9FC0125913491CF012FAB38AF43
:10C770008DAB9EAB8FA998AD9C01CE018D559F4F7F
:10C78000FC018081918143E650E0B9010E945DA0E7
:10C79000B3C0CE018F559F4FFC018081863031F5AB
:10C7A000CE018E559F4FFC018081882F90E0880F2D
:10C7B000991F86589D4E89AB9AAB89A99AA9FC010D
:10C7C00025913491CF012BAB3CAB89AB9AAB8BA9B4
:10C7D0009CA99C01CE018D559F4FFC0180819181C8
:10C7E00043E650E0B9010E945DA086C0CE018F559E
:10C7F0009F4FFC018081883031F5CE018E559F4FCF
:10C80000FC018081882F90E0880F991F87569D4EEC
:10C810008DA79EA78DA59EA5FC0125913491CF01E2
:10C820002FA738AB8DA79EA78FA598A99C01CE01F5
:10C830008D559F4FFC018081918143E650E0B90105
:10C840000E945DA059C0CE018F559F4FFC01808191
:10C85000873031F5CE018E559F4FFC018081882FA6
:10C8600090E0880F991F8F549D4E89A79AA789A59C
:10C870009AA5FC0125913491CF012BA73CA789A74C
:10C880009AA78BA59CA59C01CE018D559F4FFC01BD
:10C890008081918143E650E0B9010E945DA02CC0E7
:10C8A000CE018F559F4FFC018081893029F5CE0143
:10C8B0008E559F4FFC018081882F90E0880F991F33
:10C8C00084529D4E8DA39EA38DA19EA1FC01259116
:10C8D0003491CF012FA338A78DA39EA38FA198A534
:10C8E0009C01CE018D559F4FFC018081918143E6D3
:10C8F00050E0B9010E945DA0CE018B559F4FFC0115
:10C900008081833009F059C2CE018F559F4FFC01C1
:10C910008081882309F03BC0CE018E559F4FFC01DA
:10C920008081882F90E0880F991F9C01285E364FE8
:10C93000CE0187599F4FFC0120833183CE01875957
:10C940009F4FFC0180819181FC0145915491CF0161
:10C950009E0125593F4FF901408351839E0127597C
:10C960003F4FF90180839183CE0185599F4FFC0190
:10C97000808191819C01CE018D559F4FFC0180816A
:10C98000918143E650E0B9010E945DA016C2CE013C
:10C990008F559F4FFC018081813009F03BC0CE0153
:10C9A0008E559F4FFC018081882F90E0880F991F42
:10C9B0009C012E55334FCE018B599F4FFC01208394
:10C9C0003183CE018B599F4FFC0180819181FC0105
:10C9D00045915491CF019E0129593F4FF901408360
:10C9E00051839E012B593F4FF90180839183CE01E2
:10C9F00089599F4FFC01808191819C01CE018D5509
:10CA00009F4FFC018081918143E650E0B9010E9473
:10CA10005DA0D3C1CE018F559F4FFC018081823034
:10CA200009F03BC0CE018E559F4FFC018081882FBD
:10CA300090E0880F991F9C01245B324FCE018F59E3
:10CA40009F4FFC0120833183CE018F599F4FFC0102
:10CA500080819181FC0145915491CF019E012D5916
:10CA60003F4FF901408351839E012F593F4FF901F8
:10CA700080839183CE018D599F4FFC0180819181EC
:10CA80009C01CE018D559F4FFC018081918143E631
:10CA900050E0B9010E945DA090C1CE018F559F4F1B
:10CAA000FC018081843009F03BC0CE018E559F4F40
:10CAB000FC018081882F90E0880F991F9C01225CE7
:10CAC0003E4ECE01835A9F4FFC0120833183CE011D
:10CAD000835A9F4FFC0180819181FC0145915491C3
:10CAE000CF019E01215A3F4FF901408351839E019E
:10CAF000235A3F4FF90180839183CE01815A9F4F82
:10CB0000FC01808191819C01CE018D559F4FFC01DC
:10CB10008081918143E650E0B9010E945DA04DC142
:10CB2000CE018F559F4FFC018081853009F03BC0BD
:10CB3000CE018E559F4FFC018081882F90E0880F99
:10CB4000991F9C01215B3D4ECE01875A9F4FFC01EE
:10CB500020833183CE01875A9F4FFC0180819181D0
:10CB6000FC0145915491CF019E01255A3F4FF90197
:10CB7000408351839E01275A3F4FF901808391835F
:10CB8000CE01855A9F4FFC01808191819C01CE018D
:10CB90008D559F4FFC018081918143E650E0B901A2
:10CBA0000E945DA00AC1CE018F559F4FFC0180817C
:10CBB000863009F03BC0CE018E559F4FFC0180812D
:10CBC000882F90E0880F991F9C0126583D4ECE017A
:10CBD0008B5A9F4FFC0120833183CE018B5A9F4F8C
:10CBE000FC0180819181FC0145915491CF019E010E
:10CBF000295A3F4FF901408351839E012B5A3F4FE1
:10CC0000F90180839183CE01895A9F4FFC01808175
:10CC100091819C01CE018D559F4FFC0180819181B6
:10CC200043E650E0B9010E945DA0C7C0CE018F5518
:10CC30009F4FFC018081883009F03BC0CE018E55AA
:10CC40009F4FFC018081882F90E0880F991F9C01E5
:10CC500027563D4ECE018F5A9F4FFC0120833183D2
:10CC6000CE018F5A9F4FFC0180819181FC0145913B
:10CC70005491CF019E012D5A3F4FF90140835183BA
:10CC80009E012F5A3F4FF90180839183CE018D5A27
:10CC90009F4FFC01808191819C01CE018D559F4F5A
:10CCA000FC018081918143E650E0B9010E945DA0C2
:10CCB00084C0CE018F559F4FFC018081873009F0E1
:10CCC0003BC0CE018E559F4FFC018081882F90E0A4
:10CCD000880F991F9C012F543D4ECE01835B9F4FBF
:10CCE000FC0120833183CE01835B9F4FFC01808157
:10CCF0009181FC0145915491CF019E01215B3F4FF1
:10CD0000F901408351839E01235B3F4FF9018083EA
:10CD10009183CE01815B9F4FFC01808191819C01B9
:10CD2000CE018D559F4FFC018081918143E650E0FB
:10CD3000B9010E945DA041C0CE018F559F4FFC01FB
:10CD400080818930D1F5CE018E559F4FFC018081C5
:10CD5000882F90E0880F991F9C0124523D4ECE01F0
:10CD6000875B9F4FFC0120833183CE01875B9F4F00
:10CD7000FC0180819181FC0145915491CF019E017C
:10CD8000255B3F4FF901408351839E01275B3F4F55
:10CD9000F90180839183CE01855B9F4FFC018081E7
:10CDA00091819C01CE018D559F4FFC018081918125
:10CDB00043E650E0B9010E945DA0CE018B559F4F24
:10CDC000FC018081823009F065C3CE018F559F4FF1
:10CDD000FC018081882309F03BC0CE018E559F4F16
:10CDE000FC018081882F90E0880F991F9C012455B9
:10CDF0003A4DCE0183569F4FFC0120833183CE01F3
:10CE000083569F4FFC0180819181FC014591549193
:10CE1000CF019E0121563F4FF901408351839E016E
:10CE200023563F4FF90180839183CE0181569F4F56
:10CE3000FC01808191819C01CE018D559F4FFC01A9
:10CE40008081918143E650E0B9010E945DA022C338
:10CE5000CE018F559F4FFC018081813009F03BC08E
:10CE6000CE018E559F4FFC018081882F90E0880F66
:10CE7000991F9C012E543A4DCE0187569F4FFC01BD
:10CE800020833183CE0187569F4FFC0180819181A1
:10CE9000FC0145915491CF019E0125563F4FF90168
:10CEA000408351839E0127563F4FF9018083918330
:10CEB000CE0185569F4FFC01808191819C01CE015E
:10CEC0008D559F4FFC018081918143E650E0B9016F
:10CED0000E945DA0DFC2CE018F559F4FFC01808173
:10CEE000823009F03BC0CE018E559F4FFC018081FE
:10CEF000882F90E0880F991F9C0128503A4DCE0151
:10CF00008B569F4FFC0120833183CE018B569F4F60
:10CF1000FC0180819181FC0145915491CF019E01DA
:10CF200029563F4FF901408351839E012B563F4FB5
:10CF3000F90180839183CE0189569F4FFC01808146
:10CF400091819C01CE018D559F4FFC018081918183
:10CF500043E650E0B9010E945DA09CC2CE018F550E
:10CF60009F4FFC018081833009F03BC0CE018E557C
:10CF70009F4FFC018081882F90E0880F991F9C01B2
:10CF800022503A4DCE018F569F4FFC0120833183B2
:10CF9000CE018F569F4FFC0180819181FC0145910C
:10CFA0005491CF019E012D563F4FF901408351838B
:10CFB0009E012F563F4FF90180839183CE018D56FC
:10CFC0009F4FFC01808191819C01CE018D559F4F27
:10CFD000FC018081918143E650E0B9010E945DA08F
:10CFE00059C2CE018F559F4FFC018081843009F0DA
:10CFF0003BC0CE018E559F4FFC018081882F90E071
:10D00000880F991F9C012856394DCE0183579F4F99
:10D01000FC0120833183CE0183579F4FFC01808127
:10D020009181FC0145915491CF019E0121573F4FC1
:10D03000F901408351839E0123573F4FF9018083BB
:10D040009183CE0181579F4FFC01808191819C018A
:10D05000CE018D559F4FFC018081918143E650E0C8
:10D06000B9010E945DA016C2CE018F559F4FFC01F1
:10D070008081853009F03BC0CE018E559F4FFC0169
:10D080008081882F90E0880F991F9C01255F374D84
:10D09000CE0187579F4FFC0120833183CE018757F4
:10D0A0009F4FFC0180819181FC0145915491CF01FA
:10D0B0009E0125573F4FF901408351839E01275719
:10D0C0003F4FF90180839183CE0185579F4FFC012B
:10D0D000808191819C01CE018D559F4FFC01808103
:10D0E000918143E650E0B9010E945DA0D3C1CE0119
:10D0F0008F559F4FFC018081863009F03BC0CE01E7
:10D100008E559F4FFC018081882F90E0880F991FDA
:10D110009C01205C374DCE018B579F4FFC01208333
:10D120003183CE018B579F4FFC0180819181FC019F
:10D1300045915491CF019E0129573F4FF9014083FA
:10D1400051839E012B573F4FF90180839183CE017C
:10D1500089579F4FFC01808191819C01CE018D55A3
:10D160009F4FFC018081918143E650E0B9010E940C
:10D170005DA090C1CE018F559F4FFC01808187300B
:10D1800009F03BC0CE018E559F4FFC018081882F56
:10D1900090E0880F991F9C01245D354DCE018F577B
:10D1A0009F4FFC0120833183CE018F579F4FFC019D
:10D1B00080819181FC0145915491CF019E012D57B1
:10D1C0003F4FF901408351839E012F573F4FF90193
:10D1D00080839183CE018D579F4FFC018081918187
:10D1E0009C01CE018D559F4FFC018081918143E6CA
:10D1F00050E0B9010E945DA04DC1CE018F559F4FF7
:10D20000FC018081883009F03BC0CE018E559F4FD4
:10D21000FC018081882F90E0880F991F9C01205C81
:10D22000344DCE0183589F4FFC0120833183CE01C2
:10D2300083589F4FFC0180819181FC01459154915D
:10D24000CF019E0121583F4FF901408351839E0138
:10D2500023583F4FF90180839183CE0181589F4F1E
:10D26000FC01808191819C01CE018D559F4FFC0175
:10D270008081918143E650E0B9010E945DA00AC11E
:10D28000CE018F559F4FFC018081893009F03BC052
:10D29000CE018E559F4FFC018081882F90E0880F32
:10D2A000991F9C01245A344DCE0187589F4FFC0191
:10D2B00020833183CE0187589F4FFC01808191816B
:10D2C000FC0145915491CF019E0125583F4FF90132
:10D2D000408351839E0127583F4FF90180839183FA
:10D2E000CE0185589F4FFC01808191819C01CE0128
:10D2F0008D559F4FFC018081918143E650E0B9013B
:10D300000E945DA0C7C0CE018F559F4FFC01808158
:10D310008A3009F03BC0CE018E559F4FFC018081C1
:10D32000882F90E0880F991F9C012157344DCE0122
:10D330008B589F4FFC0120833183CE018B589F4F28
:10D34000FC0180819181FC0145915491CF019E01A6
:10D3500029583F4FF901408351839E012B583F4F7D
:10D36000F90180839183CE0189589F4FFC01808110
:10D3700091819C01CE018D559F4FFC01808191814F
:10D3800043E650E0B9010E945DA084C0CE018F55F4
:10D390009F4FFC0180818B3009F03BC0CE018E5540
:10D3A0009F4FFC018081882F90E0880F991F9C017E
:10D3B0002958344DCE018F589F4FFC012083318373
:10D3C000CE018F589F4FFC0180819181FC014591D6
:10D3D0005491CF019E012D583F4FF9014083518355
:10D3E0009E012F583F4FF90180839183CE018D58C4
:10D3F0009F4FFC01808191819C01CE018D559F4FF3
:10D40000FC018081918143E650E0B9010E945DA05A
:10D4100041C0CE018F559F4FFC0180818C30D1F5EA
:10D42000CE018E559F4FFC018081882F90E0880FA0
:10D43000991F9C012654344DCE0183599F4FFC0106
:10D4400020833183CE0183599F4FFC0180819181DC
:10D45000FC0145915491CF019E0121593F4FF901A3
:10D46000408351839E0123593F4FF901808391836B
:10D47000CE0181599F4FFC01808191819C01CE0199
:10D480008D559F4FFC018081918143E650E0B901A9
:10D490000E945DA00000CB55DF4FCDBFDEBFDF9106
:10D4A000CF910895CF93DF93CDB7DEB7CB56D10997
:10D4B000CDBFDEBFFE01E959FF4F80839183CE01CE
:10D4C00087599F4FFC016083CE0186599F4FFC0115
:10D4D0004083CE0185599F4FFC0120838EE39BE260
:10D4E0000E948DA08AE090E00E9487A088E69BE2DF
:10D4F0000E948DA08AE090E00E9487A01B821C827F
:10D5000022E6CE010596FC01322F11923A95E9F7F9
:10D51000198242C18981282F30E0C901880F991FE3
:10D52000820F931F880F991F9C01CE0189599F4F2D
:10D53000FC0180819181820F931FFC018081918188
:10D54000292F2F938F9382E79BE2892F8F9382E776
:10D550009BE28F930E9475A00F900F900F900F90F9
:10D56000CE0186599F4FFC018081813029F5898148
:10D57000282F30E0C901880F991F820F931F880F51
:10D58000991F9C01CE0189599F4FFC018081918197
:10D59000820F931FFC015581CE0185599F4F9E013B
:10D5A0002D5F3F4FFC014081B901852F0E946360D0
:10D5B000CE0103960E948DA08981282F30E0C901F9
:10D5C000880F991F820F931F880F991F9C01CE010E
:10D5D00089599F4FFC0180819181820F931FFC012B
:10D5E0008481882329F48AE090E00E9487A0D1C03A
:10D5F0001A82B6C0CE0186599F4FFC0180818130CE
:10D6000021F489E090E00E9487A08981282F30E0F2
:10D61000C901880F991F820F931F880F991F9C01C2
:10D62000CE0189599F4FFC0180819181820F931F08
:10D63000FC01228133818A81482F50E061E1649F9F
:10D64000C001659F900D1124820F931FFC01628120
:10D6500073818981282F30E0C901880F991F820FBB
:10D66000931F880F991F9C01CE0189599F4FFC0180
:10D6700080819181820F931FFC01228133818A81F5
:10D68000482F50E0E1E1E49FC001E59F900D112497
:10D69000820F931FFC018481882F90E0272F2F9306
:10D6A000262F2F93292F2F938F9388E79BE2892F83
:10D6B0008F9388E79BE28F930E9475A00F900F9045
:10D6C0000F900F900F900F90CE0186599F4FFC0145
:10D6D0008081813009F041C08981282F30E0C90163
:10D6E000880F991F820F931F880F991F9C01CE01ED
:10D6F00089599F4FFC0180819181820F931FFC010A
:10D70000228133818A81482F50E061E1649FC0010A
:10D71000659F900D1124820F931FFC013581CE016E
:10D7200085599F4FAE014D5F5F4FFC012081632FF4
:10D7300089810E94F560CE010396292F2F938F9344
:10D7400081E89BE2892F8F9381E89BE28F930E946F
:10D7500075A00F900F900F900F908A818F5F8A8332
:10D760008981282F30E0C901880F991F820F931FEC
:10D77000880F991F9C01CE0189599F4FFC01808120
:10D780009181820F931FFC0184819A81981708F47C
:10D7900031CF89818F5F8983CE0187599F4F29813E
:10D7A000FC018081281708F4B5CE8AE090E00E9441
:10D7B00087A080E0C559DF4FCDBFDEBFDF91CF919D
:10D7C0000895462F572FBC01415051096109710935
:10D7D0004115510561057105B9F70895E1EAF4E2D3
:10D7E00090E0A481B5812C91821739F09F5F3E961D
:10D7F0009530B9F780E090E008952EE0929FC00147
:10D8000011248F559B4D089580E0089580E0089580
:10D810008091D625811181E08093862480E008954F
:10D8200080E0089580E0089580E0089580E0089504
:10D8300080E0089580E0089580E0089580917C2341
:10D84000811181E08093862480E00895E0E0F6E095
:10D8500084E0868398E0968380E18583E0E2F6E0C9
:10D860009683868380E2858380E4868380E00895C2
:10D87000E0E0F6E084E0868398E0958380E18583AC
:10D88000E0E2F6E09683868380E2858380E4868307
:10D8900080E00895E0E0F6E084E0858398E09683F8
:10D8A00080E18583E0E2F6E09683868380E28583EB
:10D8B00080E4868380E0089584E08093060698E003
:10D8C0009093060680E180930606409106225091CF
:10D8D00007226091082270910922411551056105C6
:10D8E000710541F4909326068093260680E280938A
:10D8F00025061DC0413051056105710561F4909305
:10D9000026068093250680E28093250680E4809396
:10D91000250680E00895423051056105710559F4EE
:10D92000909326068093250680E28093260680E465
:10D9300080932606EECF433051056105710529F429
:10D940009093250680932606DECF4430510561056D
:10D95000710529F49093250680932606E5CF45307E
:10D9600051056105710509F0BDCF9093250680939F
:10D97000250680E280932606C9CF80E0089580E0E6
:10D98000089580E0089580E0089580E0089580E0A3
:10D99000089580E0089580E0089580E008958091E2
:10D9A0007D2090917E202091574030915840821BDD
:10D9B000930B0196809357409093584080E00895D0
:10D9C000109257401092584080E008951F93CF93D3
:10D9D000DF9340915F4050916040A0915D40B091D5
:10D9E0005E401C9213E011961C93119714961C93A1
:10D9F00014971296ED91FC91139788E38083129609
:10DA0000ED91FC91139711821296ED91FC91139771
:10DA100081E08283EA011C82809171409091724082
:10DA2000EC01E881F981BD01199540915F40509169
:10DA30006040A0915D40B0915E401C9211961C9395
:10DA4000119714961C9314971296ED91FC911397CD
:10DA500080E380831296ED91FC91139711821296C8
:10DA6000ED91FC9113971282FA011482809171401A
:10DA700090917240EC01E881F981BD0119954091C6
:10DA80005F4050916040A0915D40B0915E401C921B
:10DA900011961C93119714961C9314971296ED915E
:10DAA000FC91139780E280831296ED91FC9113977D
:10DAB00011821296ED91FC9113978FE38283FA0104
:10DAC00014828091714090917240EC01E881F9815B
:10DAD000BD01199540915F4050916040A0915D401B
:10DAE000B0915E401C9211961C93119714961C9352
:10DAF00014971296ED91FC91139787E0808312960C
:10DB0000ED91FC91139711821296ED91FC91139770
:10DB10001282FA0114828091714090917240EC015E
:10DB2000E881F981BD01199540915F4050916040B5
:10DB3000A0915D40B0915E401C9211961C9311978C
:10DB400014961C9314971296ED91FC9113978FE005
:10DB500080831296ED91FC91139711821296ED91AC
:10DB6000FC9113971282FA01148280917140909176
:10DB70007240EC01E881F981BD01199580E0DF91E7
:10DB8000CF911F9108951F93CF93DF939C014091F4
:10DB90005F4050916040A0915D40B0915E401C920A
:10DBA00013E011961C93119714961C9314971296D8
:10DBB000ED91FC91139787E080831296ED91FC9193
:10DBC0001397C90134E0969587953A95E1F78183DB
:10DBD0001296ED91FC9113972295207F2283EA0102
:10DBE0001C828091714090917240EC01E881F98132
:10DBF000BD01199540915F4050916040A0915D40FA
:10DC0000B0915E401C9211961C93119714961C9330
:10DC100014971296ED91FC9113978FE080831296E2
:10DC2000ED91FC91139711821296ED91FC9113974F
:10DC30001282FA0114828091714090917240EC013D
:10DC4000E881F981BD01199580E0DF91CF911F91A5
:10DC500008950F931F93CF93DF938B01A0916140A1
:10DC6000B09162401C9291E011969C93119712968C
:10DC7000ED91FC911397808314969C931497409197
:10DC800063405091644080E1EA0189839C838091E4
:10DC9000204090912140EC01E881F981BD01199566
:10DCA000E0916340F09164400280F381E02D808137
:10DCB000F801808380E0DF91CF911F910F9108954B
:10DCC00086E89BE20E948DA080E008958AE99BE2AD
:10DCD0000E948DA080914E25811181E08093862441
:10DCE00080E008958AE99BE20E948DA080E008957B
:10DCF0008AE99BE20E948DA080E008958AE99BE278
:10DD00000E948DA080E008958AE99BE20E948DA088
:10DD100080E008951F9380914824909149240E94A7
:10DD2000C36D182F8823C1F080914B248F9380916D
:10DD30004A248F93809149248F93809148248F9314
:10DD40008BEA9BE29F938F930E9475A00F900F9098
:10DD50000F900F900F900F90812F1F910895AF9209
:10DD6000BF92CF92DF92EF92FF920F931F930BE738
:10DD700014E2F80183818F9382818F9381818F9345
:10DD800080818F9384ED9BE29F938F930E9475A077
:10DD9000F801608171818281938120E038E448EE4E
:10DDA00051E00E94FF9D29513C4F4F4F5F4F6F4FF5
:10DDB0007F4F8F4F9F4FE0E8AE2EF5E2BF2EC12C74
:10DDC000D12CE12CF12C00E010E00E945D9EB90105
:10DDD000CA010E94E16B0F900F900F900F900F906F
:10DDE0000F9080E01F910F91FF90EF90DF90CF9008
:10DDF000BF90AF900895CF92DF92EF92FF921F9362
:10DE0000CF93DF938091192790911A27A0911B2718
:10DE1000B0911C27892B8A2B8B2B49F480E0DF9152
:10DE2000CF911F91FF90EF90DF90CF900895409198
:10DE30005F4050916040A0915D40B0915E401C9267
:10DE400013E011961C93119714961C931497129635
:10DE5000ED91FC91139780E280831296ED91FC91F5
:10DE6000139711821296ED91FC91139788E08283AB
:10DE7000EA011C828091714090917240EC01E8812E
:10DE8000F981BD011995C0901927D0901A27E0900B
:10DE90001B27F0901C27C114D0E1DD06E104F1043A
:10DEA00050F083EE9BE29F938F930E9475A00F909A
:10DEB0000F9081E0B4CF40915F4050916040A091BD
:10DEC0005D40B0915E401C9211961C931197149680
:10DED0001C9314971296ED91FC9113971083129650
:10DEE000ED91FC911397C60124E0969587952A95AC
:10DEF000E1F781831296ED91FC911397C29430EF74
:10DF0000C322C282FA0114828091714090917240C2
:10DF1000EC01E881F981BD01199540915F40509174
:10DF20006040A0915D40B0915E401C9211961C93A0
:10DF3000119714961C9314971296ED91FC911397D8
:10DF40008BE080831296ED91FC91139711821296CB
:10DF5000ED91FC9113971282FA0114828091714025
:10DF600090917240EC01E881F981BD01199556CF7D
:10DF7000E1E9F3E281A18F9380A18F93878D8F9345
:10DF8000868D8F938AE09CE29F938F930E9475A069
:10DF90000F900F900F900F900F900F9080E00895CA
:10DFA000EF92FF920F931F9300917E210B3070F040
:10DFB00088E19CE29F938F930E9475A00F900F9031
:10DFC00080E01F910F91FF90EF90089580E1809382
:10DFD000A60610E0000F111FF12C90E1E92E8F2D05
:10DFE00090E08017910724F080E18093A606E8CFA7
:10DFF00065E176E185E090E00E94E16BE092A706A2
:10E00000F394EDCFCF93DF9300D00F92CDB7DEB76F
:10E0100020918548309186482115310511F42DE86D
:10E0200038E4CE010196821B930B1F921F929F939F
:10E030008F9380E29CE29F938F930E9475A00F9034
:10E040000F900F900F900F900F9080E02496CDBF0F
:10E05000DEBFDF91CF9108958091F9201F928F93B9
:10E0600085E39CE29F938F930E9475A08091F82096
:10E070001F928F938FE49CE29F938F930E9475A0D1
:10E080008091B1219091B221A091B321B091B4219E
:10E090002DB73EB7285F3F4F2DBF3EBF8130910562
:10E0A000A105B10501F581E08093F9208093F82066
:10E0B0008091F9201F928F9389E69CE29F938F9322
:10E0C0000E9475A08091F8201F928F938FE79CE2A9
:10E0D0009F938F930E9475A08DB79EB708968DBFB2
:10E0E0009EBF80E0089582309105A105B10511F42D
:10E0F00083E0DACF0397A105B105D1F684E0D4CF50
:10E10000809158408F93809157408F9389EB98E38B
:10E110009F938F930E9475A0809157409091584093
:10E12000019680935740909358400F900F900F9016
:10E130000F9080E00895809193001F928F9381E764
:10E140009EE29F938F930E9475A00F900F900F9067
:10E150000F9080E00895EF92FF920F931F93E0E9F4
:10E16000F0E08081E180F2801F928F9305E91CE24C
:10E170001F930F930E9475A01F92EF921F930F930E
:10E180000E9475A01F92FF921F930F930E9475A08B
:10E190008AE090E00E9487A08DB79EB70C968DBF55
:10E1A0009EBF80E01F910F91FF90EF9008950E9415
:10E1B000AB7080E0089580919F209091A020A09165
:10E1C000A120B091A2208B309105A105B105B9F035
:10E1D00085319105A105B105B9F08C309105A105F6
:10E1E000B10559F04697A105B10571F08CEA9CE2A2
:10E1F0000E948DA081E00E94179782E001C081E01B
:10E200000E94179780E0089581E69CE29F938F9388
:10E210008AE99CE29F938F930E9475A00F900F90C4
:10E220000F900F9081E008958091A80680FF06C0AE
:10E2300089EC9CE20E948DA080E0089562E089E66E
:10E2400090E40E9493988091184090911940880F13
:10E25000892F881F990B91958770992721E030E0CD
:10E26000A90102C0440F551F8A95E2F7CA019F9386
:10E270004F9382ED9CE29F938F930E9475A00F9025
:10E280000F900F900F90D8CF60914B2870914C2831
:10E290006770772780912A2790912B27A0912C27B0
:10E2A000B0912D2781309105A105B105D9F489E6FA
:10E2B00090E40E9493988091184090911940880FA3
:10E2C000892F881F990B91959F938F9389EE9CE2DC
:10E2D0009F938F930E9475A00F900F900F900F90B7
:10E2E00080E008950297A105B10519F48DE690E448
:10E2F000E0CF82EF9CE20E948DA081E00895CF9252
:10E30000DF92EF92FF920F931F9380915B2080FF2B
:10E3100042C084E19DE29F938F930E9475A00F906D
:10E320000F9000E010E068E2C62E6DE2D62E79EE86
:10E33000E72E7CE2F72EC80183709927892B51F4D0
:10E340001F930F93DF92CF920E9475A00F900F90B2
:10E350000F900F90602F89E690E40E94939880912F
:10E36000184090911940880F892F881F990B91951B
:10E370009F938F93FF92EF920E9475A00F5F1F4FA4
:10E380000F900F900F900F9008301105A1F68AE0C2
:10E3900090E00E9487A080915B2090915C20A091EA
:10E3A0005D20B0915E2083709927AA27BB27039731
:10E3B000A105B10521F48AE090E00E9487A0809138
:10E3C0005B2081FF42C081E39DE29F938F930E9477
:10E3D00075A00F900F9000E010E038E2C32E3DE2F0
:10E3E000D32E49EEE42E4CE2F42EC8018370992717
:10E3F000892B51F41F930F93DF92CF920E9475A047
:10E400000F900F900F900F90602F8DE690E40E9478
:10E4100093988091184090911940880F892F881FF8
:10E42000990B91959F938F93FF92EF920E9475A005
:10E430000F5F1F4F0F900F900F900F900830110536
:10E44000A1F68AE090E00E9487A080E01F910F91E2
:10E45000FF90EF90DF90CF90089580912A279091C0
:10E460002B27A0912C27B0912D2781309105A10554
:10E47000B10531F489E690E40E94739880E0089534
:10E480000297A105B10519F48DE690E4F5CF82EF6E
:10E490009CE20E948DA081E008958091B02090912F
:10E4A000B120A091B220B091B320AC01BD014B507E
:10E4B000510961097109423051056105710558F42E
:10E4C0000C97A105B10529F081E00E94279880E012
:10E4D000089582E0FACF83E0F8CF0E94939880916C
:10E4E000184090911940089580912A2790912B27E8
:10E4F000A0912C27B0912D2781309105A105B10560
:10E50000C1F462E089E690E40E946D72880F892F61
:10E51000881F990B91959F938F9382EA94E39F9321
:10E520008F930E9475A00F900F900F900F9080E036
:10E5300008950297A105B10521F462E08DE690E40B
:10E54000E3CF82EF9CE20E948DA081E0089580914C
:10E550002A2790912B27A0912C27B0912D2781302D
:10E560009105A105B105C1F466E089E690E40E9439
:10E570006D72892F869590E0817099279F938F9374
:10E5800082EA94E39F938F930E9475A00F900F905F
:10E590000F900F9080E008950297A105B10521F436
:10E5A00066E08DE690E4E3CF82EF9CE20E948DA0CE
:10E5B00081E0089580912A2790912B27A0912C2704
:10E5C000B0912D2781309105A105B105C1F467E017
:10E5D00089E690E40E946D72880F892F881F990B3D
:10E5E00091959F938F9382EA94E39F938F930E94D8
:10E5F00075A00F900F900F900F9080E008950297F4
:10E60000A105B10521F467E08DE690E4E3CF82EF48
:10E610009CE20E948DA081E0089580912A2790912C
:10E620002B27A0912C27B0912D2781309105A10592
:10E63000B105C9F464E089E690E40E946D72892F07
:10E640008695869590E0817099279F938F938CEFA4
:10E650009EE29F938F930E9475A00F900F900F9052
:10E660000F9080E008950297A105B10521F464E0C0
:10E670008DE690E4E2CF82EF9CE20E948DA081E0E3
:10E6800008950F931F938C0164E00E946D729F9315
:10E690008F9385E49DE29F938F930E9475A064E021
:10E6A000C8010E946D72892F90E0817099279F9315
:10E6B0008F9382EA94E39F938F930E9475A08DB706
:10E6C0009EB708968DBF9EBF80E01F910F91089561
:10E6D0001F9380912A2790912B27A0912C27B091EE
:10E6E0002D2781309105A105B105B1F489E690E4AB
:10E6F0000E944173182F8823D9F081E69CE29F93F2
:10E700008F9382E59DE29F938F930E9475A00F9057
:10E710000F900F900F900CC00297A105B10519F44E
:10E720008DE690E4E5CF82EF9CE20E948DA011E09F
:10E73000812F1F9108958F929F92AF92BF92CF9297
:10E74000DF92EF92FF920F931F93CF93DF93FC0121
:10E75000C80102811381A0911C40B0911D40129606
:10E76000CD90DC901397E0901A40F0901B4002C0CF
:10E77000440F551F2A95E2F748235923E7011882D1
:10E7800022E029832C83AA80BB809C0136952795A3
:10E790002095E601988129234A0196948794282997
:10E7A000E5012883E7012A813B81879588278795A2
:10E7B0008095E60199818923479544274795842BC5
:10E7C000E9018983E7012A813B81E9018981807818
:10E7D000D8E06D9FB00111246877862BE8019881FD
:10E7E0009770892BE901898314961C92808191810D
:10E7F00040911C4050911D4060911A4070911B4007
:10E80000DC01ED91FC91DF91CF911F910F91FF9071
:10E81000EF90DF90CF90BF90AF909F908F90199422
:10E82000EF92FF920F931F9380912A2790912B27AD
:10E83000A0912C27B0912D2781309105A105B1051C
:10E84000E1F4E0903B27F0903C2786E0E816F104E5
:10E8500098F562E089E690E40E94939803E010E066
:10E8600020E0A70162E089E690E40E949B7380E0CB
:10E870001F910F91FF90EF9008950297A105B105A8
:10E88000A9F4E0903B27F0903C2786E0E816F104DD
:10E8900098F462E08DE690E40E94939803E010E023
:10E8A00020E0A70162E08DE690E4DFCF82EF9CE2FA
:10E8B0000E948DA081E0DCCF81E69CE29F938F9344
:10E8C0008FE59DE29F938F930E9475A00F900F900C
:10E8D0000F900F9083E0CCCF0F931F9380912A2746
:10E8E00090912B27A0912C27B0912D278130910555
:10E8F000A105B10589F440913A2850913B280FEFCA
:10E900001FEF20E06091292889E690E40E949B7324
:10E9100080E01F910F9108950297A105B10561F460
:10E9200040913A2850913B280FEF1FEF20E0609173
:10E9300029288DE690E4EACF82EF9CE20E948DA028
:10E9400081E0E7CF0F931F93F82FE92F9B01CB01B5
:10E9500001978032910598F428233923232B79F4E9
:10E960000E94829DAC010FEF1FEF20E062E08F2F2D
:10E970009E2F0E949B7380E01F910F91089583E06A
:10E98000FBCF1F9380912A2790912B27A0912C27B2
:10E99000B0912D2781309105A105B10501F5609158
:10E9A000E5277091E62789E690E40E94A274182F6B
:10E9B000882329F18EE69DE29F938F9381E69CE266
:10E9C0009F938F938FE79DE29F938F930E9475A0F3
:10E9D0000F900F900F900F900F900F9010C0029714
:10E9E000A105B10539F46091E5277091E6278DE620
:10E9F00090E4DBCF82EF9CE20E948DA011E0812F9A
:10EA00001F910895EF92FF920F931F937C018B014A
:10EA10006230710590F01F936F9385E89DE29F939C
:10EA20008F930E9475A00F900F900F900F9083E02E
:10EA30001F910F91FF90EF90089564E00E946D7216
:10EA4000880F892F881F990B9195AC01477F5170D2
:10EA5000012B09F048600FEF1FEF20E064E0C701D1
:10EA60000E949B7380E0E4CF1F9380912A279091AE
:10EA70002B27A0912C27B0912D2781309105A1053E
:10EA8000B10501F5609107287091082889E690E4A6
:10EA90000E940275182F882329F18EEA9DE29F9328
:10EAA0008F9381E69CE29F938F938FE79DE29F93E4
:10EAB0008F930E9475A00F900F900F900F900F9062
:10EAC0000F9010C00297A105B10539F46091072895
:10EAD000709108288DE690E4DBCF82EF9CE20E94E3
:10EAE0008DA011E0812F1F910895CF92DF92EF92B8
:10EAF000FF920F931F937C016B016E33710560F0E1
:10EB00008FEB9DE20E948DA083E01F910F91FF90FB
:10EB1000EF90DF90CF90089564E08DE3C816D104A4
:10EB200071F4C7010E94939800E110E024E040E0F6
:10EB300050E064E0C7010E949B7380E0E6CFC7010C
:10EB40000E94939800E110E024E041E050E064E08E
:10EB5000C7010E949B7367E0C7010E9493980FE36F
:10EB600010E020E0A60167E0E5CF1F9380912A27FF
:10EB700090912B27A0912C27B0912D2781309105C2
:10EB8000A105B105D1F46091A1277091A22789E672
:10EB900090E40E947575182F8823F9F081E69CE2B5
:10EBA0009F938F9385EE9DE29F938F930E9475A014
:10EBB0000F900F900F900F9010C00297A105B10514
:10EBC00039F46091A1277091A2278DE690E4E1CFFE
:10EBD00082EF9CE20E948DA011E0812F1F91089589
:10EBE000EF92FF920F931F937C018B0162307105AE
:10EBF00050F084EF9DE20E948DA083E01F910F9161
:10EC0000FF90EF90089564E00E946D72482F012BF1
:10EC100059F0426050E00FEF1FEF20E064E0C701C1
:10EC20000E949B7380E0EACF4D7FF4CF1F938091C9
:10EC30002A2790912B27A0912C27B0912D27813046
:10EC40009105A105B105D1F46091C3277091C42746
:10EC500089E690E40E94F075182F8823F9F081E688
:10EC60009CE29F938F9382E59DE29F938F930E94F6
:10EC700075A00F900F900F900F9010C00297A105F4
:10EC8000B10539F46091C3277091C4278DE690E4F3
:10EC9000E1CF82EF9CE20E948DA011E0812F1F91B5
:10ECA0000895EF92FF920F931F937C010FEF1FEFD8
:10ECB00020E041E050E061E00E949B7320E040E2F0
:10ECC00050E064E0C7010E949B7320E040E150E007
:10ECD00060E0C7010E949B7380E01F910F91FF903D
:10ECE000EF900895EF92FF920F931F937C010FEF27
:10ECF0001FEF20E040E050E060E00E949B7320E0C6
:10ED00004FE050E061E0C7010E949B7320E041E0CA
:10ED100050E062E0C7010E949B7320E04AE350E0AC
:10ED200063E0C7010E949B7320E04BE050E064E089
:10ED3000C7010E949B7320E040E250E065E0C701FC
:10ED40000E949B7320E041E050E066E0C7010E9412
:10ED50009B7320E040E050E067E0C7010E949B7396
:10ED600080E01F910F91FF90EF900895EF92FF9236
:10ED70000F931F937C018B0166E00E946D72482FF8
:10ED8000012B79F44B7F50E00FEF1FEF20E066E09E
:10ED9000C7010E949B7380E01F910F91FF90EF903D
:10EDA00008954460F0CF1F9380912A2790912B27DC
:10EDB000A0912C27B0912D2781309105A105B10597
:10EDC00059F460917F277091802789E690E4623042
:10EDD000710578F013E012C00297A105B105E9F4BE
:10EDE00060917F27709180276230710598F78DE6DA
:10EDF00090E40E94B676182F8823A1F081E69CE269
:10EE00009F938F9384E19EE29F938F930E9475A0BE
:10EE10000F900F900F900F9005C082EF9CE20E9420
:10EE20008DA011E0812F1F910895CF92DF92EF9274
:10EE3000FF920F931F936C0166E00E946D727C013C
:10EE4000E894E0F8FF240FEF1FEF20E0A70166E051
:10EE5000C6010E949B73A701416020E066E0C601E5
:10EE60000E949B7380E01F910F91FF90EF90DF90C5
:10EE7000CF9008951F9380912A2790912B27A091DE
:10EE80002C27B0912D2781309105A105B105E1F422
:10EE900089E690E40E941577182F882309F185E20E
:10EEA0009EE29F938F9381E69CE29F938F938FE7DF
:10EEB0009DE29F938F930E9475A00F900F900F90EB
:10EEC0000F900F900F900CC00297A105B10519F497
:10EED0008DE690E4DFCF82EF9CE20E948DA011E0EE
:10EEE000812F1F910895AF92BF92DF92EF92FF9210
:10EEF0000F931F93D82EE92E66E00E946D72F82EB4
:10EF0000E894F1F8AF2CB12C0FEF1FEF20E0A50132
:10EF100066E08D2D9E2D0E949B734F2D426050E028
:10EF200020E066E08D2D9E2D0E949B7320E0A501C0
:10EF300066E08D2D9E2D0E949B7380E01F910F91A6
:10EF4000FF90EF90DF90BF90AF9008951F93809156
:10EF50006E2790916F27A0917027B0917127892B10
:10EF60008A2B8B2B41F08FE29EE20E948DA011E054
:10EF7000812F1F91089580912A2790912B27A0918E
:10EF80002C27B0912D2781309105A105B105B1F451
:10EF900089E690E40E947377182F882349F381E66D
:10EFA0009CE29F938F9382E59DE29F938F930E94B3
:10EFB00075A00F900F900F900F90DACF0297A105D8
:10EFC000B10519F48DE690E4E5CF82EF9CE2CDCF58
:10EFD0008DE49EE29F938F9382E59EE29F938F93B1
:10EFE0000E9475A00F900F900F900F9022E040911B
:10EFF00039206FE087EE94E20C94526AEF92FF9210
:10F000000F931F9300E010E085E6E82E8EE2F82EC5
:10F01000802F0E9435501F928F931F930F93FF9262
:10F02000EF920E9475A00F5F1F4F0F900F900F90EF
:10F030000F900F900F900630110551F780E01F914F
:10F040000F91FF90EF9008950E94FE7780E0089561
:10F05000CF92DF92EF92FF920F931F93CF93DF93A4
:10F06000CDB7DEB72B97CDBFDEBFCE0101960E9494
:10F07000164B8E010F5F1F4F6E018CE0C80ED11C26
:10F0800085E9E82E8CE2F82EF80181918F011F921C
:10F090008F93FF92EF920E9475A00F900F900F90A8
:10F0A0000F900C151D0581F78AE090E00E9487A063
:10F0B00080E02B96CDBFDEBFDF91CF911F910F91E6
:10F0C000FF90EF90DF90CF9008951F930E947D975F
:10F0D0008DE49EE29F938F9382E59EE29F938F93B0
:10F0E0000E9475A087E79EE29F938F938EE79EE232
:10F0F0009F938F930E9475A08AE89EE29F938F93BF
:10F100008FEA9EE29F938F930E9475A08DEB9EE203
:10F110009F938F9381ED9EE29F938F930E9475A0A2
:10F120001F9282E08F931F928CE08F938FED9EE26F
:10F130009F938F930E9475A08BEE9EE20E948DA0FC
:10F140001F928AE08F9387EF9EE29F938F930E9496
:10F1500075A080E09FE29F938F930E9475A00E940C
:10F160002878182F84E19FE29F938F930E9475A0C7
:10F170000E94AB70180F81E29FE29F938F930E94D1
:10F1800075A0809193002DB73EB7205E3F4F2DBFF5
:10F190003EBF1F928F9381E79EE29F938F930E94C1
:10F1A00075A080E39FE20E948DA00E94FE770F90E1
:10F1B0000F900F900F90810F1F9108950E94657816
:10F1C000882341F08BE39FE29F938F930E9475A069
:10F1D0000F900F9080E008950E94287880E00895B5
:10F1E000CF93DF930F920F92CDB7DEB7AE014F5F93
:10F1F0005F4F61E080E092E00E94D0428A818F936D
:10F2000089818F9383E49FE29F938F930E9475A0DF
:10F21000AE014F5F5F4F62E080E092E00E94D0421B
:10F220008A818F9389818F9381E59FE29F938F934A
:10F230000E9475A0CDBFDEBF80E00F900F90DF91E0
:10F24000CF910895682F8EE698E20E941D3280E0EB
:10F2500090E008951F920F920FB60F9211240BB6F3
:10F260000F922F933F934F935F936F937F938F935F
:10F270009F93AF93BF93EF93FF938EE698E20E9424
:10F280007A30FF91EF91BF91AF919F918F917F91D4
:10F290006F915F914F913F912F910F900BBE0F9007
:10F2A0000FBE0F901F9018951F920F920FB60F92DE
:10F2B00011240BB60F922F933F934F935F936F934D
:10F2C0007F938F939F93AF93BF93EF93FF9320E030
:10F2D00040E050E060E070E08EE698E20E94093085
:10F2E000FF91EF91BF91AF919F918F917F916F911E
:10F2F0005F914F913F912F910F900BBE0F900FBEDA
:10F300000F901F901895BF92CF92DF92EF92FF92CD
:10F310000F931F93CF93DF930F92CDB7DEB78C017E
:10F32000CE0101967C01BC0180E00E94296ED82E9E
:10F33000CE2CBF2C882381F0F801108294E0D92EC6
:10F340008D2D0F90DF91CF911F910F91FF90EF9036
:10F35000DF90CF90BF90089589818A3A69F781E064
:10F36000F8018083B7010E94296E8981F8018183A9
:10F37000B70182E00E94296E8981F8018283B7017A
:10F3800083E00E94296E8981F8018383B70185E0BB
:10F390000E94296E8981F8018483158280E1F82E0C
:10F3A0006C2D7B2D8F2D0E94296E898181508E3F7F
:10F3B00020F481E0F8018583C3CFF394F0E6FF12D7
:10F3C000EFCFBECFEF92FF920F931F93CF93DF93B8
:10F3D000CDB7DEB72A97CDBFDEBF0E947D97CE01A5
:10F3E00001960E9483798A87882399F08DE69FE2AF
:10F3F0009F938F930E9475A00F900F9080E02A96A4
:10F40000CDBFDEBFDF91CF911F910F91FF90EF90A5
:10F410000895EA81E1508FE59FE2E43038F4F0E0AE
:10F42000EE0FFF1FE154F74D808191819F938F93E1
:10F4300080E593E39F938F930E9475A0EB81E15049
:10F440000F900F900F900F908FE59FE2E83038F407
:10F45000F0E0EE0FFF1FE155F74D808191819F9302
:10F460008F9380E593E39F938F930E9475A08C8187
:10F470001F928F938EE99FE29F938F930E9475A0B6
:10F480002D81CDBFDEBF2F3F19F1AE01495F5F4F28
:10F490002B3108F451C0822F6AE10E944C9D9111DA
:10F4A00001C09AE1822F891B905C98876AE10E94D3
:10F4B0004C9D805C8F8319865F934F9386EA9FE211
:10F4C0009F938F930E9475A00F900F900F900F90B5
:10F4D00081EB9FE29F938F930E9475A00F900F90F6
:10F4E0008E81882369F100E110E08DEBE82E8FE238
:10F4F000F82EBE01665F7F4F802F0E94296E8A859D
:10F500009FEF980F9E3F70F41F928F931F930F935E
:10F51000FF92EF920E9475A00F900F900F900F90A6
:10F520000F900F900F5F1F4F0036110511F78AE003
:10F5300090E00E9487A062CF205C2F831886BCCF0A
:10F540008FEC9FE29F938F930E9475A00F900F9076
:10F55000EECFCF93DF93A0915B40B0915C40609180
:10F56000594070915A40EB01188291E099831C82B6
:10F570001C9292E111969C93119793E014969C93A0
:10F5800014971296ED91FC911397806880831296E0
:10F59000ED91FC91139711821296ED91FC911397C6
:10F5A00012828091734090917440EC01E881F9815E
:10F5B000AD011995E0915B40F0915C400280F381D0
:10F5C000E02D81819281982789279827DF91CF911B
:10F5D0000895CF93DF9340915B4050915C40A091A0
:10F5E0005940B0915A401C9293E011969C93119708
:10F5F00014969C9314971296ED91FC9113978F7724
:10F6000080831296ED91FC91139771831296ED9180
:10F61000FC9113976283EA011C8280917340909160
:10F620007440EC01E881F981BD01DF91CF9119941B
:10F63000CF92DF92EF92FF920F931F936BE078E0EF
:10F6400081E00E94E97A84ED9FE20E948DA0C12CA6
:10F65000D12C7601C39400E010E0980141E050E025
:10F6600060E070E08BE30E943097CC24CA94DC2CDD
:10F67000E12CF12C00E010E0980148EE53E060E04E
:10F6800070E08CE30E9430978EE60E94A97A8C018C
:10F69000812F8695877081112EC080EE9FE20E9497
:10F6A0008DA085E0169507958A95E1F70770011101
:10F6B00042C085E490E30E948DA08FE60E94A97A63
:10F6C00090E09F938F938DE690E39F938F930E949A
:10F6D00075A080E70E94A97A91709F938F9385E827
:10F6E00090E39F938F930E9475A08DB79EB7089665
:10F6F0008DBF9EBF13C0813019F48EEF9FE2CFCF34
:10F70000823019F485E190E3CACF833019F486E2A0
:10F7100090E3C5CF85E490E30E948DA063E078E09C
:10F7200081E00E94E97A80E01F910F91FF90EF90B5
:10F73000DF90CF9008951F920F938EE590E39F93F3
:10F740008F930E9475A00F900F900F900F90B5CFE0
:10F75000CF92DF92EF92FF920F931F936BE078E0CE
:10F7600081E00E94E97A8FE990E30E948DA000E099
:10F7700010E088E2C82E8DE2D82E9DEAE92E90E3B3
:10F78000F92EC80183709927892B51F41F930F9389
:10F79000DF92CF920E9475A00F900F900F900F9064
:10F7A000802F0E94A97A9F938F93FF92EF920E94DD
:10F7B00075A00F5F1F4F0F900F900F900F900137A4
:10F7C0001105F9F68AE090E00E9487A063E078E0F6
:10F7D00081E00E94E97A80E01F910F91FF90EF9005
:10F7E000DF90CF9008950F931F936BE078E081E056
:10F7F0000E94E97A09E312E2F8016081F0E16F9F6B
:10F80000B001112468608BE00E94E97AF8018381DD
:10F810008F9382818F9381818F9380818F9385EBEA
:10F8200090E39F938F930E9475A08BE00E94A97A2A
:10F830009F938F938EEC90E39F938F930E9475A07C
:10F8400063E078E081E00E94E97A8DB79EB70A967E
:10F850008DBF9EBF80E01F910F910895CF92DF92E0
:10F86000EF92FF926BE078E081E00E94E97AC0902D
:10F870004A22D0904B22E0904C22F0904D22B601CB
:10F8800084E20E94E97AB7016770772782E20E94DA
:10F89000E97A63E078E081E00E94E97A80E0FF9015
:10F8A000EF90DF90CF9008952F923F924F925F920A
:10F8B0006F927F928F929F92AF92BF92CF92DF9280
:10F8C000EF92FF920F931F93CF93DF93CDB7DEB7E5
:10F8D0006497CDBFDEBF6BE078E081E00E94E97AFB
:10F8E00080915E228F9380915D228F9380915C2224
:10F8F0008F9380915B228F9380EE90E39F938F9301
:10F900000E9475A080916F228F9380916E228F93B9
:10F9100080916D228F9380916C228F9387E095E385
:10F920009F938F930E9475A0809180228F938091E6
:10F930007F228F9380917E228F9380917D228F935F
:10F9400087E995E39F938F930E9475A08091912200
:10F950008F93809190228F9380918F228F938091AB
:10F960008E228F938DEE90E39F938F930E9475A0CC
:10F970008091A2228F938091A1228F938091A022C7
:10F980008F9380919F228F9389EF90E39F938F9322
:10F990000E9475A084E08093060698E09093060686
:10F9A00080E180930506909326068093250680E2E9
:10F9B0008093250680E48093250686E091E30E94EB
:10F9C0008DA02091F4223091F5224091F6225091A1
:10F9D000F7222D833E834F83588780910523909192
:10F9E0000623A0910723B091082389839A83AB83D0
:10F9F000BC8340905B2250905C2260905D227090AE
:10FA00005E22A0908E22B0908F2220916C223091A5
:10FA10006D2240916E2250916F22298B3A8B4B8B35
:10FA20005C8B80917D2290917E22A0917F22B0916B
:10FA300080228D879E87AF87B88B4C97A109B1092B
:10FA4000CDBFDEBF843E9F4FA740B10520F181E2CC
:10FA500091E39F938F930E9475A00F900F9063E0A6
:10FA600078E081E00E94E97A80E06496CDBFDEBF55
:10FA7000DF91CF911F910F91FF90EF90DF90CF908A
:10FA8000BF90AF909F908F907F906F905F904F90BE
:10FA90003F902F90089589899A89AB89BC890197F5
:10FAA000A109B1098F3F9105A105B10518F089E2BF
:10FAB00091E3CFCF81E391E341E0A41643E0B406A4
:10FAC00040F689E391E359E345165AE4550661048B
:10FAD000710408F0BECF69817A818B819C810E947C
:10FAE0002D9C962E872E382E292E20E030E040E0E7
:10FAF0005EE369877A878B879C8769857A858B85A2
:10FB00009C850E94959B87FD09C089819A81AB8164
:10FB1000BC8181399140A105B10518F084E491E3DD
:10FB200098CF3D818EE491E3303408F092CF49E9DB
:10FB300044164AE354066104710440F088E591E3F9
:10FB40009F938F930E9475A00F900F9080E00E946A
:10FB5000A97A9C01892B21F023703327232B29F0CC
:10FB600068E176E680E00E94E97AC12CD12C76012A
:10FB7000C39409E010E020E030E041E050E060E0B4
:10FB800070E080E00E9430970EE010E020E030E06E
:10FB900040E050E0BA0187E00E9430970EE010E0AC
:10FBA00020E030E041E050E060E070E080E00E9462
:10FBB000309759E945165AE3550661047104C8F0B7
:10FBC00000E010E0980141E050E060E070E08BE17F
:10FBD0000E943097F3E0CF2ED12CE12CF12C0BE0DA
:10FBE00010E020E030E042E050E060E070E08DE2C4
:10FBF0002DC08CE448168DE158066104710408F4A8
:10FC0000A1C0C12CD12C7601C39400E010E0980172
:10FC100040E050E0BA018BE10E943097E3E0CE2E45
:10FC2000D12CE12CF12C0BE010E020E030E041E0A1
:10FC300050E060E070E08DE20E94309700E010E05C
:10FC4000980141E050E060E070E08EE20E94309761
:10FC50008BE1C82ED12CE12CF12C03E010E020E048
:10FC600030E040E050E0BA018CE20E9430972D81F4
:10FC70003E814F8158853327442755272D833E8366
:10FC80004F8358879FE3C92ED12CE12CF12C08E03B
:10FC900010E020E030E04D815E816F8178858CE25C
:10FCA0000E94309700E010E098014D815E816F81E5
:10FCB00078858DE20E94309727E0C22ED12CE12C6E
:10FCC000F12C00E010E0980140E050E0BA018CE235
:10FCD0000E9430973FE3C32ED12CE12CF12C08E099
:10FCE00010E020E030E041E050E060E070E085E2CC
:10FCF0000E94309731E0A316B10409F49AC140E4A0
:10FD0000A416B10409F48FC108F05FC18CE0A816F5
:10FD1000B10409F48AC108F05AC0A6E0AA16B104D9
:10FD200009F485C108F04CC022E0A216B10409F420
:10FD300080C141E034E0A316B10409F45AC081E95E
:10FD400091E387CE9AE0491651046104710498F159
:10FD5000C12CD12C7601C39400E010E0980140E062
:10FD600050E0BA018BE10E94309763E0C62ED12C9F
:10FD7000E12CF12C0BE010E020E030E040E050E01E
:10FD8000BA018DE20E94309700E010E0980140E057
:10FD900050E0BA018EE20E94309743E0C42ED12C8D
:10FDA000E12CF12C0BE010E020E030E043E050E0EB
:10FDB00060E070E01CCF8FE791E30E948DA0EDCF53
:10FDC00048E0A416B10409F0BACF43E012C050E2F3
:10FDD000A516B10409F42FC108F0F0C090E1A916EE
:10FDE000B10409F42AC146E0A8E1AA16B10409F059
:10FDF000A6CF50E060E070E01FE1C12ED12CE12CD5
:10FE0000F12C06E010E020E030E08BE40E94309717
:10FE1000C12CD12C7601C3940EE010E020E030E03C
:10FE20004DE444164DE154066104710408F00FC11D
:10FE300041E050E060E070E08FE10E943097C12C1B
:10FE4000D12C7601CA9404E010E020E030E049892A
:10FE50005A896B897C898BE00E94309789819A81CD
:10FE6000AB81BC8185369105A105B10508F0F3C0D1
:10FE7000A3E0CA2ED12CE12CF12C07E010E020E009
:10FE800030E040E050E0BA0180E00E9430972981E4
:10FE90003A814B815C812A3031054105510508F4D6
:10FEA00014C173E0C72ED12CE12CF12C05E010E039
:10FEB00020E030E040E050E0BA0180E00E9430975E
:10FEC00039E943163AE3530661047104F0F0C12C9A
:10FED000D12C7601C39400E010E0980141E050E09D
:10FEE00060E070E08BE10E94309733E0C32ED12CAC
:10FEF000E12CF12C0BE010E020E030E042E050E09B
:10FF000060E070E08DE20E9430976D857E8584E22E
:10FF10000E94E97A2D853E854F855889BA01882748
:10FF2000992782E20E94E97A60E070E08BE20E9409
:10FF3000E97A60E070E08AE20E94E97AC12CD12C73
:10FF40007601C39403E010E020E030E041E050E0AF
:10FF500060E070E080E00E94309703E010E020E075
:10FF600030E040E050E0BA0180E00E94309703E0CA
:10FF700010E020E030E041E050E060E070E080E040
:10FF80000E9430970EE010E020E030E040E050E0CA
:10FF9000BA0180E00E9430970EE010E020E030E0EF
:10FFA00041E050E060E070E080E00E94309760E166
:10FFB00077E280E090E00E94E16B51CD48E0B0E351
:10FFC000AB16B10409F415CFBACEA11421E0B206E4
:10FFD000B1F1B8F440E8A416B10499F158F488E4FA
:10FFE000A816B10481F14BE090E6A916B10409F41A
:10FFF00000CFA5CE4DE0A0ECAA16B10409F4F9CECD
:020000021000EC
:100000009ECEA114B2E0BB0601F141E1A11423E0B0
:10001000B20609F4EECE4FE030E8A31631E0B306A5
:1000200009F4E7CE8CCE49E0E4CE44E0E2CE42E0F3
:10003000E0CE40E0DECE47E0DCCE45E0DACE4EE07A
:10004000D8CE4CE0D6CE4AE0D4CE40E1D2CE40E08D
:1000500050E0BA01F1CE89819A81AB81BC8185568D
:100060009109A109B109F3E0CF2ED12CE12CF12C9B
:1000700007E010E020E030E041E050E060E070E0B8
:10008000C297A105B105E8F089819A81AB81BC8155
:1000900087599109A109B109E3E0CE2ED12CE12CB9
:1000A000F12C07E010E020E030E042E050E060E0BA
:1000B00070E0C297A105B10520F043E050E060E098
:1000C00070E080E00E943097ECCE89819A81AB810C
:1000D000BC810597A109B10963E0C62ED12CE12CA2
:1000E000F12C05E010E020E030E041E050E060E07D
:1000F00070E00597A105B10508F4DFCE20E030E0FF
:1001000040E250E499828A823B822C8269817A8122
:100110008B819C810E94DF9C53E0C52ED12CE12C69
:10012000F12C05E010E020E030E042E050E060E03B
:1001300070E087FFC2CE20E030E040E250E49982D8
:100140008A823B822C8269817A818B819C810E9488
:10015000959B87FFB5CE43E0C42ED12CE12CF12C2A
:1001600005E010E020E030E043E050E060E070E0C7
:10017000A4CE0F931F936BE078E081E00E94E97AB0
:10018000E0EBF2E210810181812F0E94A97A9F9316
:100190008F930F931F938AEA91E39F938F930E940B
:1001A00075A063E078E081E00E94E97A0F900F90FB
:1001B0000F900F900F900F9080E01F910F91089576
:1001C000CF92DF92EF92FF920F931F936BE078E054
:1001D00081E00E94E97A1091C1221F921F9384EC62
:1001E00091E39F938F930E9475A00F900F900F90B3
:1001F0000F90123009F494C040F51111C0C0C12C09
:10020000D12C7601C39400E010E0980141E050E069
:1002100060E070E08BE10E94309706E010E020E0A3
:1002200030E040E050E0BA018CE20E94309723E0D9
:10023000C22ED12CE12CF12C0BE010E020E030E0BC
:1002400042E050E060E070E08EC0133009F445C039
:10025000143009F0B9C0C12CD12C7601C39400E050
:1002600010E0980140E050E0BA018BE10E94309725
:1002700007E010E020E030E040E050E0BA018CE21E
:100280000E943097B3E0CB2ED12CE12CF12C00E072
:1002900010E0980141E050E060E070E08EE20E94E2
:1002A0003097C12CD12C7601C39406E010E020E0F9
:1002B00030E041E050E060E070E08CE20E94309776
:1002C00063E078E081E00E94E97A80E01F910F917D
:1002D000FF90EF90DF90CF900895C12CD12C760144
:1002E000C39400E010E0980140E050E0BA018BE1D7
:1002F0000E94309707E010E020E030E040E050E05E
:10030000BA018CE20E943097F3E0CF2ED12CE12C81
:10031000F12C00E010E0980140E050E0BA01BECFBF
:10032000C12CD12C7601C39400E010E0980140E08C
:1003300050E0BA018BE10E94309706E010E020E027
:1003400030E040E050E0BA018CE20E94309763E078
:10035000C62ED12CE12CF12C0BE010E020E030E097
:1003600040E050E0BA018DE20E943097C12CD12CC0
:100370007601C39407E010E020E030E09ACFC12C72
:10038000D12C7601C39400E010E0980140E050E0E9
:10039000BA018BE10E94309706E010E020E030E0E7
:1003A00040E050E0BA018CE20E94309743E0C42E56
:1003B000D12CE12CF12C0BE010E020E030E041E00A
:1003C00050E060E070E0CFCF80ED91E30E948DA01F
:1003D00077CFEF92FF920F931F9302ED12E2F80195
:1003E00083818F9382818F9381818F9380818F937B
:1003F00088E092E39F938F930E9475A083EEE82E8E
:1004000082E2F82EF70183818F9382818F9381811D
:100410008F9380818F938AEE98E39F938F930E94AE
:1004200075A0F70160817181F80180810E94E97AED
:100430008DB79EB70C968DBF9EBF80E01F910F9128
:10044000FF90EF900895AF92BF92CF92DF92EF921C
:10045000FF920F931F936BE078E081E00E94E97AAE
:1004600084EFA82E82E2B82EF50183818F938281DA
:100470008F9381818F9380818F9383E192E39F9308
:100480008F930E9475A0F501408151816281738133
:100490009FE3C92ED12CE12CF12C08E010E020E0E4
:1004A00030E08CE20E943097F50183818F93828146
:1004B0008F9381818F9380818F9385E292E39F93C5
:1004C0008F930E9475A0F5014081518162817381F3
:1004D00000E010E098018DE20E94309763E078E040
:1004E00081E00E94E97A8DB79EB70C968DBF9EBFC2
:1004F00080E01F910F91FF90EF90DF90CF90BF9021
:10050000AF900895CF92DF92EF92FF920F931F93D7
:100510006BE078E081E00E94E97AC0905A23D090A5
:100520005B23E0905C23F0905D23DD24EE24FF2428
:1005300000916B2310916C2320916D2330916E23D9
:1005400011272227332740911623509117236091BA
:10055000182370911923662777278091D2220E9451
:10056000309763E078E081E00E94E97A80E01F91B3
:100570000F91FF90EF90DF90CF900895EF92FF9250
:100580001F936AE176E680E00E94E97A65E07DE00B
:1005900080E090E00E94E16B68E176E680E00E94F6
:1005A000E97A65E07DE080E090E00E94E16B83EA1B
:1005B000E82E89E2F82E1EE61150F7017291629141
:1005C0007F01812F0E94E97A1111F6CF65E372E86D
:1005D00080E090E00E94E16B68E176E680E00E94B6
:1005E000E97A65E07DE080E090E00E94E16B63E005
:1005F00078E081E00E94E97A80E01F91FF90EF901F
:100600000895CF92DF92EF92FF920F931F936BE0CA
:1006100078E081E00E94E97A8091382381111EC040
:10062000C12CD12C7601C39401E010E020E030E031
:1006300040E050E0BA010E94309787E392E30E94C5
:100640008DA063E078E081E00E94E97A80E01F916C
:100650000F91FF90EF90DF90CF900895813091F44B
:10066000C12CD12C7601C39401E010E020E030E0F1
:1006700041E050E060E070E080E00E94309782E46A
:1006800092E3DDCF8EE492E3DACFCF92DF92EF9266
:10069000FF920F931F936BE078E081E00E94E97A6C
:1006A0008091492381111DC0C12CD12C7601C394A6
:1006B00000E010E0980140E050E0BA010E9430975D
:1006C00085E792E30E948DA063E078E081E00E94DC
:1006D000E97A80E01F910F91FF90EF90DF90CF902B
:1006E0000895813089F4C12CD12C7601C39400E0A7
:1006F00010E0980141E050E060E070E080E00E948E
:10070000309782E892E3DECF80E992E3DBCFCF92AD
:10071000DF92EF92FF920F931F936BE078E081E0FE
:100720000E94E97A80918D2381111EC0C12CD12CA9
:100730007601C3940EE010E020E030E040E050E0AD
:10074000BA010E9430978CEB92E30E948DA063E087
:1007500078E081E00E94E97A80E01F910F91FF909C
:10076000EF90DF90CF900895813091F4C12CD12C7F
:100770007601C3940EE010E020E030E041E050E06C
:1007800060E070E080E00E9430978BEC92E3DDCF78
:1007900089ED92E3DACFDF92EF92FF920F931F93EE
:1007A000CF93DF937C014091674050916840A091C6
:1007B0006540B09166401C9213E011961C9311970E
:1007C00014961C9314971296ED91FC911397DD24C7
:1007D000D394D0821296ED91FC9113970FE501838B
:1007E0001296ED91FC9113978BE38283EA011C82B0
:1007F00080911E4090911F40EC01E881F981BD017C
:10080000199580911E4090911F40409167405091F2
:1008100068406091654070916640DC01ED91FC910B
:100820001995811167C0A0916740B09168406091AF
:10083000654070916640EB01188219831C82C701E4
:100840009F711C9222E111962C93119714961C9380
:1008500014971296ED91FC911397906890831296DD
:10086000ED91FC91139781831296ED91FC91139772
:10087000128280911E4090911F40EC01E881F98125
:10088000AD0119954091674050916840DA01129688
:10089000ED91FC91F280A0916540B09166401C9270
:1008A00011961C93119714961C9314971296ED9120
:1008B000FC911397D0821296ED91FC9113970183CE
:1008C0001296ED91FC9113978AE38283EA011C82D0
:1008D00080911E4090911F40EC01E881F981BD019B
:1008E00019958F2DDF91CF911F910F91FF90EF9070
:1008F000DF90089582E0F82EF4CF81E08093862483
:1009000089E690E40E9448998DE690E40E94489917
:1009100083E090E00E94CB83E0EAF6E084E0858308
:1009200088E0858382E0868390E496838093060640
:100930000E94C74980E008950E947D84882341F089
:100940008BE39FE29F938F930E9475A00F900F906F
:1009500080E008951F9387E093E30E948DA00E949A
:100960007D84182F882341F08EE293E39F938F9329
:100970000E9475A00F900F90812F1F9108951F93D3
:100980008091802690918126A0918226B091832625
:100990000197A105B10509F053C080919126EFEFB1
:1009A000E80FEE3010F480FD20C080E39AE29F93C0
:1009B0008F9384E49AE29F938F9389E493E39F93C8
:1009C0008F930E9475A081E69CE29F938F9383E5AD
:1009D00093E39F938F930E9475A08DB79EB70A965D
:1009E0008DBF9EBF83E01F91089580E090E0DC0101
:1009F000ED3039F0F0E0EE0FFF1FE354F64D80814B
:100A000091810E94CB83182F187F1F921F9386E637
:100A100093E39F938F930E9475A089E1189F102DF7
:100A200011241F921F9384E793E39F938F930E9457
:100A300075A08DB79EB708968DBF9EBF80E0D3CFBF
:100A400088E893E30E948DA081E0CDCF1F93809131
:100A5000802690918126A0918226B09183260197CD
:100A6000A105B10509F043C0E09191268FEF8E0FEB
:100A70008E3020F41E2F11701123E1F080E39AE2F2
:100A80009F938F9384E49AE29F938F938BEA93E3EF
:100A90009F938F930E9475A086EB93E30E948DA095
:100AA0000F900F900F900F900F900F9013E0812FE9
:100AB0001F910895E25080E090E0DC01ED3038F4C1
:100AC000F0E0EE0FFF1FED55F64D808191810E9401
:100AD000CB838F701F928F938AED93E39F938F93B5
:100AE0000E9475A00F900F900F900F90E0CF88E8B4
:100AF00093E30E948DA011E0DACF0F931F93E9EDED
:100B0000F6E2068D178D1F930F938EEE93E39F935E
:100B10008F930E9475A0C8010E94CB831F928F9370
:100B200084E094E39F938F930E9475A08DB79EB746
:100B300008968DBF9EBF80E01F910F9108950F937F
:100B40001F938AE194E30E948DA00E947D9786E323
:100B500094E39F938F930E9475A00E9414718CEA76
:100B60009CE20E948DA081E00E94179782E00E9483
:100B7000179789E494E30E948DA081E00E94279852
:100B800082E00E9427988091880681701F928F933F
:100B900087E694E39F938F930E9475A061E089E6B6
:100BA00090E40E949398109118400091194061E0E0
:100BB00089E690E40E9493980F931F9380911940C7
:100BC0008F93809118408F9385E894E39F938F9340
:100BD0000E9475A061E08DE690E40E9493981091C8
:100BE00018400091194061E08DE690E40E949398CE
:100BF0000F931F93809119408F93809118408F938A
:100C00008AEA94E39F938F930E9475A083E090E01B
:100C10000E94CB831F928F938FEC94E39F938F93CB
:100C20000E9475A08DB79EB746968DBF9EBF80E08F
:100C30001F910F910895EF92FF920F931F93809150
:100C40004A2080FF39C08EEE94E30E948DA000E020
:100C500010E0C80101967C0104978D3F910510F4C6
:100C60008701F7CFC80183709927892B61F41F93FF
:100C70000F9388E29DE29F938F930E9475A00F903F
:100C80000F900F900F90C8010E94CB831F928F93FB
:100C90008DEA90E39F938F930E9475A087010F9038
:100CA0000F900F900F9099E8E91691E0F90689F6F8
:100CB00087EE9FE30E948DA080E01F910F91FF902F
:100CC000EF9008951F938DE391E00E94CB83182F3E
:100CD0008CE391E00E94CB838F7190E0982F88275E
:100CE000092E000CAA0BBB0B812BBF93AF939F93D4
:100CF0008F9382E095E39F938F930E9475A00F904E
:100D00000F900F900F900F900F9080E01F9108951B
:100D10001F93EFEFE80FEE3010F480FD17C080E373
:100D20009AE29F938F9384E49AE29F938F9389E44E
:100D300093E39F938F930E9475A00F900F900F9055
:100D40000F900F900F9083E01F91089580E090E046
:100D5000DC01ED3039F0F0E0EE0FFF1FEB56F74D00
:100D6000808191810E94CB83182F82958F701F9272
:100D70008F9383E195E39F938F930E9475A01F70DB
:100D80001F921F938DE295E39F938F930E9475A00E
:100D90008DB79EB708968DBF9EBF80E0D5CF83E00C
:100DA00090E00E94CB8321E045E061E083E491E0A4
:100DB0000E94E79621E045E060E083E491E00E9434
:100DC000E79680E008950E94CF8686E495E30E942E
:100DD0008DA080E008951F930E94CF86182F65E3B1
:100DE00077EB8CE090E00E94E16B83E090E00E9462
:100DF000CB836AE171E480E090E00E94E16B812F97
:100E00001F910895813071F482E891E00E94CB83B4
:100E100086958570823028F088E595E30E948DA044
:100E200080E0089583E891E0F1CFFF920F931F9344
:100E3000CF93DF938C01F62E83E090E00E94CB836A
:100E40004091674050916840A0916540B0916640E4
:100E50001C9283E011968C93119714968C9314979F
:100E60001F711296ED91FC91139710831296ED91DC
:100E7000FC91139701831296ED91FC911397F282E6
:100E8000EA011C8280911E4090911F40EC01E88194
:100E9000F981BD01199580E0DF91CF911F910F91EC
:100EA000FF9008958F929F92AF92BF92CF92DF9260
:100EB000EF92FF920F931F93CF93DF93CDB7DEB7DF
:100EC0002897CDBFDEBF80914E2590914F25A091F0
:100ED0005025B09151254091A3255091A4256091B2
:100EE000A5257091A625452B462B472B09F062C0FE
:100EF0000197A105B10509F048C088E691E00E947C
:100F0000CB83082F87E691E00E94CB83182F86E6DB
:100F100091E00E94CB83482F4370812F90E0982F5F
:100F20008827A0E0B0E0A42B802BBF93AF939F93C2
:100F30008F9382E995E39F938F930E9475A085E636
:100F400091E00E94CB83082F84E691E00E94CB833E
:100F5000182F83E691E00E94CB83482F4370812FA6
:100F600090E0982F8827A0E0B0E0A42B802BBF93BF
:100F7000AF939F938F9383EA95E39F938F930E9400
:100F800075A0CDBFDEBF80E005C088E893E30E9476
:100F90008DA081E02896CDBFDEBFDF91CF911F915C
:100FA0000F91FF90EF90DF90CF90BF90AF909F9008
:100FB0008F9008950197A105B10539F788E191E077
:100FC0000E94CB838F71B82E811102C040E2B42EF3
:100FD000C090A325D090A425E090A525F090A6254B
:100FE000D701C6010197A109B1098F3F9F4FA340C7
:100FF000B105F0F084E79AE29F938F9388EB95E335
:101000009F938F930E9475A00F900F900F900F9059
:1010100081E69CE29F938F9380E196E39F938F9369
:101020000E9475A00F900F900F900F9083E0B2CFA9
:101030001F92BF9281ED95E39F938F930E9475A0BD
:1010400082E691E00E94CB83182F082F0295069527
:10105000077016951695AB2DB0E0A70196010E947A
:101060009C9D69837A838B839C83802E912CA12CF9
:10107000B12C0F900F900F900F90A50194010E943A
:10108000589D6D837E838F839887672B682B692B90
:1010900021F51F920F938AED95E39F938F930E9402
:1010A00075A0612F660F660F6C710F900F900F90F7
:1010B0000F90A0E20A9FC0011124682B31C00830B4
:1010C00039F48CE69AE29F938F9383EE95E398CF61
:1010D0008FEF881A980AA80AB80A082D69817A81C0
:1010E0008B819C81A50194010E94589D6D837E8314
:1010F0008F839887672B682B692B09F71F928F9234
:101100008AED95E39F938F930E9475A0612F660FE0
:10111000660F6C710F900F900F900F90083049F68A
:1011200082E691E00E941587202F30E040E050E0F9
:1011300069817A818B819C810E94589D49015A0165
:10114000BF92AF929F922F9383E096E39F938F93EA
:101150000E9475A0B5018827992783E691E00E9437
:10116000158799278B2D7A2D692D84E691E00E94B1
:101170001587682D85E691E00E941587B7018827BD
:10118000992786E691E00E94158799278F2D7E2D5D
:101190006D2D87E691E00E9415876C2D88E691E021
:1011A0000E9415870F900F900F900F900F900F9047
:1011B000EACE2F923F924F925F926F927F928F92E0
:1011C0009F92AF92BF92CF92DF92EF92FF920F93D6
:1011D0001F93C090B425D090B525E090B625F0902F
:1011E000B72580914E2590914F25A0915025B09123
:1011F0005125C114D104E104F10409F062C0019742
:10120000A105B10509F057C080915F258F3010F41A
:1012100080FD24C080E39AE29F938F9384E49AE256
:101220009F938F9389E493E39F938F930E9475A07C
:101230000F900F900F900F900F900F9081E69CE20F
:101240009F938F938BE296E39F938F930E9475A059
:101250000F900F900F900F9083E01CC0EFEFE80FFE
:101260008E3039F0F0E0EE0FFF1FEA5EF54DC080E2
:10127000D180C6010E94CB838F711F928F9383E42C
:1012800096E39F938F930E9475A00F900F900F90FD
:101290000F9080E01F910F91FF90EF90DF90CF9023
:1012A000BF90AF909F908F907F906F905F904F9086
:1012B0003F902F90089588E893E30E948DA081E0ED
:1012C000E9CF0197A105B105B1F790915F259F3056
:1012D00008F0A0CF90FF9ECF8FEF890F412C512CAB
:1012E0003201812C912C54019E3069F090E0880FDE
:1012F000991FFC01EA5EF54D808091808354964DE4
:10130000FC0140805180F1E2CF16D104E104F104E8
:1013100078F084E79AE29F938F938DE196E39F9311
:101320008F930E9475A00F900F900F900F9086CF13
:101330008401120181E0C816D104E104F10401F531
:10134000C4010E94CB838074883298F0C4010E944B
:10135000CB83682F6C7F6160C2010E941587C80132
:101360000E94CB83807E682F6C29C8010E9415875C
:1013700090CFC4010E94CB83682F6C7F6260ECCF5A
:10138000E0E2CE16D104E104F10419F4C12CD12C11
:101390007601C1010E94CB83682F6C7FC101DDCF34
:1013A000CF92DF92EF92FF921F93C090C525D0900D
:1013B000C625E090C725F090C82580914E259091D4
:1013C0004F25A0915025B0915125C114D104E104BD
:1013D000F10439F50197A105B105E9F48BE391E03A
:1013E0000E94CB83182F8AE391E00E94CB838F70F9
:1013F0008F931F938CE396E39F938F930E9475A026
:101400000F900F900F900F9080E01F91FF90EF9042
:10141000DF90CF90089588E893E30E948DA081E04B
:10142000F4CF0197A105B105B1F7D701C60108971F
:10143000A109B109883F9F41A105B105D8F084E712
:101440009AE29F938F9380E596E39F938F930E94F8
:1014500075A081E69CE29F938F9380E696E39F932D
:101460008F930E9475A08DB79EB708968DBF9EBFC3
:1014700083E0CBCF99278F2D7E2D6D2D8AE391E0D0
:101480000E9415876C2D8BE391E00E941587BCCFDD
:101490002F923F924F925F926F927F928F929F9284
:1014A000AF92BF92CF92DF92EF92FF920F931F9372
:1014B000F090E7259090092600911A2680905E26EC
:1014C0008091F8259091F925A091FA25B091FB25FE
:1014D0000097A105B105C9F58091D6259091D72532
:1014E000A091D825B091D9250197A105B105B1F4F6
:1014F0008F2D0E948886182F882309F4B8C081E6B2
:101500009CE29F938F9383E593E39F938F930E9435
:1015100075A00F900F900F900F9005C088E893E38F
:101520000E948DA011E0812F1F910F91FF90EF90ED
:10153000DF90CF90BF90AF909F908F907F906F90F3
:101540005F904F903F902F9008950197A105B105AE
:1015500009F03AC18091D6259091D725A091D82540
:10156000B091D9250197A105B105C1F6192D602EBD
:1015700088E796E30E948DA08EEA96E30E948DA0F4
:101580001F92FF9285E097E39F938F930E9475A02F
:101590001F929F928DE097E39F938F930E9475A077
:1015A0001F920F9386E197E39F938F930E9475A0FC
:1015B0008FEF8F0D2DB73EB7245F3F4F2DBF3EBF3E
:1015C0008E3010F4F0FC16C080E39AE29F938F9364
:1015D00084E49AE29F938F9389E493E39F938F939C
:1015E0000E9475A00F900F900F900F900F900F908A
:1015F00013E085CF712CC12CD12C7601212C312CFC
:1016000021018D3091F090E09C01220F331FF901F0
:10161000EB56F74D208031802450364DF901C080C3
:10162000D1808151964DFC017080F0E1F91510F0E8
:10163000013178F084E79AE29F938F938EE197E3EC
:101640009F938F930E9475A00F900F900F900F9013
:10165000CFCF560121E092120CC0013051F4C601E7
:101660000E94CB83682F6068C6010E94158710E036
:101670005ACF83E491E00E94CB83682F6C7D616038
:1016800083E491E00E94158789E391E00E94CB8377
:10169000682F6C7F89E391E00E94158780E491E0D8
:1016A0000E94CB83682F697F80E491E00E941587B8
:1016B000C5010E94CB83682F6F77C5010E941587F3
:1016C00083E491E00E94CB83682F606183E491E022
:1016D0000E94158780E491E00E94CB83682F6E7F83
:1016E00080E491E00E9415878EE391E00E94CB8315
:1016F000682F637061608EE391E00E94158783E438
:1017000091E00E94CB83682F606883E491E00E949F
:10171000158730E1931201C010E0003109F4612C0B
:10172000612F6295607F6629C1010E94158781E45F
:1017300091E00E94CB8301E010E001C0000F7A9499
:10174000EAF7682F602B81E491E00E94158784E41A
:1017500091E00E94CB830095602F682384E491E0A0
:101760000E94158783E491E00E94CB83182F682F95
:10177000606283E491E00E941587612F6F7D83E4AE
:1017800091E00E94158783E491E00E94CB83182F9B
:101790001C7F682F636083E491E00E941587612FAE
:1017A000626083E491E00E94158789E391E00E94E2
:1017B000CB83682F6C7F626089E391E00E9415877C
:1017C000682D82E491E051CF8AE297E30E948DA0D8
:1017D00011E095CE3F924F925F926F927F928F92DF
:1017E0009F92AF92BF92CF92DF92EF92FF920F93B0
:1017F0001F93CF93DF930F920F92CDB7DEB7F09088
:10180000E725D090092600911A2680916F269091A5
:101810007026A0917126B09172260097A105B1059E
:10182000E1F58091D6259091D725A091D825B0914A
:10183000D9250197A105B105B1F48F2D0E948886A5
:10184000182F882309F4BFC081E69CE29F938F93F1
:1018500083E593E39F938F930E9475A00F900F9061
:101860000F900F9005C088E893E30E948DA011E0CF
:10187000812F0F900F90DF91CF911F910F91FF90CB
:10188000EF90DF90CF90BF90AF909F908F907F9020
:101890006F905F904F903F9008950197A105B1051B
:1018A00009F01DC18091D6259091D725A091D8250A
:1018B000B091D9250197A105B105A9F61D2D302EAE
:1018C00081E697E30E948DA085E997E30E948DA0B1
:1018D0001F92FF9285E097E39F938F930E9475A0DC
:1018E0001F92DF928DE097E39F938F930E9475A0E4
:1018F0001F920F9386E197E39F938F930E9475A0A9
:101900008FEF8F0DCDBFDEBF8E3010F4F0FC16C010
:1019100080E39AE29F938F9384E49AE29F938F935C
:1019200089E493E39F938F930E9475A00F900F908B
:101930000F900F900F900F9013E086CF8D3051F1E4
:1019400090E0FC01EE0FFF1FDF01AB56B74D4D904D
:101950005C90DF01A450B64D8D909C908151964DC6
:10196000DC01CC90E354F64DE080F180B0E1BD1590
:1019700010F00131C8F084E79AE29F938F938EE1D3
:1019800097E39F938F930E9475A00F900F900F90F5
:101990000F90D2CFE12CF12CC12C812C912C540131
:1019A000412C512C3201E2CF89829A8221E0D2125D
:1019B0000CC0013051F4C4010E94CB83682F6068D1
:1019C000C4010E94158710E053CF83E491E00E9488
:1019D000CB83682F6F7D83E491E00E94158789E3B4
:1019E00091E00E94CB83682F6C7F89E391E00E9495
:1019F000158783E491E00E94CB83682F606183E4C4
:101A000091E00E941587C7010E94CB83682F6C7FED
:101A1000C7010E94158781E491E00E94CB8321E0F9
:101A200030E0790101C0EE0CCA94EAF7682F6E2904
:101A300081E491E00E94158730E1D31201C010E0EB
:101A4000003109F4312C612F6295607F6329C20156
:101A50000E94158789819A810E94CB83682F6F77B6
:101A600089819A810E94158784E491E00E94CB834A
:101A70006E2D6095682384E491E00E94158783E4CD
:101A800091E00E94CB83182F682F606283E491E07D
:101A90000E941587612F6F7D83E491E00E94158776
:101AA00084E491E00E94CB83682F6E2984E491E066
:101AB0000E94158783E491E00E94CB83682F6F7D9D
:101AC000626083E491E00E94158789E391E00E94BF
:101AD000CB83682F6C7F626089E391E072CF8AE2EA
:101AE00097E30E948DA011E0AFCEEF92FF920F938B
:101AF0001F938091D6259091D725A091D825B0919C
:101B0000D9250197A105B10509F06BC00091E72522
:101B100010914D268AEE97E30E948DA088E198E30C
:101B20000E948DA08FEF800F8E3020F180E39AE22B
:101B30009F938F9384E49AE29F938F938BEA93E32E
:101B40009F938F930E9475A00F900F900F900F900E
:101B50000F900F9081E69CE29F938F938CE898E31F
:101B60009F938F930E9475A00F900F900F900F90EE
:101B700083E02CC0EDEFE00F84E091E0A0E0B0E066
:101B8000EC3038F4F0E0EE0FFF1FE952F64D8081A3
:101B90009181123078F084E79AE29F938F9387E6E1
:101BA00098E39F938F930E9475A00F900F900F90D2
:101BB0000F90D0CF7C010E94CB8300FD0CC08E7FA4
:101BC000612F682BC7010E94158780E01F910F913C
:101BD000FF90EF9008958F7B90E4199FB00111243E
:101BE000F0CF88E893E30E948DA081E0EFCF8F9241
:101BF0009F92AF92BF92DF92EF92FF920F931F934B
:101C0000109191260091A2268091802690918126A4
:101C1000A0918226B09183260197A105B10509F014
:101C200095C0D02E1F921F9386EA98E39F938F93BF
:101C30000E9475A0412F4170B42E1F924F9383EBE9
:101C400098E39F938F930E9475A0E02EF12C1F9232
:101C50000F938DEB98E39F938F930E9475A0115083
:101C60008DB79EB70C968DBF9EBF1E3010F4B1107D
:101C700024C080E39AE29F938F9384E49AE29F9337
:101C80008F9389E493E39F938F930E9475A00F90A5
:101C90000F900F900F900F900F9081E69CE29F9312
:101CA0008F9382ED98E39F938F930E9475A00F907E
:101CB0000F900F900F9083E03FC080E090E0DC0138
:101CC000812C912C54011D3071F0212F30E0220F16
:101CD000331FF901E354F64D808091802450364D36
:101CE000F90180819181083178F084E79AE29F932D
:101CF0008F9388EC98E39F938F930E9475A00F9029
:101D00000F900F900F90C9CF23E044E063E00023D1
:101D100061F0970143E0220F331F4A95E1F7F22F5C
:101D2000F760DF2E23E044E060E00E94E7966D2D2F
:101D3000C4010E94158780E01F910F91FF90EF90E2
:101D4000DF90BF90AF909F908F90089588E893E3C5
:101D50000E948DA081E0F0CFCF92DF92EF92FF92B0
:101D60000F931F938091802690918126A0918226C7
:101D7000B09183260197A105B10509F07AC0809141
:101D800091264091C4265091C5266091C626709137
:101D9000C726EFEFE80FEE3010F480FD24C080E39B
:101DA0009AE29F938F9384E49AE29F938F9389E4BE
:101DB00093E39F938F930E9475A00F900F900F90C5
:101DC0000F900F900F9081E69CE29F938F9382ED8E
:101DD00098E39F938F930E9475A00F900F900F90A0
:101DE0000F9083E03FC080E090E0ED3039F0F0E00C
:101DF000EE0FFF1FED55F64D808191818A019B0109
:101E00001127222733276A017B01E0EFCE22DD2450
:101E1000EE24FF24CD28CE28CF28D1F03F932F9356
:101E20001F930F9384EE98E39F938F930E9475A066
:101E300084E79AE29F938F9386EF98E39F938F9323
:101E40000E9475A08DB79EB70A968DBF9EBFBBCF6F
:101E5000642F6061012B022B032B09F460E00E94C8
:101E6000158780E01F910F91FF90EF90DF90CF904A
:101E7000089588E893E30E948DA081E0F3CFEF926C
:101E8000FF920F931F93E9EDF6E2068D178DF7A4ED
:101E9000E0A81F930F9380E099E39F938F930E9494
:101EA00075A0EF92FF9287E199E39F938F930E9431
:101EB00075A06F2DC8010E9415878DB79EB7089633
:101EC0008DBF9EBF80E01F910F91FF90EF9008950E
:101ED0000F931F930091862421E020938624892B61
:101EE000A1F063E089E391E00E941587182F8EE24C
:101EF00099E39F938F930E9475A00F900F9000938A
:101F00008624812F1F910F91089562E089E391E06B
:101F10000E941587182F8CE499E3EBCF809115244C
:101F2000909116240C94688FCF92DF92EF92FF92DB
:101F30006B017C0186E699E30E948DA086E999E316
:101F40000E948DA0D701C6010897A109B109883F59
:101F50009F41A105B105A0F084E79AE29F938F937A
:101F600087EE99E39F938F930E9475A00F900F9037
:101F70000F900F9083E0FF90EF90DF90CF90089547
:101F800099278F2D7E2D6D2D8CE391E00E94158772
:101F90006C2D8DE391E00E94158780E0ECCF1F93BC
:101FA000CF93DF9300D00F92CDB7DEB780913C2660
:101FB00090913D26A0913E26B0913F2689839A8339
:101FC000AB83BC83892B8A2B8B2BD9F40E9462862E
:101FD000182F882371F081E69CE29F938F938CE801
:101FE00098E39F938F930E9475A00F900F900F908E
:101FF0000F90812F2496CDBFDEBFDF91CF911F912F
:10200000089569817A818B819C810E94948FE0CFB1
:102010001F93CF93DF9300D00F92CDB7DEB72091FF
:102020003C2630913D2640913E2650913F26298303
:102030003A834B835C838091D6259091D725A091DC
:10204000D825B091D925232B242B252B29F50197B1
:10205000A105B105A1F40E946286182F8823A1F082
:1020600081E69CE29F938F938CE898E39F938F93F4
:102070000E9475A00F900F900F900F9005C088E8F8
:1020800093E30E948DA011E0812F2496CDBFDEBF87
:10209000DF91CF911F9108950197A105B10579F7BF
:1020A00069817A818B819C810E94948FD6CFCF9257
:1020B000DF92EF92FF926B017C01D701C60101977D
:1020C000A109B1098F3F9F40A105B105A0F084E7A8
:1020D0009AE29F938F9383EF99E39F938F930E944C
:1020E00075A00F900F900F900F9083E0FF90EF90EE
:1020F000DF90CF90089599278F2D7E2D6D2D80E64E
:1021000091E00E9415876C2D81E691E00E94158771
:1021100080E0ECCF1F93CF93DF9300D00F92CDB729
:10212000DEB72091922530919325409194255091CE
:10213000952529833A834B835C8380914E2590912A
:102140004F25A0915025B0915125232B242B252BD1
:1021500049F50197A105B105F9F481E691E00E94E6
:10216000CB83182F80E691E00E94CB838F708F93F2
:102170001F9383E09AE39F938F930E9475A00F9023
:102180000F900F900F9010E0812F2496CDBFDEBFEF
:10219000DF91CF911F91089588E893E30E948DA06D
:1021A00011E0F2CF81309105A105B105C1F469813B
:1021B0007A818B819C810E945790182F112319F3EB
:1021C00081E69CE29F938F9380E196E39F938F93A8
:1021D0000E9475A00F900F900F900F90D5CF03978E
:1021E000A105B105C9F683E08093862469817A81CF
:1021F0008B819C810E945790182F81E080938624C8
:10220000DDCFCF92DF92EF92FF926B017C01D7017D
:10221000C6010197A109B1098F3F9F43A105B105EF
:10222000A0F084E79AE29F938F9383E19AE39F93D0
:102230008F930E9475A00F900F900F900F9083E0E6
:10224000FF90EF90DF90CF90089599278F2D7E2DEE
:102250006D2D89E591E00E9415876C2D8AE591E04E
:102260000E94158780E0ECCF1F93CF93DF9300D0BF
:102270000F92CDB7DEB72091812530918225409114
:1022800083255091842529833A834B835C838091F5
:102290004E2590914F25A0915025B0915125232B8B
:1022A000242B252B49F50197A105B105F9F48AE501
:1022B00091E00E94CB83182F89E591E00E94CB83A7
:1022C0008F738F931F9383E29AE39F938F930E9460
:1022D00075A00F900F900F900F9010E0812F249613
:1022E000CDBFDEBFDF91CF911F91089588E893E3C2
:1022F0000E948DA011E0F2CF81309105A105B105BA
:10230000C1F469817A818B819C810E940191182F8F
:10231000112319F381E69CE29F938F9383E39AE361
:102320009F938F930E9475A00F900F900F900F9026
:10233000D5CF0397A105B105C9F683E08093862424
:1023400069817A818B819C810E940191182F81E0A3
:1023500080938624DDCFCF92DF92EF92FF926B01C4
:102360007C01D701C6010197A109B1098F3F9F43A5
:10237000A105B105A0F084E79AE29F938F9380E4D2
:102380009AE39F938F930E9475A00F900F900F90E8
:102390000F9083E0FF90EF90DF90CF900895992702
:1023A0008F2D7E2D6D2D85E591E00E9415876C2D7A
:1023B00086E591E00E94158780E0ECCF1F93CF93D4
:1023C000DF9300D00F92CDB7DEB72091702530910A
:1023D0007125409172255091732529833A834B834F
:1023E0005C8380914E2590914F25A0915025B0910E
:1023F0005125232B242B252B41F50197A105B10550
:10240000F1F486E591E00E94CB83182F85E591E0F9
:102410000E94CB838F931F938DE49AE39F938F93B6
:102420000E9475A00F900F900F900F9010E0812FD9
:102430002496CDBFDEBFDF91CF911F91089588E82C
:1024400093E30E948DA011E0F2CF81309105A105A8
:10245000B105C1F469817A818B819C810E94AB9125
:10246000182F112319F381E69CE29F938F9383E346
:102470009AE39F938F930E9475A00F900F900F90F7
:102480000F90D5CF0397A105B105C9F683E08093DE
:10249000862469817A818B819C810E94AB91182F5F
:1024A00081E080938624DDCF9C01243581E03807CC
:1024B00048F12B3581E0380788F0F901EB55F14000
:1024C000EE32F10508F008958827E052F9458F4F64
:1024D0000C947A9D63E3C9010C941587A9014455B6
:1024E0005140942F81E001C0880F4A95EAF7482FA8
:1024F0004A7241114BC0857181114AC06CE396301C
:1025000051F30895F901FA95E435F10508F044C056
:102510008827E25FF8458F4F0C947A9D60ECDBCF03
:102520006BE1D9CF6AEAD7CF65E1D5CF6DEBD3CFD9
:102530006FE1D1CF61E5CFCF6CE0CDCF64E4CBCFFD
:102540006BE3C9CF6AE0C7CF6EE1C5CF66E1C3CF09
:1025500068E1C1CF6FE7BFCF6EE5BDCF66E0BBCF0F
:1025600060E8B9CF69E0B7CF63E0B5CF6DE0B3CF36
:1025700062E0B1CF65E5AFCF62EBADCF68E2ABCF44
:1025800068E8A9CF68E0A7CF60E5A5CF60E0A3CF5A
:1025900061E0A1CF60E19FCF08950F931F9300E00A
:1025A00011E0C8010E9454920F5F1F4F063681E070
:1025B0001807B9F785E491E00E94549281E791E011
:1025C0000E94549282E791E00E94549284E791E045
:1025D0000E9454928CE791E00E9454928DE791E022
:1025E0000E945492C8010E9454920F5F1F4F0938F5
:1025F00081E01807B9F780E01F910F91089583E0FB
:1026000090E00E94CB8361E583E491E00E9415870E
:1026100061E089E391E00E94158760E080E491E049
:102620000E94158761ED83E491E00E94158765E0C3
:102630007DE080E090E00E94E16B60E084E491E066
:102640000E94158765E07DE080E090E00E94E16BEC
:1026500061EF83E491E00E9415876AE171E480E014
:1026600090E00E94E16B61ED83E491E00E941587A8
:102670006FEF84E491E00E94158761E583E491E0C7
:102680000E94158783E491E00E94549289E391E0CF
:102690000E9454926AE171E480E090E00E94E16B54
:1026A00080E491E00E94549221E045E061E083E4FF
:1026B00091E00E94E79683E491E00E94549280E0CA
:1026C0000895EF92FF921F93CF93DF9380919E2303
:1026D00090919F23A091A023B091A123892B8A2BB5
:1026E0008B2B41F10E94CD92182F0E94FF92180F60
:1026F000111167C010E08091A1238F938091A023D6
:102700008F9380919F238F9380919E238F938DE54C
:102710009AE39F938F930E9475A00F900F900F9054
:102720000F900F900F90812FDF91CF911F91FF900D
:10273000EF90089586E0E82EFF24F394C7010E94ED
:10274000CB83182F682F6860C7010E94158788E027
:10275000E80EF11CCEE3EC16C1E0FC0679F74091DF
:10276000674050916840A0916540B09166401C92CE
:1027700083E011968C93119714968C93149712966C
:10278000ED91FC91139781E080831296ED91FC917D
:10279000139788E381831296ED91FC9113971F7E26
:1027A00018601283FA01148280911E4090911F409C
:1027B000EC01E881F981BD011995882309F49ACFCC
:1027C00012E08BE39FE29F938F930E9475A00F907E
:1027D0000F9091CF1F930E94FF92182F65E377EB24
:1027E0008CE090E00E94E16B83E090E00E94CB835C
:1027F0006AE171E480E090E00E94E16B812F1F911B
:1028000008951F930E94CD92182F60E573EC80E02D
:1028100090E00E94E16B0E94FF92180F65E377EB56
:102820008CE090E00E94E16B83E090E00E94CB831B
:102830006AE171E480E090E00E94E16B812F1F91DA
:102840000895AF92BF92CF92DF92EF92FF920F93D3
:102850001F93CF93DF9394E09093A50688E0809335
:10286000A50620E42093A50602E000930606009347
:102870008506909386068093850680E880930606F9
:1028800065E377EB8CE090E00E94E16B0093A50696
:102890006AE67EE689E190E00E94E16B89ED94E2D0
:1028A00080937340909374402EE7C22E28E4D22E7A
:1028B000C0925B40D0925C4039E6E32E38E4F32EC0
:1028C000E0925940F0925A408AE10E94EE6B809368
:1028D000714090937240C0925F40D0926040E0920D
:1028E0005D40F0925E400E94E66CB82E40915F40E1
:1028F00050916040A0915D40B0915E401C9213E009
:1029000011961C93119714961C9314971296ED919F
:10291000FC91139788E380831296ED91FC911397B5
:1029200011821296ED91FC9113971282EA011C829A
:102930008091714090917240EC01E881F981BD0174
:1029400019950E94E66C40915F4050916040A091C3
:102950005D40B0915E401C9211961C9311971496A5
:102960001C9314971296ED91FC91139787E0808346
:102970001296ED91FC9113978FE781831296ED915A
:10298000FC91139780EF8283FA0114828091714049
:1029900090917240EC01E881F981BD011995409157
:1029A0005F4050916040A0915D40B0915E401C92AC
:1029B00011961C93119714961C9314971296ED91EF
:1029C000FC9113976FE0A62EA0821296ED91FC91D8
:1029D000139711821296ED91FC9113971282FA01CE
:1029E00014828091714090917240EC01E881F981EC
:1029F000BD01199540915F4050916040A0915D40AC
:102A0000B0915E401C9211961C93119714961C93E2
:102A100014971296ED91FC91139780E280831296A1
:102A2000ED91FC91139711821296ED91FC91139701
:102A3000A282FA0114828091714090917240EC015F
:102A4000E881F981BD0119958BE795E00E94C36D7E
:102A5000182F1B0D65E372E880E090E00E94E16BA7
:102A60000093050665E372E880E090E00E94E16B68
:102A70008DE10E94EE6B9C0183E02115310599F0F8
:102A800088E894E280936F409093704020936D406B
:102A900030936E40C0921C40D0921D40E0921A408C
:102AA000F0921B4080E0180F8DE690E40E94517672
:102AB000180F8DE690E40E947276180F80E28093E2
:102AC0006606809365066AE171E480E090E00E940A
:102AD000E16B8CE10E94EE6B9C0183E021153105D6
:102AE000B9F087E894E280936B4090936C40209318
:102AF000694030936A408EE798E480931C4090933D
:102B00001D4089E698E480931A4090931B4080E032
:102B1000180F89E690E40E945176180F89E690E438
:102B20000E947276180F80E1809366068093650696
:102B30006AE171E480E090E00E94E16B02E00093C2
:102B40000606009305066AE171E480E090E00E94C9
:102B5000E16B8EE7C82E88E4D82EC0926340D092F5
:102B6000644099E6E92E98E4F92EE0926140F092F3
:102B7000624088E99AE2809320409093214088E166
:102B80000E94EE6B80931E4090931F40C09267405E
:102B9000D0926840E0926540F092664000938606CD
:102BA0006AE171E480E090E00E94E16B60E880E01F
:102BB00090E00E94158760E180E090E00E94158718
:102BC00060E082E090E00E94158763E089E491E094
:102BD0000E9415876BE38FE591E00E94158761E005
:102BE00070E089E690E40E94A274180F01E000935F
:102BF000A60680E88093A5060E940194180F65E15F
:102C000076E185E090E00E94E16B81E00E9402871E
:102C1000813051F162E070E089E690E40E94A27494
:102C2000F82E0E940194F80E1F0D65E176E185E013
:102C300090E00E94E16B81E00E9402878130A1F068
:102C40000093A5060E940194180F65E176E185E0E6
:102C500090E00E94E16B81E00E9402878823D9F016
:102C6000813029F0180F03C088E08093A60681E028
:102C700090E00E94688F8AE090E00E9487A0812FF8
:102C8000DF91CF911F910F91FF90EF90DF90CF9048
:102C9000BF90AF9008951F5FEACF0E942194E0EAB1
:102CA000F6E094E0958398E0958392E0968320E4A3
:102CB00026839093060608950E944D96882341F03E
:102CC0008BE39FE29F938F930E9475A00F900F90CC
:102CD00080E008950E942194882341F08BE39FE2D5
:102CE0009F938F930E9475A00F900F9080E008959E
:102CF0008091862480937F2481E080938624409174
:102D00002624509127246091282470912924452B52
:102D1000462B472B31F18093A60688E08093A606C8
:102D200080E88093A5066CE370E080E090E00E946C
:102D3000E16B81E00E940287813041F00E940194A2
:102D400065E176E185E090E00E94E16B81E00E9420
:102D500017970E94147180917F248093862480E0CD
:102D6000089594E09093A50698E09093A506D9CF96
:102D70001F9380918624813059F08EEA9AE39F93C5
:102D80008F930E9475A00F900F9080E01F9108957F
:102D90000E94CD92182F65E377EB8CE090E00E94C3
:102DA000E16B0E94FF92180F65E377EB8CE090E0F7
:102DB0000E94E16B83E090E00E94CB8360E573ECBE
:102DC00080E090E00E94E16B1123F9F2D6CFFF92F0
:102DD0000F931F93CF93DF93182FD92FC62F042F54
:102DE000F22E8EE190E4892BE1F0812F9D2F0E943D
:102DF000CB83EF2D002E01C0EE0F0A94EAF7E09589
:102E0000E823CF216C2F01C0660F0A95EAF76E2BDD
:102E1000812F9D2FDF91CF911F910F91FF900C94E7
:102E20001587DF91CF911F910F91FF900895CF9358
:102E3000C82F0E940287813071F41F92CF938FEACE
:102E40009EE39F938F930E9475A00F900F900F9019
:102E50000F90CF9108951F92CF938DEB9EE3F1CF0A
:102E60004F925F926F927F928F929F92AF92BF929A
:102E7000CF92DF92EF92FF920F931F93CF93C82FC1
:102E80002A013B01460157010E94A97AA0E0B0E067
:102E900075016401002E04C0CC0CDD1CEE1CFF1C6F
:102EA0000A94D2F7C094D094E094F094C822D92226
:102EB000EA22FB2284209520A620B720C501B40178
:102EC00004C0660F771F881F991F0A95D2F76C29D7
:102ED0007D298E299F298C2FCF911F910F91FF90D3
:102EE000EF90DF90CF90BF90AF909F908F907F90AA
:102EF0006F905F904F900C94E97ACF93DF9300D05E
:102F000000D0CDB7DEB780E290E4892B09F496C0FB
:102F1000CE0101960E948379E0918124882309F1F2
:102F2000E230B1F480918324843048F4809182248B
:102F3000883009F483C08150833008F47FC08DEC61
:102F40009EE32696CDBFDEBFDF91CF910C948DA07E
:102F5000E130A9F780918324883088F7809182241A
:102F6000EACF8A818E1741F1E1502FE53FE2E4304C
:102F700038F4F0E0EE0FFF1FE154F74D208131816E
:102F80008150843008F060C0E82FF0E0EE0FFF1FA2
:102F9000E154F74D808191813F932F939F938F93BD
:102FA0008AEE9EE39F938F930E9475A00F900F90DF
:102FB0000F900F900F900F90EB81A0918224EA1751
:102FC00041F1A1502FE53FE2A83038F4B0E0AA0F5C
:102FD000BB1FA155B74D2D913C91E1508FE59FE26C
:102FE000E83038F4F0E0EE0FFF1FE155F74D808137
:102FF00091813F932F939F938F9384E49FE39F93BB
:103000008F930E9475A00F900F900F900F900F90CC
:103010000F908C8190918324891781F01F929F9348
:103020001F928F9388E99FE39F938F930E9475A0CF
:103030000F900F900F900F900F900F902696CDBF8E
:10304000DEBFDF91CF9108958FE59FE2A5CF1F935B
:10305000CF93DF93D82FC82FC170182F1270C111D2
:1030600018C01123D9F183E891E00E94CB83282F67
:1030700030E03595279522703327C20F61E083E851
:1030800091E00E94158760E083E891E00E94158737
:1030900013C082E891E00E94CB8382FBCC27C0F969
:1030A00061E082E891E00E94158760E082E891E0AB
:1030B0000E9415871111D7CFCC2381F01F92DF9387
:1030C00089EE9FE39F938F930E9475A00F900F90BE
:1030D0000F900F90DF91CF911F9108951F92DF9372
:1030E00081E090E4EFCF62E00E946D72880F892F3B
:1030F000881F990B91958770992721E030E0A901ED
:1031000002C0440F551F8A95E2F7CA019F934F935F
:1031100089EB98E39F938F930E9475A00F900F9077
:103120000F900F900895AF92BF92CF92DF92EF92DF
:10313000FF920F931F93CF93DF935C01F62E0FEF57
:103140001FEF20E040E150E065E00E949B73D50155
:1031500012964D915C91A0911C40B0911D40E09160
:103160001A40F0911B40108282E081838483828127
:1031700093812F2D2695EC01288322813381EA014A
:1031800088818770D0E8FD9EB0011124682BE90189
:1031900069831C9282E111968C93119783E01496B7
:1031A0008C93149712968D919C9113972281338161
:1031B000E9012881EC01288312968D919C91139747
:1031C00022813381E9012981EC01298312960D9036
:1031D000BC91A02D0280F381E02D818112968C9309
:1031E000F5018081918140911C4050911D4060917A
:1031F0001A4070911B40DC01ED91FC911995E09013
:103200001C40F0901D40E701EA81FB81808190E045
:10321000982F8827990F218130E0220F331F822BAE
:10322000932B2281221F2227221F822B809318405A
:10323000909319401282EA81FB819C01220F232F77
:10324000221F330B31952795222727952183EA8169
:10325000FB819083C0901A40D0901B4020E040E258
:1032600050E065E0C5010E949B73E0921C40F09223
:103270001D40C0921A40D0921B40DF91CF911F9108
:103280000F91FF90EF90DF90CF90BF90AF90089597
:103290000F931F93CF93DF93D82FC92F0FEF1FEFFB
:1032A00020E041E050E061E00E949B7320E040E2BA
:1032B00050E064E08D2F9C2F0E949B73DF91CF9193
:1032C0001F910F9108950F92CDB7DEB7198280E656
:1032D00098E28093894890938A488EE698E4809398
:1032E00080489093814889E598E480936B48909357
:1032F0006C48809150008260809350008091510012
:1033000081FFFCCF88ED84BFEE24E394E09240007F
:1033100007E00093A200F89484BFE092960061E079
:1033200084EB9AE20E94C823182F65E081EA94E2B8
:103330000E94CB24180F23EF31E041E050E061E51B
:1033400076E485E498E40E94AD502BED35E041E051
:1033500050E065E770E48FE498E40E94AD5061E0CE
:103360008EE698E20E94AD30D82E61E089E894E2C2
:103370000E941719F82E0093A2009091A200906865
:103380009093A20078940E946F498AE00E940649B7
:1033900020E148E061E080E092E00E94264220E1E6
:1033A00049E062E080E092E00E94264200E1009362
:1033B000A10690E29093A106E092220652E050937B
:1033C0002206E092610644E04093610600936106A4
:1033D0009093610660E86093610630E43093610683
:1033E00028E020936206E092820650938106409383
:1033F000810620938106E092A1066093A106509376
:10340000A1064093A1062093A1063093A1065093F4
:1034100001066093010630930106309306069093EF
:1034200001069093060620932106009321069093AF
:103430002106309321064093010620930106009354
:1034400001068981180F1F0D1D0D1983A895009382
:10345000A1069093A1060093A5069093A606A895B1
:103460000E9421949981980F9983A8950093A606AC
:1034700016E065E176E185E090E00E94E16B009363
:10348000A70611501111F5CF0093A60680E2809394
:10349000A60616E000E265E176E185E090E00E9494
:1034A000E16B0093A70611501111F5CF0093A6060A
:1034B000A8950E9465788983882361F01F928F9375
:1034C0008BE69AE39F938F930E9475A00F900F90C5
:1034D0000F900F908EED9AE29F938F930E9475A0AC
:1034E00019820E94EB860E94EB860E94EB860F9069
:1034F0000F9083E0F82E9FE0E92E21E1C22E30E10B
:10350000D32EA8958FE498E40E943851892B09F4B2
:1035100086C08E010F5F1F4F2FE047EE54E265E437
:1035200078E48FE498E40E94EE588150803178F47A
:1035300022E040E06FE087EE94E20E94526A8EED56
:103540009AE29F938F930E9475A00F900F90F09234
:103550004E2510924F251092502510925125E09241
:103560005F25109260251092612510926225F092DD
:10357000D6251092D7251092D8251092D925E09201
:10358000E7251092E8251092E9251092EA2510927D
:10359000092610920A2610920B2610920C261092E1
:1035A0001A2610921B2610921C2610921D2610928D
:1035B0004D2610924E2610924F2610925026F092D1
:1035C000E6261092E7261092E8261092E926F0925D
:1035D0008026109281261092822610928326E092F5
:1035E0009126109292261092932610929426C092C1
:1035F000A2261092A3261092A4261092A526C0926D
:10360000C4261092C5261092C6261092C726109284
:103610002A2710922B2710922C2710922D27898170
:1036200081110AC08091880680FF03C0D092A6064F
:1036300068CFD092A50665CF0E944D968EE79AE39B
:103640000E948DA0898190E00F9008954091CA0159
:10365000E62FF72F8093CA0184914093CA01089501
:103660005058BB27AA270ED070C161D130F066D167
:1036700020F031F49F3F11F41EF456C10EF4E09592
:10368000E7FB4CC1E92F72D180F3BA1762077307C9
:103690008407950718F071F49EF58AC10EF4E09541
:1036A0000B2EBA2FA02D0B01B90190010C01CA01FC
:1036B000A0011124FF27591B99F0593F50F4503EA7
:1036C00068F11A16F040A22F232F342F4427585F99
:1036D000F3CF469537952795A795F0405395C9F7B1
:1036E0007EF41F16BA0B620B730B840BBAF0915069
:1036F000A1F0FF0FBB1F661F771F881FC2F70EC008
:10370000BA0F621F731F841F48F4879577956795DA
:10371000B795F7959E3F08F0B3CF9395880F08F0C3
:103720009927EE0F979587950895D4D008F481E0F6
:1037300008950CD00AC102D140F0F9D030F021F444
:103740005F3F19F0EBC0511134C1EEC00FD198F3B7
:103750009923C9F35523B1F3951B550BBB27AA2712
:1037600062177307840738F09F5F5F4F220F331F84
:10377000441FAA1FA9F333D00E2E3AF0E0E830D050
:1037800091505040E695001CCAF729D0FE2F27D053
:10379000660F771F881FBB1F261737074807AB0721
:1037A000B0E809F0BB0B802DBF01FF2793585F4F96
:1037B0002AF09E3F510568F0B1C0FBC05F3FECF3BB
:1037C000983EDCF3869577956795B795F7959F5F5B
:1037D000C9F7880F911D9695879597F90895E1E0AF
:1037E000660F771F881FBB1F621773078407BA070E
:1037F00020F0621B730B840BBA0BEE1F88F7E09569
:103800000895BCD088F09F5790F0B92F9927B751F1
:10381000A0F0D1F0660F771F881F991F1AF0BA9594
:10382000C9F712C0B13081F0C3D0B1E00895C0C073
:10383000672F782F8827B85F39F0B93FCCF386958A
:1038400077956795B395D9F73EF4909580957095E7
:1038500061957F4F8F4F9F4F0895E89409C097FB64
:103860003EF490958095709561957F4F8F4F9F4F57
:103870009923A9F0F92F96E9BB279395F69587959B
:1038800077956795B795F111F8CFFAF4BB0F11F45E
:1038900060FF1BC06F5F7F4F8F4F9F4F16C0882305
:1038A00011F096E911C0772321F09EE8872F762F3B
:1038B00005C0662371F096E8862F70E060E02AF07C
:1038C0009A95660F771F881FDAF7880F9695879568
:1038D00097F90895990F0008550FAA0BE0E8FEEF3D
:1038E00016161706E807F907C0F012161306E407C4
:1038F000F50798F0621B730B840B950B39F40A26BD
:1039000061F0232B242B252B21F408950A2609F49A
:10391000A140A6958FEF811D811D089597F99F679E
:1039200080E870E060E008959FEF80EC0895002447
:103930000A941616170618060906089500240A9414
:1039400012161306140605060895092E0394000C9A
:1039500011F4882352F0BB0F40F4BF2B11F460FF29
:1039600004C06F5F7F4F8F4F9F4F089557FD905852
:10397000440F551F59F05F3F71F04795880F97FB33
:10398000991F61F09F3F79F08795089512161306ED
:103990001406551FF2CF4695F1DF08C0161617061C
:1039A0001806991FF1CF8695710561050894089551
:1039B000E894BB2766277727CB0197F908958ADF1C
:1039C00008F48FEF08950BD0C0CFB1DF28F0B6DF39
:1039D00018F0952309F0A2CFA7CF1124EACFC6DFB4
:1039E000A0F3959FD1F3950F50E0551F629FF00112
:1039F000729FBB27F00DB11D639FAA27F00DB11D6B
:103A0000AA1F649F6627B00DA11D661F829F2227F3
:103A1000B00DA11D621F739FB00DA11D621F839F7A
:103A2000A00D611D221F749F3327A00D611D231F50
:103A3000849F600D211D822F762F6A2F11249F579E
:103A400050408AF0E1F088234AF0EE0FFF1FBB1FC1
:103A5000661F771F881F91505040A9F79E3F510560
:103A600070F05CCFA6CF5F3FECF3983EDCF3869519
:103A700077956795B795F795E7959F5FC1F7FE2B0B
:103A8000880F911D9695879597F908951BBEFC01A7
:103A900028ED24BF60830895991B79E004C0991F25
:103AA000961708F0961B881F7A95C9F78095089598
:103AB000A1E21A2EAA1BBB1BFD010DC0AA1FBB1F32
:103AC000EE1FFF1FA217B307E407F50720F0A21BA4
:103AD000B30BE40BF50B661F771F881F991F1A9411
:103AE00069F760957095809590959B01AC01BD013B
:103AF000CF010895EE0FFF1F881F8BBF0790F6912F
:103B0000E02D19940E948C9D8F93892F0E948C9D8B
:103B100099270F90800D0895082E817006940694C1
:103B2000811D0694811D0694811D0694811D0694B5
:103B3000811D0694801D08950E94269FA59F900DCB
:103B4000B49F900DA49F800D911D11240895DF93C3
:103B5000CF931F930F939A9DF02D219FF00D8B9D76
:103B6000F00D8A9DE02DF10D039FF00D029FE00DF9
:103B7000F11D4E9DE00DF11D5E9DF00D4F9DF00D70
:103B80007F936F93BF92AF925F934F93D5010E9443
:103B9000269F8B01AC01D7010E94269FEB01E80F05
:103BA000F91FD6010E94F69D2F913F91D6010E94E8
:103BB000269FC60FD71FE81FF91FAF91BF910E9424
:103BC000F69D2F913F910E94269FC60FD71FE81F99
:103BD000F91FD6010E94269FE60FF71F9801BE012C
:103BE000CF010F911F91CF91DF9108950E94269FE1
:103BF000460F571FC81FD91F08F431960895E8943F
:103C0000DF93CF93FC01DB010E94269F7F936F938C
:103C1000E9019A01AC01BF93AF933F932F93DF016A
:103C20000E94269F26F46C1B7D0B820B930B9E013A
:103C3000EB01FC010E94F69DAF91BF912F913F9146
:103C40000E94F69DBE01CF01F9012F913F91CF91C6
:103C5000DF910895689401C0E894F92FF12B12F0D8
:103C60000C945E9EA0E0B0E0E8E3FEE90C94D09EE8
:103C7000092E059422F40E94BA9E112392F4F0E8D2
:103C80000F26FFEFE094F09400951095B094C09447
:103C9000D094A194BF0ACF0ADF0AEF0AFF0A0F0BE4
:103CA0001F0B0E94699E07FC0E94BA9ECDB7DEB72B
:103CB000ECE00C94E99E689401C0E8948F929F9286
:103CC000CF93DF930E94699EDF91CF919F908F9059
:103CD000089588249924F401E401B0E49F93AA276D
:103CE0009A158B049C04ED05FE05CF05D007A107AE
:103CF00098F4AD2FDC2FCF2FFE2FE92D982C892E95
:103D0000982F872F762F652F542F432F322F22275E
:103D1000B85031F7BF9127C01B2EBF91BB27220F90
:103D2000331F441F551F661F771F881F991F881C4C
:103D3000991CEE1FFF1FCC1FDD1FAA1FBB1F8A147B
:103D40009B04EC05FD05CE05DF05A007B10748F093
:103D50008A189B08EC09FD09CE09DF09A00BB10BFD
:103D600021601A94E1F62EF49401AF01BE01CD0159
:103D7000000C0895609570958095909530954095CC
:103D8000509521953F4F4F4F5F4F6F4F7F4F8F4F54
:103D90009F4F08952F923F924F925F926F927F9222
:103DA0008F929F92AF92BF92CF92DF92EF92FF924B
:103DB0000F931F93CF93DF93CDB7DEB7CA1BDB0BF7
:103DC000CDBFDEBF19942A88398848885F846E8405
:103DD0007D848C849B84AA84B984C884DF80EE802F
:103DE000FD800C811B81AA81B981CE0FD11DCDBF71
:103DF000DEBFED010895002E083090F0982F872F38
:103E0000762F652F542F432F322F22270850F4CFBF
:103E1000220F331F441F551F661F771F881F991FCE
:103E20000A95B2F7002D08952A0D3B1D4C1D5D1D0E
:103E30006E1D7F1D801F911F08952A193B094C0993
:103E40005D096E097F09800B910B0895A29FB00157
:103E5000B39FC001A39F700D811D1124911DB29FBE
:103E6000700D811D1124911D08950F931F93CF9301
:103E7000DF939C01029710F422E030E0E091834848
:103E8000F091844890E080E0B0E0A0E0309791F4B9
:103E9000009709F445C0821B930B84309105B8F557
:103EA0008A819B816115710569F1FB01828393838E
:103EB000FE0111C0408151810281138142175307D5
:103EC000F0F04217530799F4109761F012960C9393
:103ED000129713961C933296CF01DF91CF911F91C9
:103EE0000F9108950093834810938448F4CF00976E
:103EF00019F04817590718F4CA01BD01EF01DF0195
:103F0000F801C4CF8093834890938448D1CFFE01B9
:103F1000E80FF91F21933193029788839983DCCFAF
:103F20008091854890918648892B41F4809184281E
:103F30009091852880938548909386488091822827
:103F400090918328009741F48DB79EB740918628C1
:103F500050918728841B950B409185485091864845
:103F60004817590708F0B8CF841B950B82179307A1
:103F700008F4B2CFB9016E5F7F4F8617970708F438
:103F8000ABCF640F751F6093854870938648FA0124
:103F900021933193A1CFCF93DF939C010097E9F058
:103FA000FC01329712821382C0918348D0918448D9
:103FB000DE0190E080E02097A1F480819181280FBC
:103FC000391F80918548909186488217930709F0A0
:103FD00067C0E0938548F0938648DF91CF910895BC
:103FE000DA01AE17BF0708F041C012964D915C91FF
:103FF0001397CD014115510599F7DC011296ED9308
:10400000FC9313974D915D91A40FB51FEA17FB0721
:1040100081F4208131812E5F3F4F240F351FDC0159
:104020002D933C9311972281338112962D933C93CB
:104030001397B0E0A0E08A819B810097B1F5FE0163
:1040400081919191E80FF91F809185489091864860
:104050008E179F0711F6109759F51092834810920A
:104060008448C0938548D0938648B7CFA283B38352
:1040700040815181240F351FA217B30771F44E5FA1
:104080005F4F2D913C911197240F351F2083318371
:1040900012962D913C9122833383009709F0ADCF86
:1040A000E0938348F093844898CFDE01EC01C3CFBE
:1040B00012961D921C921397D4CFFB01DC01415044
:1040C000504048F005900D920020C9F701C01D92A4
:1040D00041505040E0F70895FB01DC0102C001901F
:1040E0000D9241505040D8F70895CF93DF93CDB74C
:1040F000DEB7FE01369661917191AF0180918948DA
:1041000090918A480E94D5A0DF91CF910895609147
:10411000894870918A480C9414A60F931F93CF93EB
:10412000DF93E0918948F0918A48238100E010E014
:1041300021FD0EC00FEF1FEFC801DF91CF911F913E
:104140000F9108951995892B11F00FEF1FEFCE01F4
:10415000EC0189916091894870918A48DB01189639
:10416000ED91FC918111EECF8AE01995892B21F315
:10417000E1CFCF93DF93CDB7DEB72E97CDBFDEBFB4
:1041800085E08C838C899D8989839A83AE01485E02
:104190005F4F6E897F89CE0101960E9472A42E9690
:1041A000CDBFDEBFDF91CF9108952F923F924F9206
:1041B0005F926F927F928F929F92AF92BF92CF92B7
:1041C000DF92EF92FF920F931F93CF93DF93CDB7C0
:1041D000DEB72F97CDBFDEBF7C013B018A01DC013A
:1041E00016961D921C92179713968C9181FFD0C141
:1041F0009AE0292EFE0131964F01D70113969C912A
:10420000F30193FD859193FF81913F01882309F488
:1042100044C1853239F493FD859193FF81913F012B
:10422000853229F4B70190E00E9414A6E6CFB12CA4
:10423000412C512CBFE1B51538F08B3209F188F4CF
:10424000803201F1833221F157FC3AC020ED280F72
:104250002A3040F556FE1FC0B29C200D1124B22E0C
:1042600006C08D3291F0803379F7689450F8F301ED
:1042700093FD859193FF81913F018111DBCF20C098
:10428000689451F8689452F8F2CF689453F8EFCFDD
:10429000689454F8ECCF429C200D1124422E68946F
:1042A00055F8E5CF8E3229F456FCF7C0689456F8DD
:1042B000DECF8C3619F4689457F8D9CF8836B9F226
:1042C000982F9F7D95549330C0F0833681F18337CA
:1042D000A1F1833509F05BC0D801CD90DD908D014F
:1042E0006B2D70E056FC02C06FEF7FEFC6010E949D
:1042F000C0A55C01689457F80AC00C5F1F4FEFE33C
:10430000E983AA24A394B12C6401E89457F853FEDE
:1043100029C0342CA114B10451F5332009F46DCF18
:10432000B70180E290E00E9414A63A94F6CFD8013B
:104330008C9189830E5F1F4FE4CFF801C190D1901B
:104340008F016B2D70E056FC02C06FEF7FEFC6014E
:104350000E94CBA55C01D9CFB70180E290E00E941A
:1043600014A64A944A141B0409F0B0F7D2CFF60100
:1043700057FC859157FE81916F01B70190E00E9433
:1043800014A631103A94B1E0AB1AB108C3CF843609
:1043900019F0893609F071C0F80157FE67C06191C4
:1043A0007191819191918F01E52DEF76DE2E97FF2E
:1043B00009C090958095709561957F4F8F4F9F4F65
:1043C0006894D7F82AE030E0A4010E945CA6C82EC9
:1043D000C818AC2C5D2CD6FE0CC0E89450F8CB1459
:1043E00040F4D4FE05C0D2FC03C05D2D5E7E552E88
:1043F000AB2C54FEA5C0FE01EC0DF11D8081803375
:1044000009F097C0652D697E562E752D7870372E70
:1044100053FCA5C050FE9FC0BC2CA41410F4B40CD7
:10442000BA1854FEA2C0B70180E390E00E9414A61F
:1044300052FE07C088E751FC88E590E0B7010E9472
:1044400014A6CB1408F49DC0CA94D12C8FEFC81ABF
:10445000D80AC80CD91CD6018E916D01B70190E025
:104460000E9414A68C149D04B1F757CF61917191ED
:10447000072E000C880B990B96CFD52CE894D4F816
:104480002AE08537B9F1F52DF97FDF2E803731F13C
:10449000E8F4883531F18F3661F1F7018681978133
:1044A0002F96CDBFDEBFDF91CF911F910F91FF906F
:1044B000EF90DF90CF90BF90AF909F908F907F90C4
:1044C0006F905F904F903F902F900895883729F715
:1044D000D4FE02C06894D2F820E10CC06894D4F8ED
:1044E000F7CF54FE03C02F2F2660D22E20E132E0FA
:1044F00002C028E030E0F801D7FE15C0419151918B
:10450000619171914C875D876E877F878F01A401D0
:104510006C857D858E859F850E945CA6C82EC818F7
:10452000E894D7F856CF81919191AC0170E060E0AA
:10453000E9CF52FC02C0A39468CFA394A39465CFA3
:10454000852D867809F461CFF6CFB70180E290E03F
:104550000E9414A6A394A414C0F3312C62CF342C6F
:104560003A18A41408F45DCFF8CF852D867809F4A5
:1045700068CF8BE251FE80E257FC8DE2B70190E0FC
:104580005ECFB70180E390E00E9414A6BA9459CFA1
:104590008FEF9FEF85CFFC01CA01DB0120FD08C032
:1045A00023FD05C022FF02C0B383A28391838083D1
:1045B0000895CF92DF92EF92FF92CF93DF9300D0D6
:1045C0000F92CDB7DEB76B017C0183E044FD10C0D4
:1045D00084E046FD0DC0D601F701AA0FBB1FEE1FF8
:1045E000FF1F1094D1F7CA0EDB1EEE1EFF1E81E0E6
:1045F000CC0CDD1CEE1CFF1C8150D1F7D701C6018D
:10460000820F911DA11DB11DBC01CD012496CDBF0E
:10461000DEBFDF91CF91FF90EF90DF90CF900895B4
:104620000F931F93CF93DF938C01C8010E94D6A5EF
:10463000EC0197FD08C00E94ACA5892BB1F7B80129
:10464000CE010E9444A6CE01DF91CF911F910F9120
:104650000895AF92BF92CF92DF92EF92FF920F93A5
:104660001F93CF93DF938C01C62F5A01F22E0E9425
:10467000D6A5FC019927EB3221F08D97B1F468940F
:10468000F7F8C15061F480E0DF91CF911F910F9155
:10469000FF90EF90DF90CF90BF90AF900895C8014A
:1046A0000E94D6A5FC0197FDEECFDF2DDD7F8F2D7B
:1046B000807309F5E033F9F4EE24EA94EC0EC1308E
:1046C00091F0C8010E94D6A5FC0197FD0CC08F7D1A
:1046D000883569F4D264C25031F0C8010E94D6A571
:1046E000FC0197FF08C0C12CD12C76011CC0F6FE3E
:1046F0002CC0D260CE2DC12CD12C760120ED2E0FF6
:10470000283030F1D4FD09C02A3010F1D6FF05C0A1
:104710002F7D8FEE820F8630D0F0B801CF010E943E
:1047200044A6D1FFB0CFD7FF08C0F094E094D09456
:10473000C094C11CD11CE11CF11C2D2FB701A60196
:10474000C5010E94CBA281E09FCFD261D3CF275079
:104750004D2FC701B6010E94D9A26B017C01D26026
:10476000C15009F3C8010E94D6A5FC0197FFC6CF2E
:10477000DACF8F929F92AF92BF92CF92DF92EF9259
:10478000FF920F931F93CF93DF93CDB7DEB7A09720
:10479000CDBFDEBF6C01962E7A01CE0101965C0181
:1047A00080E2F50111928A95E9F7F601838089018B
:1047B00050E040E0B0E020E0A0E061E070E0F8010F
:1047C00083FC959183FE9191892F8F01911113C0E4
:1047D00010E000E0C801A096CDBFDEBFDF91CF9111
:1047E0001F910F91FF90EF90DF90CF90BF90AF900F
:1047F0009F908F9008959E3519F44115510531F120
:10480000A4171506ECF49D3549F19D32C9F4222315
:1048100009F1982F969596959695F501E90FF11D5A
:10482000982F97709B0101C0220F9A95EAF790810B
:10483000922B90838B1781F08B1730F48F5FE9CF29
:104840002111E7CFB92FE5CF8150E3CFA1E04F5F32
:104850005F4FB5CF21E0FBCF20E0F9CF222319F045
:104860008E8180628E83AA2361F0F5019E012F5D07
:104870003F4F8081DF01319680958C93E217F307DB
:10488000C1F788248394C6010E94D6A597FD16C05F
:10489000282F269526952695F501E20FF11D2081FA
:1048A00030E0AC014770552702C0359527954A95F1
:1048B000E2F720FD06C0B6010E9444A6882059F008
:1048C00087CFE114F10419F0F70181937F019A94E5
:1048D000812C9110D8CFE114F10409F47BCFF701BA
:1048E000108278CF6F927F928F929F92AF92BF92F9
:1048F000CF92DF92EF92FF920F931F93CF93DF93AC
:1049000000D000D0CDB7DEB75C016D837E83742EFE
:10491000652EDC0116961D921C921797C12CD501AD
:104920001396FC90ED81FE81F3FC8591F3FE81915D
:10493000182FED83FE838823F9F090E00E94ACA548
:10494000892B21F0C5010E9410A3E9CF153251F443
:10495000ED81FE81F3FC1591F3FE1191ED83FE8351
:10496000153269F4C5010E94D6A597FDA3C018179A
:10497000B1F2B5010E9444A68C2D90E09FC000E0EA
:104980001A3249F4ED81FE81F3FC1591F3FE119189
:10499000ED83FE8301E0D12C20ED210F2A3060F160
:1049A00001FF42C0DD2041F3183609F440C01C3637
:1049B00009F449C0112301F3612F70E080E694E00F
:1049C0000E94B5A5892BC1F2E12CF12C00FD06C097
:1049D000E72DF62DE190F1907E2E6F2E1E3609F018
:1049E0003CC0D50116964D915C9170E060E0202F9F
:1049F000C7010E94CBA293CF02608D2D90E0B0E062
:104A0000A0E089839A83AB83BC8340E2BC01CD01E3
:104A10000E94D9A2D62EED81FE81F3FC1591F3FE02
:104A20001191ED83FE83B8CFDD24DA94BDCFED8103
:104A3000FE81F3FC1591F3FE1191ED83FE83183690
:104A400009F0B8CF08600460ED81FE81F3FC159198
:104A5000F3FE1191ED83FE83ADCF1336B1F401FD6A
:104A600002C0DD24D394C5010E94D6A597FD22C0C3
:104A7000E114F10419F0F70181937F01DA94D11068
:104A8000F2CF00FD4CCFC3944ACF1B3549F52D81A1
:104A90003E81A7016D2DC5010E94B9A38D839E8320
:104AA000ED81FE81EF2B69F7D50113968C91807310
:104AB00009F462CF8FEF9FEFC1105ECF2696CDBF76
:104AC000DEBFDF91CF911F910F91FF90EF90DF90AC
:104AD000CF90BF90AF909F908F907F906F900895F0
:104AE000C5010E9410A397FDE5CF1F3699F130F460
:104AF000143641F0193639F0006405C01337A9F0B7
:104B00001537D1F70062202FA7016D2DC5010E9436
:104B100029A38111B6CFC8CFE114F10419F0F70130
:104B200081927F01DA94DD2071F0C5010E94D6A543
:104B30004C0197FD08C00E94ACA5892B69F3B50113
:104B4000C4010E9444A6E114F10409F49ACFF701CC
:104B5000108297CF0061D7CF91110C94BAA6803202
:104B600019F089508550C8F70895FC010590061684
:104B700021F00020D9F7C00108953197CF010895A1
:104B8000FC010590615070400110D8F78095909518
:104B90008E0F9F1F0895FC0161507040019001101D
:104BA000D8F7809590958E0F9F1F0895CF93DF9330
:104BB000EC018B8180FF33C086FF0CC08F7B8B8321
:104BC0008E819F8101968E839F838A8190E0DF9101
:104BD000CF91089582FF15C0E881F9819081292F36
:104BE000092E000C330B80629923C1F03196E883C3
:104BF000F9838E819F8101968E839F83C9019927B6
:104C0000E6CFEA85FB85CE0119959C0197FFF1CF90
:104C10009B812F3F3F4F31F080E2892B8B838FEFB9
:104C20009FEFD5CF80E1F9CF0F931F93CF93DF9301
:104C3000182F092FEB018B8181FD09C01FEF0FEFAA
:104C4000812F902FDF91CF911F910F91089582FFB7
:104C500014C02E813F818C819D81281739073CF437
:104C6000E881F981CF0101968883998310838E8131
:104C70009F8101968E839F83E3CFE885F985812FFD
:104C80001995892BA1F3DACFFB01238120FF11C0F5
:104C900026FD0FC08F3F980771F082832F7D20641F
:104CA0002383268137812150310926833783992731
:104CB00008958FEF9FEF0895FA01AA27283051F148
:104CC000203181F1E8946F936E7F6E5F7F4F8F4F3D
:104CD0009F4FAF4FB1E03ED0B4E03CD0670F781F9C
:104CE000891F9A1FA11D680F791F8A1F911DA11D81
:104CF0006A0F711D811D911DA11D20D009F46894BA
:104D00003F912AE0269F11243019305D3193DEF661
:104D1000CF010895462F4770405D4193B3E00FD017
:104D2000C9F7F6CF462F4F70405D4A3318F0495D02
:104D300031FD4052419302D0A9F7EACFB4E0A695E5
:104D40009795879577956795BA95C9F70097610507
:104D5000710508959B01AC010A2E0694579547955D
:104D600037952795BA95C9F7620F731F841F951F52
:104D7000A01D0895992788270895F894FFCF983F9C
:104D80009A3F9C3FAA3F9E3FAA3FAA3FAA3FA03F0F
:104D9000AA3FAA3FAA3FAA3FAA3FAA3FAA3FA23FD3
:104DA000AA3FAA3FAA3FAA3FAA3FAA3FAA3FAA3FBB
:104DB000AA3FAA3FAA3FAA3FAA3FAA3FAA3FA43FB1
:104DC000A4929092A292C692A092C692C8929E92EB
:104DD000C692C6929C92C692C6929C929A929892C1
:104DE0009692909294929092CC92CC929292B89207
:104DF000C692A292CC92CC92CC92CC92CC92CC92F3
:104E0000CC9294926A92CC92CC92CC92CC92AE926A
:104E1000AE92C492B692CC92CC92C692C292C092FA
:104E2000CC92C692BE929092BC92BA92C292C0921A
:104E3000CC92C692BE929092BC92BA92C292C0920A
:104E4000CC92C692BE929092BC92BA92C292C092FA
:104E5000CC92C692BE929092BC92BA92C292C092EA
:104E6000CC92C692BE929092BC92BA92C292C092DA
:104E7000CC92C692BE929092BC92BA92C292C092CA
:104E8000CC92C692BE929092BC92BA92C692B892BE
:104E9000B892C692C692B692B492B292C692B092AC
:104EA000AE92AC92C692AA92CA92A892B892B892C6
:104EB000C692A692C692C6928E92AA92B492B892C6
:044EC000C692C6923E
:104EC4006B54061D1F1E1B1C1A180000C73A2D0028
:104ED4000001000000000000000000AA84CA3A6536
:104EE400000000000000000000000000E877D03A55
:104EF400760000010000000000000000001B86D8BE
:104F04003A6C0000030000000000000000007F7104
:104F1400E13A680000030000000000000000008087
:104F240070EA3A6800000000000000000000000081
:104F3400CF6CF43A72010000000000000000000091
:104F440000E06C043B780200000000000000000058
:104F54000000DB70133B6C03000000000000000045
:104F64000000004D72223B6F0400000000000000AE
:104F740000000000D770303B640500000000000012
:104F840000000000009B703D3B760500000000001F
:104F940000000000000024784A3B66050000000081
:104FA40000000000000000EC78543B730500000092
:104FB400000000000000000001016A960E3B690039
:104FC4000000000000000000000000B896AD3B6443
:104FD4000100000000000000000000009F85B23BBB
:104FE400650200000000000000000000009C84FE38
:104FF4003A720300000000000000000000005C960C
:10500400B73B6B040000000000000000000000CD6E
:105014006CBC3B70050000000000000000000000B4
:10502400DE78C23B760600000000000000000000AD
:1050340000D06FD5326C07000300000000000000B0
:105044000000F078CA3B7408000000000000000073
:105054000000000270CF3B61090000000000000066
:10506400000000002C70D33B670A00000000000021
:105074000000000000E279D73B6800000000000057
:10508400000000000000266CDD3B690C00000000FD
:1050940000000000000000386C7E326C0C00000040
:1050A40000000000000000004A6CE13B6D0C0000B1
:1050B4000000000000000000005C6CE53B460C00B2
:1050C40000000000000000000000187BEB3B4C0CCB
:1050D4000000000000000000000000A87BF13B4439
:1050E4000C0000000000000000000000F37BF83B0F
:1050F400520C00000000000000000000002E7C00A4
:105104003C4E0C0000000000000000000000547C35
:10511400083C660C0000000000000000000000BD18
:105124006C2F31720C000000000000000000000031
:10513400BF6C27316E0C000000000000000000006E
:1051440000C16C3731640C00000000000000000056
:105154000000C36C103C760C00000000000000004E
:10516400000000B980143C670C000000000000003F
:1051740000000000E0801B3C4A0C0003000000001B
:105184000000000000C56C873E610C0003000000B5
:10519400000000000000E981223C770C00030000BD
:1051A400000000000000002382283C700C00000076
:1051B4000000000000000000C76C2F3C6F0C0000D2
:1051C4000000000000000000008282363C530C0006
:1051D40000000000000000000000BE823D3C6B0C9B
:1051E40000000000000000000000000183463C5164
:1051F4000C000000000000000000000045834C3C4F
:10520400500C0000000000000000000000C96C53B6
:105214003C4D0C0000000000000000000000CB6CBE
:10522400583C4F0C00000000000000000000001E6D
:105234006C5C3C630C0000000000000000000000F7
:105244008783043E730C000000000000000000008F
:10525400006193DB3C6300000000000000000000DC
:105264000000B86F643C660100000000000000000C
:10527400000000EB86683C6B0000000000000000AA
:1052840000000000046C7B3C710000000000000082
:105294000000000000EA938D3C6A0000000000005A
:1052A400000000000000066C9C3C70000000000040
:1052B400000000000000000194AA3C7201000000FC
:1052C40000000000000000008E8FB33C630000006B
:1052D4000000000000000000007896C33C74000049
:1052E40000000000000000000000E386043E790195
:1052F40000000000000000000000008A6ECA3C7834
:105304000200000000000000000000001471D03C06
:1053140069020000000000000000000000606ED878
:105324003C64020000000000000000000000AF6EBA
:10533400DF3C620200E803000000000000000001FE
:105344000101010A010001010280044006A0860156
:105354000000000000200000000000000000000029
:10536400005F29B42A092086240100564000005F0A
:1053740029B42A082086240148554000005F29B436
:105384002A072086240100F92004205F29B42A0377
:105394002086240100F82004205F29B42A022086F4
:1053A40024010054400420DB3C19240600043EB3CD
:1053B400230601B53DC9250A02E53C7326060357B9
:1053C4003D41250804EA3C1D271305EE3CC6211B7C
:1053D4000CF23CD9260406F83CFA200C07293B5F62
:1053E400200908FE3C3D200208033D9123020909DF
:1053F4003D1B20010A392B0A20010B0E3D2C2001F4
:105404000C666E133D6C00000000000000000000FC
:105414000000786E1E3D63010000000000000000E3
:10542400000000DE91293D5202000000000000004F
:10543400000000003491303D4E03000000000000E5
:1054440000000000008A90373D7202000000000056
:1054540000000000000052873E3D6E030000000083
:1054640000000000000000D988453D6404000000ED
:105474000000000000000000D089503D73040000CB
:10548400000000000000000000086C133D6C0000E8
:10549400000000000000000000007E6E1E3D63015D
:1054A4000000000000000000000000488A5B3D642A
:1054B400020000000000000000000000106C6A3DC3
:1054C40048020000000000000000000000126C749C
:1054D4003D4C020000000000000000000000CF8FDF
:1054E4007D3D710200000000000000000000000883
:1054F400908C3D73020000000000000000000000DA
:10550400758D993D68020000000000000000000055
:1055140000146CA03D6E02000000000000000000BA
:105524000000EA8BAB3D66020000000000000000B2
:10553400000000726E133D6C0000000000000000CB
:1055440000000000846E1E3D6301000000000000A6
:105554000000000000F78DBB3D6402000000000065
:10556400000000000000BF84CA3D440200000000A7
:1055740000000000000000AC8EBA3D730200000081
:1055840000000000000000002685C93D5302000011
:10559400000000000000000000166C133D6C0000C9
:1055A400000000000000000000007D85D83D72016D
:1055B40003000000000000000000003F8F223C7741
:1055C400010300000000000000000000FB6EDD3D50
:1055D4006F010000000000000000000000186CE6ED
:1055E4003D6800000000000000000000000010748E
:1055F400F53D73010000000000000000000000748D
:1056040072F13D53010000000000000000000000A2
:105614003A77003E7902000000000000000000001C
:1056240000A677093E7002000000000000000000A0
:105634000000D376163E6C0300000000000000005A
:10564400000000A772123E4C03000000000000009E
:1056540000000000B575273E64040000000000004F
:105664000000000000DA72233E4404000000000041
:105674000000000000001676333E740400000000B1
:10568400000000000000006873433E540400000062
:105694000000000000000000C174533E76050000C5
:1056A4000000000000000000002D725F3E5605005F
:1056B4000000000000000000000034756B3E62062C
:1056C40000000000000000000000000D73743E4262
:1056D4000600000000000000000000001A6C7D3E7F
:1056E400610600000000000000000000006C748CE3
:1056F4003E7206000000000000000000000044713B
:105704009B3E520600000000000000000000001C48
:105714006CA43E69060000000000000000000000C8
:10572400000000020000000022790000000000A038
:105734000803100203020200C201000300004F48E4
:10574400454800008D48200065786974006C73003A
:105754007375646F0001010000090100001101006C
:105764000019010000210100002901000031015F3E
:105774003B653B693B6D3B723B763B7B3B833B8AA2
:105784003B933B993BA33B1866080800054206433C
:105794000AC80002C8B20000200406D8101800018C
:1057A400500040701E4F0680002C016400B727484B
:1057B400A0010401007C001A072B0CB00D02008824
:1057C400048C318C31EC039303211E000004007E11
:1057D400000402000000000000000000000000A01F
:1057E4001FDFC8FD07000300038041000080002084
:1057F400080000000000000000200001920100E801
:1058040003A8002203000088130000F4010000E84C
:1058140003000050C3810000003F00000000080C9A
:105824000000000300000000000000000000000071
:105834000000000000000000000000000000000064
:1058440000000000000000000088080000000000C4
:105854000000000000000000000100000000000043
:10586400000000050100000D010000150100001DED
:10587400010000250100002D010000350103010095
:10588400000B010000130100001B010000230100B4
:10589400002B01000033010C010C01140114011C44
:1058A400011C01240124012C012C013401340100C8
:1058B40000010002000300040005000606010000C8
:1058C4000E010000160100001E0100002601000068
:1058D4002E01000036010001000008010000100143
:1058E4000000180100002001000028010000300120
:1058F400636C6F636B206265747765656E20312D10
:1059040031340A004552524F523A20496E76616C46
:10591400696420636C6F636B207370656369666987
:1059240065642E2053656C65637420004552524FA4
:10593400523A20004552524F523A2056616C7565D6
:10594400206F7574206F66206C6567616C207261CE
:105954006E6765206F662000A91B800401208624E1
:10596400010000000000A91B80040020862401001F
:1059740000000000C008400640420F00005468695F
:1059840073206973206E6F7420616E206F7065726E
:105994006174696E672073797374656D21000A3EC2
:1059A40000596F752068617665206265656E2067B1
:1059B40072616E74656420726F6F74207065726DAD
:1059C400697373696F6E732100256C75002563001C
:1059D4002530346C78006572726F723A20756E727D
:1059E40065636F676E697A656420636F6D6D616E60
:1059F40064206F7074696F6E006578697400557304
:105A04006167653A205B636D645D205B2D7C2D2DA1
:105A14005D5B617267315D205B2D7C2D2D5D5B616B
:105A24007267325D2E2E2E00436F6D6D616E64734E
:105A34003A000A20252D7300205B25637C25735DC5
:105A4400000925730A00444556434C4B3A20333031
:105A540030303030303030487A0046756E637469C7
:105A64006F6E2072656D6F766564004552524F52B9
:105A74003A204144353632345220696E76616C697D
:105A8400642072657475726E20636F646528256C7A
:105A940075290A0077616974696E6720256C756DD4
:105AA400730A004552524F523A20616435363234FB
:105AB400206D617820636F6E74726F6C20776F72E3
:105AC400642069732034303935007077725F666101
:105AD4006E28256C75290A004552524F523A20000F
:105AE400467265652072616D3A20256C7520627975
:105AF4007465730A0043757272656E742070686908
:105B04005F7265665F6D6F64653A2025640A0043C1
:105B1400757272656E74207068695F6578745F6D04
:105B24006F64653A2025640A004E657720706869C1
:105B34005F7265665F6D6F64653A2025640A004E86
:105B44006577207068695F6578745F6D6F64653A26
:105B54002025640A002530327800257320636F7293
:105B6400726563742076616C75652E004A455344F2
:105B7400204C4D4B204C6F636B20446574656374FB
:105B8400205374617475733A00696E7465726E6142
:105B94006C0065787465726E616C20646976696402
:105BA400652062792025750A002030782530347804
:105BB40020004552524F523A2053656C656374205D
:105BC4005265662028313A4578742C20323A2049AF
:105BD4006E742900457874205265662048434D3917
:105BE40038384C5033453A000A3078253032783A08
:105BF40000496E74205265662048434D3938384C4C
:105C04005033453A007265673A203078253034784D
:105C14000A0025732073706920736C69700A00256B
:105C2400732073796E632064656C61790A0064691A
:105C340076696465722076616C7565732E0A002539
:105C440073202573004552524F523A2042696173C2
:105C54002076616C7565206D7573742062652030E3
:105C6400206F7220312C206E6F742025750072789D
:105C74002062756666657220626961732E0A00454A
:105C840052524F523A2044656C6179206D75737499
:105C9400206265206265747765656E203020616ED0
:105CA400642036300025732064656C6179206C694A
:105CB4006E650A004552524F523A20547269672069
:105CC4006D6F6465206D7573742062652031206F7B
:105CD400722030002573206C61756E6368207068D3
:105CE4006173650A007370692073796E630A004EEC
:105CF4004F54453A205350492053594E4320746120
:105D04006B6573206E6F20696E7075740054696DD5
:105D14006500426F6172642056657273696F6E3AF2
:105D24002025730A0046757365253032783A203091
:105D340078253032780A006D61737465720042729E
:105D4400616E63683A2025730A006D63752D737460
:105D540061626C652D74357631306C312D332E369D
:105D64002D3133332D673831643063613331005260
:105D740065766973696F6E3A2025730A0032303292
:105D8400362D30372D31382D32323A31353A3433DD
:105D940000446174653A202573205554430A004732
:105DA40043433A2025642E25640A0050524F443A56
:105DB400205641554E540052544D3A2025690A004C
:105DC4004D43552053657269616C204E756D626553
:105DD400723A20004D4355204465766963653A2044
:105DE400004D4355205265766973696F6E3A200001
:105DF4004D43552046757365733A006572726F7230
:105E04003A200054656D70303A2025336920430AE6
:105E14000054656D70313A2025336920430A0055DA
:105E24006E7265636F676E697A65642000554E4BC8
:105E34004E4F574E3A20454550524F4D206E6F7489
:105E44002070726F6772616D6D6564206F7220647B
:105E54006F6573206E6F7420657869737400525493
:105E64004D202575200053455249414C202573206F
:105E7400002D2046656174757265733A0020726561
:105E8400672030782578203D20307825783B004EF7
:105E94006F6E65000A504C4C2053544154555300C6
:105EA4004C4D5820504C4C3A20556E6C6F636B65CA
:105EB400642C205674756E65204C6F7720004C4D11
:105EC4005820504C4C3A20496E76616C69642073BA
:105ED40074617465004C4D5820504C4C3A204C6F02
:105EE400636B656420004C4D5820504C4C3A20554F
:105EF4006E6C6F636B65642C205674756E652048F8
:105F040069676820004552524F523A204C4D582040
:105F140047656E65726963204572726F72005643FD
:105F24004F3A2056433025303478200A00434150FC
:105F34004354524C20636170636F64653A2025308A
:105F44003458200A004441434953455420616D703C
:105F54006C69747564653A2025303458200A004C05
:105F64004D58323539352064756D703A00203078DB
:105F740025303478006C6D7820706C6C20736574F7
:105F8400206E3A2030782530346C78200A0072650F
:105F940067203078423A20307825303478200A005F
:105FA400666F75743A203078256C780A00643A205C
:105FB40030782530346C780A006676636F3A203086
:105FC40078256C780A005374726169676874207468
:105FD40068726F7567682073656C656374656420A7
:105FE400006572726F72206E006572726F72207239
:105FF400006572726F722064006572726F7220663F
:106004006F7574006572726F7220667064006572D9
:10601400726F7220707772006572726F722063689B
:10602400616E204220667265712063616E206E6F1E
:10603400742065786365656420313547487A005378
:106044006F6D657468696E67277320616D6973731A
:10605400004552524F523A20696E76616C69642051
:106064006420646976696465720072656769737433
:106074006572203078253032783A203078253034F3
:1060840078200A006D757876616C3A2025750A00CF
:106094004552524F523A205F5F46494C455F5F3A42
:1060A4005F5F4C494E455F5F20696E205F5F667598
:1060B4006E635F5F3A20696E76616C6964206D750A
:1060C4007876616C20282900616464723A20256C1A
:1060D400750A00736574204D75784120746F3A20F9
:1060E400256C750A00736574204D75784220746FB1
:1060F4003A20256C750A0052455345543A206C6F7A
:10610400770052455345543A206869676800496EE0
:1061140076616C696420696E7075742E206D757378
:106124007420626520312028726573657429206F9C
:106134007220302E005057522044574E3A206C6F34
:1061440077005057522044574E3A206869676800D8
:10615400496E76616C696420696E7075742E206D69
:1061640075737420626520312028706F7765722002
:10617400646F776E29206F7220302E0053594E437E
:106184003A2064697361626C65640053594E433A02
:1061940020656E61626C656400496E76616C696449
:1061A40020696E7075742E206D757374206265207D
:1061B40031202873796E6320656E61626C65642991
:1061C400206F7220302E002D20636C6F7365207356
:1061D400657269616C20706F7274206265666F729B
:1061E400652070726F6772616D6D696E67004552EC
:1061F400524F523A205265626F6F7420756E7375F8
:106204006365737366756C2E002573206F64642058
:106214002573002573206469676974616C20646563
:106224006C61792E0A0061646C793A2030782530EB
:1062340034780A0061646C7920696E2070733A20A6
:106244003078253034780A004552524F523A205360
:10625400656C65637420504C4C2028313A4A455390
:10626400442C20323A205245462900257320657675
:10627400656E202573004552524F523A204661699B
:106284006C656420746F207265616420616E616C5A
:106294006F672064656C61792E007364636C6B2096
:1062A40064646C793A203078253034780A00526579
:1062B400616420416464726573733A2030782530D8
:1062C40034580A00526561642056616C756520205B
:1062D4003A203078253032580A0053796E74682099
:1062E400646961676E6F7374696320696E69746948
:1062F400617465643A005265666572656E63652013
:10630400536F757263653A20004A455344204C4DDF
:106314004B204C6F7373206F66204C6F636B20535C
:1063240074617475733A004A455344204C4D4B20B4
:1063340050696E204C44205374617475733A20255F
:106344003034780A0050686920496E742072656799
:106354003120283369293A202533692028307829C7
:106364003A203078253034780A005068692045781E
:1063740074207265673120283369293A20253369EE
:1063840020283078293A203078253034780A004A99
:10639400455344204C4D4B20526567332052656170
:1063A40064283078293A3078253034780A004C4D06
:1063B4004B3034383238204A4553442064756D706C
:1063C4003A00706C6C3220723A2030782530346C8C
:1063D400780A00646576636C6B2064646C79206869
:1063E4006967683A203078253034780A0064657625
:1063F400636C6B2064646C79206C6F773A2030781E
:10640400253034780A004A455344205359535245A1
:10641400462050756C7365004552524F52286C6D7E
:106424006B30343832785F706C6C5F6C645F6765B6
:1064340074293A2062616420726561642C20756E4F
:10644400657870656374656420686967682062694B
:106454007400706C6C32206E3A2030782530346CC5
:10646400780A00706C6C32206E5F63616C3A203085
:10647400782530346C780A004552524F523A202520
:1064840073203120616E64203236323134332E0A67
:106494000044203D202575200A0050203D2025750C
:1064A400200A00257320666F72204E20616E6420DE
:1064B400442E20556E61626C6520746F206C6F638E
:1064C4006B2E004E63616C203D20256C75200A0004
:1064D400257320504C4C32206469760A00257320C1
:1064E4003120616E642033322E0A00257320636CE0
:1064F4006B20646976696465722E0A00737973721D
:106504006566206469763A203078253034780A004C
:106514002573203820616E6420383139312E0A0009
:1065240025732073797372656620636C6B206469CC
:1065340076696465722E0A005741524E494E473AB5
:10654400206C6D6B30343832785F64636C6B5F64DD
:10655400646C795F7365745F64796E616D696328D7
:106564002920697320756E746573746564005741DE
:10657400524E494E473A206C6D6B30343832785F56
:1065840064636C6B5F64646C795F7365745F647976
:106594006E616D6963282920757365732072656166
:1065A4006472656720616E642077726974657265D0
:1065B4006720726174686572207468616E20736507
:1065C4007472656700434C4B3A202575004849476F
:1065D400483A202575004C4F573A202575002573FD
:1065E4002032202D2031362E0A004552524F523A85
:1065F4002044444C592074616B6573203020666FCD
:106604007220726561646261636B20616E64203123
:1066140020746F2073657420612076616C75652E1B
:10662400005741524E494E473A206C6D6B30343816
:1066340032785F64636C6B5F64646C795F736574F8
:106644005F6669786564282920697320756E7465AE
:1066540073746564005741524E494E473A206C6D3D
:106664006B30343832785F64636C6B5F64646C796C
:106674005F7365745F66697865642829207573653E
:1066840073207265616472656720616E642077723D
:1066940069746572656720726174686572207468D4
:1066A400616E20736574726567005741524E494E9E
:1066B400473A206C6D6B30343832785F68616C66B1
:1066C4005F737465705F736574282920697320751E
:1066D4006E746573746564005741524E494E473A6F
:1066E400206C6D6B30343832785F68616C665F7330
:1066F4007465705F736574282920757365732072DF
:1067040065616472656720616E642077726974657F
:1067140072656720726174686572207468616E20A6
:10672400736574726567002573203120282D302E1F
:1067340035206379636C657329206F7220302028BB
:1067440030206379636C6573292E0A0025732073E6
:106754007973726566206469676974616C20646525
:106764006C61792E0A00636C6B206E756D3A20257E
:10677400750A006D6F64323A2025750A0064656CF1
:1067840061793A2025750A00257320302D32332E85
:106794000A00257320616E616C6F672064656C610B
:1067A400792E0A0064656C61792076616C75653AAE
:1067B40020256C750A00257320302D31352E0A00F2
:1067C400577269746520416464726573733A20304A
:1067D40078253034580A0057726974652056616C04
:1067E400756520203A203078253034580A005365E6
:1067F4007474696E672053595352454620746F2050
:10680400436F6E74696E756F75732E00536574747F
:10681400696E672053595352454620746F20507552
:106824006C7365642E005741524E494E473A206CB2
:106834006D6B30343832785F7379737265665F6478
:10684400646C795F736574282920697320756E748C
:106854006573746564005741524E494E473A206C43
:106864006D6B30343832785F7379737265665F6448
:10687400646C795F7365742829207573657320725D
:1068840065616472656720616E64207772697465FE
:1068940072656720726174686572207468616E2025
:1068A40073657472656700257320382D383139316A
:1068B4002E0A002573203120616E6420343039356E
:1068C4002E0A00706C6C3220723A203078253034F5
:1068D400780A002573203120746F20313633383321
:1068E4002E0A00706C6C31206E3A203078253034DA
:1068F400780A00257320504C4C31206469760A00D4
:10690400257320312D31363338332E0A00706C6CE8
:106914003120723A203078253034780A007077724A
:106924005F636C6B28256C75290A00426F6F7420B5
:106934005761726E696E67733A2025690A0053794C
:106944006E746820426F6172643A20466174616CAF
:10695400206572726F722C20736166656C79207386
:1069640068757474696E6720646F776E2E00657243
:10697400726F723A20426F6172642064656D6F2099
:106984006661696C6564002D2D00656E7465720026
:10699400766572626F7365006C6D6B5F72656773A9
:1069A40000686D635F726567730068656172746225
:1069B400656174006865617274626561745F7265B3
:1069C400736574006865617274626561745F696E91
:1069D400697400706C6C5F6C6F636B646574656381
:1069E4007400706C6C5F6C6F6C737461747573009D
:1069F4006D63755F6465766963656964006D63756D
:106A04005F7265766973696F6E006D63755F667535
:106A1400736573006D63755F73657269616C0054AF
:106A2400696D65200054582000525820004469675D
:106A340020004250200050575220004645435452F3
:106A44004C20004C4F47454E20004372696D736FD4
:106A54006E20004379616E200043616C616D696E44
:106A640065200043686573746E7574200064656DF9
:106A74006F0064696167006B696C6C0070616E69BA
:106A8400630076657273696F6E0074656D70007271
:106A9400616D00676C650068777665720069736F75
:106AA400006D696400666273656C00706C6C4C44C4
:106AB40000726567646D7000706C6C52736574006D
:106AC400706C6C4E73657400736574467265710006
:106AD40076636F00676574726567007365746D75BE
:106AE40078007772697465006C6D78507772006C09
:106AF4006D785265660073657456616C00696E69E1
:106B040074526567730052657365740050777244FC
:106B1400776E006D61736B006F6666006368616E0B
:106B24006E656C0066616E00746F67676C655F6AA2
:106B34006573645F73797372656600746F67676CFD
:106B4400655F706C6C5F7379737265660073796EE0
:106B5400635F6A6573645F656467650073796E6318
:106B64005F706C6C5F656467650073796E635F6109
:106B74006C6C0073796E635F636F6E74696E756FAE
:106B840075730074656E72656600786F7265660071
:106B9400696E666F72656600646576636C6B00622D
:106BA400656E63680061646C7900484D43006C6DE8
:106BB4007800646562756700626F61726400647571
:106BC4006D7000706F77657200626F6F7400686536
:106BD4006C70006C6D6B5F73656C65637400636CE3
:106BE4006B5F73656C65637400706C6C315F72000D
:106BF400706C6C315F6E00706C6C325F7200706C24
:106C04006C325F6E00646576636C6B5F64697600FA
:106C1400737973636C6B5F646976007365745F6426
:106C2400796E616D5F64646C790064646C795F682B
:106C34006967680064646C795F6C6F770073646380
:106C44006C6B5F64646C795F736574007379735FF4
:106C540064646C795F7365740068735F7365740052
:106C6400737465705F636F756E74007365745F66CB
:106C7400697865645F64646C79007364636C6B5FEA
:106C840061646C795F736574007364636C6B5F61DA
:106C9400646C795F6765740072656164006F637822
:106CA4006F5F64616300686D635F73656C656374D3
:106CB400006765745F73796E635F64656C61790006
:106CC4007370695F73796E63007370695F736C6965
:106CD40070006765745F6C61756E63685F7068618E
:106CE4007365006765745F64656C61795F6C696E78
:106CF4006573007365745F6578745F747269676740
:106D04006572006765745F6578745F74726967673C
:106D14006572007365745F6469766964657200679F
:106D240065745F64697669646572007365745F6233
:106D3400696173006765745F626961730077726982
:106D440074655F7265675F61646472007772697409
:106D5400655F7265675F6461746100726561645F39
:106D640072656700363833325F696E73656C005044
:106D74004C4C2575204C6F636B65640A00504C4C79
:106D8400257520556E6C6F636B65640A004552521D
:106D94004F523A20756E61626C6520746F20726583
:106DA400616420454550524F4D00454550524F4D6A
:106DB400205741524E494E473A2070726F647563B2
:106DC40074206D69736D617463680A20454550527F
:106DD4004F4D2050726F64756374204E616D653A37
:106DE4002025730A20466C61736865642050726FB5
:106DF40064756374204669726D776172653A202503
:106E0400730A0A00454550524F4D205741524E498E
:106E14004E473A20626F617264206D69736D6174CC
:106E240063680A20454550524F4D20426F61726499
:106E3400204E616D653A2025730A20466C617368A3
:106E4400656420426F617264204669726D77617275
:106E5400653A2025730A0A00454550524F4D205784
:106E640041524E494E473A2072746D206D69736DDC
:106E7400617463680A20454550524F4D2052544D69
:106E84003A2052544D2025640A20466C617368658B
:106E9400642052544D204669726D776172653A20C0
:106EA40052544D2025640A0A00504C4C2575204943
:106EB4006E746572727570746564204C6F636B0ACE
:106EC40000504C4C257520436F6E74696E756F7558
:086ED40073204C6F636B0A0090
:00000001FF
