:100000000C947B160C949C160C949C160C949C16C9
:100010000C949C160C949C160C949C160C949C1698
:100020000C949C160C949C160C949C160C949C1688
:100030000C949C160C94EC1C0C949C160C949C1622
:100040000C949C160C949C160C949C160C949C1668
:100050000C949C160C949C160C949C160C949C1658
:100060000C949C160C94DC8D0C949C160C94B28D04
:100070000C949C160C949C160C949C160C949C1638
:100080000C949C160C949C160C949C160C949C1628
:100090000C949C160C949C160C949C160C949C1618
:1000A0000C949C160C949C160C949C160C949C1608
:1000B0000C949C160C949C160C941B1D0C949C1672
:1000C0000C949C160C949C160C949C160C949C16E8
:1000D0000C949C160C949C160C949C160C949C16D8
:1000E0000C949C160C949C160C949C160C949C16C8
:1000F0000C949C160C949C160C949C160C949C16B8
:100100000C949C160C949C160C949C160C949C16A7
:100110000C949C160C949C160C949C160C949C1697
:100120000C949C160C949C160C949C160C949C1687
:100130000C949C160C949C160C949C160C949C1677
:100140000C949C160C949C160C949C160C949C1667
:100150000C949C160C949C160C949C160C949C1657
:100160000C949C160C949C160C949C160C949C1647
:100170000C949C160C949C160C949C160C949C1637
:100180000C949C160C949C160C949C160C949C1627
:100190000C949C160C949C160C949C160C949C1617
:1001A0000C949C160C949C160C949C160C949C1607
:1001B0000C949C160C949C160C949C160C949C16F7
:1001C0000C949C160C949C160C949C160C949C16E7
:1001D0000C949C160C949C160C949C160C949C16D7
:1001E0000C949C160C949C160C94638D0C9468953E
:1001F0000C94EC6C0C9402720C940F6D0C9423997B
:100200000C94E0980C94E91B0C94A4980C94788DB1
:100210000C94B36E0C94DD7B0C9469980C940A9743
:100220000C94C77C0C94CF840C9430900C94517433
:100230000C9496980C9494980C94C48B0C94956E92
:100240000C943F990C9443990C940D990C944697F7
:100250000C94BA980C94B6900C949F290C949C988A
:100260000C948B6C0C944E730C94F86C0C94CA9890
:100270000C9437990C94D37B0C94D83F0C94A09891
:100280000C948F830C9414770C9431990C94DA3F6E
:100290000C9402750C940F990C94ED980C94E43F17
:1002A0000C941F990C94A2980C94476C0C94B96E02
:1002B0000C942A8D0C946A7A0C94E08B0C949A9886
:1002C0000C9429990C94727F0C94A76E0C9434882A
:1002D0000C943B990C94BC790C94FE6C0C942C7B84
:1002E0000C944D6C0C94AE980C9427990C94A16EC0
:1002F0000C94B2980C94FA6C0C9430720C94E688BE
:100300000C9441990C9445990C9421990C947B7709
:100310000C94A6980C9453790C9489970C94157AA4
:100320000C94B36F0C947C720C94FC6C0C94628CE7
:100330000C94E7770C941D990C94397A0C94DE7820
:100340000C94268C0C94F4A10C94F7780C941399CB
:100350000C94E2710C94CD970C941C8D0C94C97084
:100360000C9498980C94376C0C94796C0C949E981F
:100370000C94558D0C94F66C0C94D28B0C943170BB
:100380000C94C6980C9419990C94B5720C94E8725C
:100390000C94DE6E0C944C700C94B5850C94F46C3B
:1003A0000C94C2980C94EE6C0C94AC980C94F87B62
:1003B0000C94436C0C9439990C9488700C94BE98EE
:1003C0000C948F6E0C9434710C94BC980C94F26C59
:1003D0000C94F06C0C94B0980C94E03F0C947575F0
:1003E0000C94496C0C949B6F0C94556C0C94B898BD
:1003F0000C948C700C9460850C946C7E0C944B6CFB
:100400000C94DC900C94A9730C94AA980C94B49856
:100410000C94AB960C9425990C94DE3F0C94C498E4
:100420000C940B990C942D990C94C8980C94DC3F67
:100430000C94A8980C94EA3F0C9411990C94C098D1
:100440000C94F9700C94AD6E0C946A8E0C947B90A5
:100450000C94D2810C948E980C94E23F0C94DD6F36
:100460000C940F980C94FC860C942B990C941B7391
:100470000C9433990C94F27F0C9492980C943F6CEA
:100480000C94456C0C9415990C9471960C94A08F57
:100490000C9435990C9457760C9417990C94AA8D5A
:1004A0000C94C3860C94B6980C94416C0C941B99D4
:1004B0000C94EB980C9410790C9441950C94F6756F
:1004C0000C9415840C9439860C9490980C94828723
:1004D0000C943D990C942F990C94676C0C94AD740A
:1004E0006364696E6F70737578585B00BCE5ACC56A
:1004F0009C85960392C1912190961D03ED01DCFD30
:10050000CCF5BCE5ACC5A86EBCE5ACC59C85960336
:1005100092C1912190961D03ED01DCFDCCF5BCE567
:10052000ACC5A86E436F6D6D616E647320666F72AB
:100530002074686520414452463635313820766152
:10054000726961626C65206761696E20616D706CB3
:1005500069666965722E00436F6E74726F6C7320EA
:100560007468652066726F6E74656E6420524620F2
:1005700073776974636865732E0052656769737475
:1005800065722064756D707320666F72207265737A
:1005900070656374697665207065726970686572EC
:1005A000616C732E0045786563757465732074659E
:1005B000737420766563746F72732E00436F6E746C
:1005C000726F6C732074686520626F617264206C56
:1005D0006576656C2066756E6374696F6E732E2028
:1005E00053657175656E7469616C2065786563200B
:1005F0006F6620617267756D656E74732E0053743B
:100600006174757320616E642066756E6374696FC2
:100610006E73207573656420666F7220636865630E
:100620006B696E672074686520626F6172642E204A
:10063000004F4E2F4F464620737769746368657389
:100640002C202830206973204F46462C2031206909
:1006500073204F4E2900426F6F746C6F6164657236
:10066000206F7074696F6E732E0045786974732003
:1006700066726F6D207468697320626F61726420A6
:100680006261636B20746F20746865204449474938
:1006900054414C20626F6172642E005072696E7416
:1006A00073206F7574207468652068656C70206DA8
:1006B000656E7520666F722074686520626F617266
:1006C000642E00240557057A05A505BC05FE0531F5
:1006D0000656066A069B065370656369667920773D
:1006E00068696368206368616E6E656C20612C6266
:1006F0002C632C64204F5220626974206D61736BEF
:100700002E204D55535420737065636966792066B9
:10071000697273742E004E756C6C20746865205677
:1007200047412773206F7574707574204443206FA0
:100730006666736574732E203120746F20656E6158
:10074000626C652E00427970617373207468652055
:100750005647412773204C502066696C7465722E91
:10076000203120746F20656E61626C652E005365C8
:1007700074205647412773204C5020636F726E657A
:1007800072206672657120696E204D487A2E005382
:100790006574205647412773206761696E2E2028B3
:1007A00043616C6C7320646761696E20616E6420C4
:1007B000616761696E292E20496E7075743A203028
:1007C000202D20393520282D36306442202D20332D
:1007D00035644229004765742056474127732067D6
:1007E00061696E2E0053656C656374205647412025
:1007F0004368616E6E656C2028303A20426F7468E1
:100800002C20493A20312C20513A203229004368CB
:1008100065636B20696620564741206761696E20D9
:10082000697320746F6F204869676820666F722053
:10083000746865204144432E2028303A204E6F2CA6
:1008400020313A2059657329005365742056474179
:100850002773206469676974616C206761696E2E13
:100860002033644220696E6372656D656E74732C0B
:1008700020496E7075743A2030202D20382028349D
:10088000326442202D20363664422900536574209C
:10089000564741277320616E616C6F6720676169FD
:1008A0006E2E20302E31644220636F6E74726F6C36
:1008B0006C65642C20496E7075743A2030202D20B0
:1008C00037323020282D3130326442202D202D3314
:1008D00030644229005365742056474127732070C5
:1008E0006F737420616D70206761696E2E20302DEA
:1008F000313A20332F3964422E0053657420564715
:1009000041277320696E70757420616E616C6F672A
:1009100020617474656E756174696F6E20696E20F4
:1009200064422E20476F6573207468726F75676824
:1009300020414435363234522E00536574205647D8
:10094000412773207077722D6D6F6465206261732B
:100950006564206F6E204C5020636F726E6572204C
:10096000667265712E20312069662066696C746537
:1009700072206D6F646520616E642033314D487A5A
:10098000203C2042572C20656C7365203630204D6A
:10099000487A203C20425700D706160745076E07C5
:1009A0008F07D507E5070E0849088C08D508FA080F
:1009B0003A0943686F6F73652074686520686967DA
:1009C000682028302E352D362047487A29206F722E
:1009D000206C6F7720284443202D20302E3520476F
:1009E000487A292062616E642E2048696768283140
:1009F00029206F72206C6F772830292E0042797081
:100A000061737320746865204C4E41206F6E2074B2
:100A1000686520686967682062616E642E2042798B
:100A20007061737328312920746865204C4E412011
:100A30006F72206E6F742830292E005365747320F6
:100A400066726571206F6620484D43383333206FDE
:100A500075747075742C20696E204B487A2E005383
:100A6000776565707320484D43383333206672656F
:100A70007175656E63792066726F6D20302E324716
:100A8000487A20746F203647487A20776974682046
:100A9000612073746570206F662031304D487A0094
:100AA000504C4C20496E70757420526566657265B5
:100AB0006E6365204672657175656E637900536576
:100AC000747320426173652042616E6420566172C6
:100AD0006163746F7220766F6C7461676520283073
:100AE0002D3430393629203056202D20322E3556DF
:100AF0000053656C65637420746865207461726767
:100B0000657420504C4C2028302920484D43383300
:100B1000302028312920484D433833330053657441
:100B200020504C4C20496E7075742044697669647D
:100B300065722076616C75652E203120746F2031CE
:100B4000363338330053657420504C4C204665656D
:100B5000646261636B2044697669646572207661C2
:100B60006C75652E20313620746F20353234323565
:100B7000350053657420504C4C2056434F204F7520
:100B80007470757420446976696465722076616C4E
:100B900075652E20312C20322C20342C2036202E2E
:100BA0002E20363200456E61626C652F4469736198
:100BB000626C652056434F204F75747075742046E3
:100BC00072657175656E637920446F75626C6572CC
:100BD0000053656C656374732074686520636F727D
:100BE000726563742046696C7465722042616E6B35
:100BF00020666F72206120676976656E2066726577
:100C00007175656E637920696E206B487A004D7549
:100C100074657320746865204C4F20467265717549
:100C2000656E63792053796E74686573697A65724D
:100C3000207768656E20757365640053656C656325
:100C40007420504C4C204F757470757420506F7721
:100C500065722028303A202D3464426D2C20313AC0
:100C6000202D3164426D2C20323A203264426D2CAA
:100C700020333A203564426D290053656C656374F6
:100C8000732044534120417474656E756174696FBB
:100C90006E2C2028303A203064426D202D3E2031C9
:100CA00032373A2033312E373564426D29004144C2
:100CB00046343335352F4144463533353520446984
:100CC000726563742052656769737465722041634D
:100CD00063657373203C3C323862697420646174CC
:100CE000613E3C3462697420616464726573733E72
:100CF0003E00414446343335352F41444635333583
:100D000035206175746F63616C20656E61626C651E
:100D100020283120666F7220656E61626C65293E05
:100D20003E00D706B209FD093B0A5F0AA00ABE0AC7
:100D3000F10A1D0B450B720BA50BD10B0E0C3B0CD6
:100D40007A0CAE0CF20C44756D707320616C6C20E3
:100D50007468652072656769737465727320666F65
:100D6000722074686520414443313644583337302B
:100D70002E0044756D707320746865207265676914
:100D8000737465727320666F722074686520726573
:100D900067756C617220616E64205246204750492D
:100DA0004F580044756D707320616C6C20746865D9
:100DB0002072656769737465727320666F72207440
:100DC000686520414452463635313800D706460D15
:100DD000720DA30D5365742074686520737065638C
:100DE0006966696564204750494F582070696E20D4
:100DF000686967682E00436C6561722074686520BD
:100E0000737065636966696564204750494F58206F
:100E100070696E206C6F772E0052756E7320737040
:100E200065636966696564207465737420766563BB
:100E3000746F72206F6620746865205043413935A5
:100E400033382E0052756E7320737065636966695E
:100E50006564207465737420766563746F72206FA7
:100E60006620746865204144433136445833373036
:100E70000052756E732073706563696669656420DE
:100E80007465737420766563746F72206F66207466
:100E9000686520414452463635313800D706D40DB6
:100EA000F60D190E440E710E526577726974652045
:100EB000616C6C207265677320666F7220656E745A
:100EC00069726520626F6172642E005475726E20C3
:100ED0006F6E206F75747075747320287065722042
:100EE0006368616E6E656C292E0052756E732064A6
:100EF0006961676E6F73746963206F6E20706572CD
:100F00006970686572616C20287065722063686121
:100F10006E6E656C292E2053686F756C642070723C
:100F2000696E7420616C6C20726567697374657298
:100F3000732E005475726E206F6666206F75747024
:100F40007574732028706572206368616E6E656CBD
:100F5000292E00506F776572206379636C6520706D
:100F600065726970686572616C7320616E6420726D
:100F7000756E7320626F61726420696E69742028D7
:100F8000706572206368616E6E656C292E00547501
:100F9000726E206F66662070657269706865726136
:100FA0006C732E005475726E732065766572797459
:100FB00068696E67206F66662E005072696E747382
:100FC000206F75742074686520736F667477617222
:100FD0006520616E64206861726477617265207655
:100FE000657273696F6E2E0050726F7669646573F7
:100FF0002074686520616D6F756E74206F66205275
:10100000414D206C65667420286279746573292EC1
:1010100000546865204144432077696C6C20656EFC
:1010200061626C65207468652053595352454620AF
:10103000646574656374696F6E20676174652066AA
:101040006F72204A45534420696E697469616C6906
:101050007A6174696F6E2E005468652041444320A4
:1010600077696C6C206F7574707574204A455344B1
:101070002054657374205061747465726E732E20F1
:10108000303A206F66662C20313A204432312E35BA
:101090002C20323A204B32382E352C20333A207215
:1010A000707420494C412C20343A2072616D702CB0
:1010B00020353A20484947482E00456E61626C69E8
:1010C0006E67207468652053595352454620646505
:1010D00074656374696F6E20676174652E203120BA
:1010E000746F20656E61626C652C203020746F20F7
:1010F00064697361626C65004F75747075747320F8
:10110000612031362D626974207265706561746981
:101110006E672073657175656E6365205B302C208A
:1011200032363238302C20302C202D3236333238C3
:101130005D2066726F6D20746865204144432063B2
:101140006F72652E0050726F7669646573207468E3
:10115000652074656D7065726174757265202830E4
:101160002D31292E00426C696E6B732074686520E6
:101170004C4544206120737065636966696564202D
:101180006E756D626572206F662074696D65732E71
:101190000053656C6563747320474C45206D6F6424
:1011A000653A204D43555F474C45283129206F72E1
:1011B00020465047415F474C452028322900D7063A
:1011C000A80ECB0EEA0E330F530F8E0FA40FBA0FDB
:1011D000E80F11105810BA10F8104511651191114F
:1011E000436F6D6D616E6420666F72207072696E00
:1011F00074696E67207468652063757272656E74B9
:10120000206865617274626561742076616C7565D1
:10121000206F662074686520525820626F61726486
:1012200000436F6D6D616E6420666F72207265732E
:10123000657474696E67207468652068656172748E
:10124000626561742076616C756520666F722074CA
:10125000686520525820626F61726400486561724F
:10126000746265617420696E7469616C697A617415
:10127000696F6E2066756E6374696F6E20746F207F
:1012800073657420636F756E74657220746F20309F
:1012900000504C4C204C6F636B2044657465637444
:1012A000696F6E204D656368616E69736D2E0052C3
:1012B000657475726E73204D43552064657669635D
:1012C0006520696E666F726D6174696F6E2E00D7EE
:1012D00006E01121125C129112AF12484D433833CF
:1012E000784C50364700414452463635313800413B
:1012F00044433136445833373000D706DB12E61208
:10130000EF124E6F20617267756D656E74206E65A9
:10131000636573736172792E000213456E74657292
:101320002074686520626F6F746C6F616465722EE3
:10133000001B135072696E7473206F757420696E90
:1013400020766572626F7365206D6F64652E203143
:1013500020746F20656E61626C652E003313436FDD
:101360006D6D616E647320666F72207468652044D1
:10137000414333384A38342E00436F6E74726F6CB9
:1013800073207468652066726F6E74656E64205297
:10139000462073776974636865732E0052656769C8
:1013A000737465722064756D707320666F7220723D
:1013B00065737065637469766520706572697068BD
:1013C0006572616C732E0050726F7669646573206C
:1013D00074686520737461747573206F6620746817
:1013E0006520626F6172642E00436F6E74726F6C61
:1013F000732074686520626F617264206C65766525
:101400006C2066756E6374696F6E732E2053657100
:1014100075656E7469616C2065786563206F662000
:10142000617267756D656E74732E004F4E2F4F4657
:10143000462073776974636865732C2028302069AF
:1014400073204F46462C2031206973204F4E2900CF
:10145000426F6F746C6F61646572206F7074696F36
:101460006E732E0045786974732066726F6D2074F8
:1014700068697320626F617264206261636B2074BB
:101480006F20746865204449474954414C20626F7D
:101490006172642E005072696E7473206F757420CF
:1014A0007468652068656C70206D656E7520666F68
:1014B000722074686520626F6172642E005E137919
:1014C000139C13C713E9132B14501464149514536D
:1014D000706563696679207768696368206368610D
:1014E0006E6E656C20612C622C632C642C204F5234
:1014F00020626974206D61736B2E204D555354200A
:10150000737065636966792066697273742E00531F
:1015100070656369667920776869636820696E74AD
:1015200065726E616C20444143206368616E6E6534
:101530006C3A2028302D332920412D442E0053654C
:1015400074207468652066726571206F757470759B
:1015500074206F662065787465726E616C204441FA
:101560004320636C6B20616674657220696E7465DC
:10157000726E616C20434C4B2063697263756974B1
:1015800020284D487A292E00536574207468652000
:101590004E434F2075707065722033322D6269742E
:1015A000732072656769737465722E0053657420C9
:1015B000746865204E434F206C6F7765722033321C
:1015C0002D626974732072656769737465722C206B
:1015D000777269746520746F20757070657220333E
:1015E000322D6269747320666972737421212A2A0C
:1015F000005365742074686520284C29206C616E46
:10160000657320706572206C696E6B2E0053657473
:101610002074686520284D2920636F6E766572748A
:1016200065727320706572206C696E6B2E00536555
:10163000742074686520284629206672616D657380
:1016400020706572206D756C74692D6672616D65B0
:101650002E005365742074686520636D6420696E84
:101660007075742066726F6D204A45534428302986
:10167000206F72205350492831292E00456E616237
:101680006C6520746865206D697865722E20312044
:10169000746F20656E61626C652E00456E61626CD0
:1016A00065207468652050412028706F776572202E
:1016B000616D706C6966696572292070726F7465FE
:1016C0006374696F6E20636972637569742E20316B
:1016D00020746F20656E61626C652E005365742006
:1016E00074686520696E746572706F6C6174696F7F
:1016F0006E2031782830292C2032782831292C206E
:1017000034782832292C203878283429206F722008
:101710003136782838292E00457865637574652040
:101720007468652073657264657320746573742EC4
:101730002028302D352920746573742070617474ED
:1017400065726E2E00476574732074686520746539
:101750006D7065726174757265206F66207468655E
:10176000204441432E0044756D70206F75742061D4
:101770006C6C206F6620746865207265676973748D
:101780006572732E00496E697469616C697A65735C
:1017900020616E6420636F6E666967757265732081
:1017A000746865204A455344206C696E6B2E004274
:1017B00069742062616E672061646472657373206E
:1017C0006F66204441432E004269742062616E6757
:1017D0002064617461206F66204441432E00426999
:1017E000742062616E67206F7065726174696F6EDC
:1017F0002E20313A20777269746520303A20726564
:10180000616400514D43204443206F6666736574E4
:101810002C203133626974732C206D65617375728D
:10182000656420696E20444143204C534227730075
:10183000514D43206761696E206F66667365742C35
:10184000203131626974732C20646563696D616C49
:1018500020706E742040206C656674206F66206274
:101860006974392C2072616E67652030202D20311B
:101870002E393939302C204C53423D302E30303007
:101880003937363600514D43207068617365206FDB
:1018900066667365742C203132626974732C202D56
:1018A000302E35202D20302E34393937352C20720A
:1018B0006566657220746F20646174617368656524
:1018C00074004C61726765204672616374696F6E63
:1018D000616C2044656C61792053657474696E672E
:1018E0007300536D616C6C204672616374696F6E36
:1018F000616C2044656C61792053657474696E670E
:101900007300536D616C6C204672616374696F6E15
:10191000616C2044656C6179205061746820536566
:101920007474696E677300456E61626C652F4469FB
:101930007361626C6520496E7665727365205369C8
:101940006E632046696C74657200456E61626C65F9
:101950002F44697361626C652044697468657269BB
:101960006E6700456E61626C652F44697361626CDD
:101970006520446974686572204D6978657200530A
:101980006574207468652044697468657220416DCF
:10199000706C69747564652C2030206973204D610A
:1019A00078696D756D202834206269747329004C44
:1019B00061726765204672616374696F6E616C2045
:1019C00044656C61792C20436F656666696369655F
:1019D0006E74205365742073656C656374696F6EF3
:1019E0002E2028496E2044617461736865657429EE
:1019F00000536D616C6C204672616374696F6E6137
:101A00006C2044656C6179205461702073656C654D
:101A100063746F7200536574207468652073656C1D
:101A20006563746564205461702076616C7565200F
:101A3000666F722074686520536D616C6C2046720D
:101A4000616374696F6E616C2044656C61790052EA
:101A5000657475726E7320746865206F72276420D8
:101A60006C616E65206572726F7273206F66207490
:101A700068652066697273742034206C616E6573CA
:101A800000CF140F158815AC157C16451766178501
:101A900017031830188518C218E218021927194AB6
:101AA0001963197F19AF19F119151A4F1A43686F85
:101AB0006F73652074686520686967682028302E18
:101AC000352D362047487A29206F72206C6F772099
:101AD000284443202D20302E352047487A29206283
:101AE000616E642E2048696768283129206F722052
:101AF0006C6F772830292E004279706173732074DF
:101B00006865204C4E41206F6E20746865206869BE
:101B100067682062616E642E204279706173732859
:101B2000312920746865204C4E41206F72206E6F01
:101B3000742830292E0053657473206672657120F5
:101B40006F6620484D43383333206F757470757459
:101B50002C20696E204B487A2E00536574207468DF
:101B600065205246534120617474656E74756174CA
:101B7000696F6E2E203020746F2032382028306438
:101B80004220746F202D32386442292E00504C4C74
:101B9000205265666572656E636520496E70757466
:101BA0002028696E206B487A290053657420746878
:101BB00065204951204D6F64756C61746F722049C6
:101BC000206269617320766F6C7461676520286993
:101BD0006E2064562C2066726F6D20302D323420BA
:101BE0006456292E0053657420746865204951207D
:101BF0004D6F64756C61746F7220512062696173FE
:101C000020766F6C746167652028696E2064562C9D
:101C10002066726F6D20302D3234206456292E00DC
:101C20004E6565647320746F2062652063616C6C1F
:101C30006564206C6173742E20536574732074681E
:101C400065204951204D6F64756C61746F722E2050
:101C50002869652E202D69203137202D71203133E0
:101C6000202D6D290053656C6563742074686520B0
:101C700074617267657420504C4C202830292048CC
:101C80004D433833302028312920484D43383333F1
:101C90000053657420504C4C20496E70757420447C
:101CA0006976696465722076616C75652E203120D5
:101CB000746F2031363338330053657420504C4CE8
:101CC00020466565646261636B204469766964657A
:101CD000722076616C75652E20313620746F203548
:101CE00032343235350053657420504C4C20564305
:101CF0004F204F75747075742044697669646572FD
:101D00002076616C75652E20312C20322C20342CED
:101D10002036202E2E20363200456E61626C652FF3
:101D200044697361626C652056434F204F7574702F
:101D30007574204672657175656E637920446F75A0
:101D4000626C6572004D7574657320746865204C13
:101D50004F204672657175656E63792053796E7494
:101D6000686573697A6572207768656E207573653A
:101D7000640053656C656374732074686520636FD9
:101D800072726563742046696C7465722042616E7C
:101D90006B20666F72206120676976656E206672BF
:101DA000657175656E637920696E206B487A0050A5
:101DB0004C4C204F757470757420506F776572208D
:101DC00028303A202D3464426D2C20313A202D31B8
:101DD00064426D2C20323A202B3264426D2C203329
:101DE0003A202B3564426D290052462041747465B7
:101DF0006E7561746F722053657474696E67202804
:101E0000303A20306442202D3E203132373A202DA6
:101E100033312E3735644229004144463433353559
:101E20002F4144463533353520446972656374204B
:101E300052656769737465722041636365737320CB
:101E40003C3C323862697420646174613E3C3462A7
:101E5000697420616464726573733E3E0041444658
:101E6000343335352F41444635333535206175746B
:101E70006F63616C20656E61626C6520283120663D
:101E80006F7220656E61626C65293E3E00CF14ADB5
:101E90001AF81A361B8D1BAA1BE51B201C651C910A
:101EA0001CB91CE61C191D451D721DAF1DE91D192D
:101EB0001E5D1E44756D70732074686520726567C1
:101EC00069737465727320666F722074686520721E
:101ED0006567756C617220616E64205246204750C0
:101EE000494F580044756D707320746865207265A1
:101EF0006769737465727320666F722074686520F9
:101F000044414333384A383400CF14B31EE41E43EF
:101F10006F6D6D616E6420666F72207468652063FA
:101F2000757272656E742068656172746265617441
:101F30002076616C7565206F662074686520545842
:101F400020626F61726400436F6D6D616E64206624
:101F50006F7220726573657474696E67207468654A
:101F60002063757272656E74206865617274626553
:101F700061742076616C7565206F6620545820620C
:101F80006F61726400486561727462656174206992
:101F90006E697469616C697A6174696F6E206675C7
:101FA0006E6374696F6E20746F2073657420636F45
:101FB000756E74657220746F2030004C6F636B20F7
:101FC000446574656374696F6E204D656368616E06
:101FD00069736D0052657475726E73204D435520A0
:101FE00064657669636520696E666F726D61746998
:101FF0006F6E2E00CF140F1F471F851FBB1FD41FEE
:102000005265777269746520616C6C2072656773C4
:1020100020666F7220656E7469726520626F6172EE
:10202000642E005475726E206F6E206F757470751B
:1020300074732028706572206368616E6E656C2908
:102040002E0052756E7320646961676E6F737469D8
:1020500063206F6E207065726970686572616C20B4
:1020600028706572206368616E6E656C292E20533E
:10207000686F756C64207072696E7420616C6C207E
:102080007265676973746572732E005475726E2081
:102090006F6666206F757470757473202870657232
:1020A000206368616E6E656C292E00506F776572D3
:1020B000206379636C652070657269706865726110
:1020C0006C7320616E642072756E7320626F617232
:1020D0006420696E69742028706572206368616E7F
:1020E0006E656C292E005475726E206F66662070C6
:1020F00065726970686572616C732E005475726EDA
:10210000732065766572797468696E67206F66669C
:102110002E005072696E7473206F75742074686538
:1021200020736F66747761726520616E64206861E8
:102130007264776172652076657273696F6E2E00C6
:10214000426C696E6B7320746865204C4544206155
:1021500020737065636966696564206E756D62657C
:1021600072206F662074696D65732E0050726F76F1
:10217000696465732074686520616D6F756E742085
:102180006F662052414D206C656674202862797418
:102190006573292E0050726F7669646573207468C8
:1021A000652074656D706572617475726520283084
:1021B0002D31292E004F757470757420656E616223
:1021C0006C65283129206F722064697361626C65C7
:1021D0002830292E00456E61626C6573204A455394
:1021E0004420535953524546204761746500536556
:1021F0006C65637420474C45206D6F64653A204DD3
:1022000043555F474C4528312920465047415F4799
:102210004C4528322900CF140020232042208B2057
:10222000AB20E620FC201221402195216C21B52114
:10223000D521EE2144414333384A383400484D43D8
:102240003833784C503647004144524636353138A1
:1022500020486967682062616E64004144524636D6
:10226000353138204C6F772042616E6400CF1434D2
:10227000223D22456E7465722074686520626F6F1E
:10228000746C6F616465722E0073224E6F206172F0
:1022900067756D656E74206E6563657373617279C1
:1022A0002E008B225072696E7473206F75742069D2
:1022B0006E20766572626F7365206D6F64652E2087
:1022C0003120746F20656E61626C652E00A422431C
:1022D0006F6D6D616E647320666F72206D616E61EB
:1022E00067696E672074686520434C4B2067656E94
:1022F00065726174696F6E207468726F75676820AB
:102300004C4D4B30343832382C2041443536323441
:10231000522C20484D433938372E00436F6D6D6184
:102320006E647320666F72206D616E6167696E679F
:102330002074686520434C4B2067656E657261743C
:10234000696F6E207468726F756768204C4D4B30F2
:10235000343832382C20414435363234522C20481F
:102360004D433938372E00436F6D6D616E647320B5
:10237000666F722073657474696E67207468652077
:102380004C4D4B30343832382064656C61792063B1
:102390006C6F636B732E00436F6D6D616E647320A1
:1023A000666F722073657474696E67207468652047
:1023B0004C4D4B30343832382064656C6179206381
:1023C0006C6F636B732E00436F6D6D616E64732071
:1023D000666F722073657474696E67204A45534452
:1023E0002F504C4C204E2F522064697669646572E0
:1023F0007300436F6D6D616E647320666F7220733E
:10240000657474696E6720484D43393838206772A7
:102410006F75702064656C6179732E00526561641C
:1024200020616E6420777269746520636F6D6D61E1
:102430006E647320666F7220646562756767696E8B
:10244000672E00436F6E74726F6C73207468652022
:10245000626F617264206C6576656C2066756E6370
:1024600074696F6E732E2053657175656E74696142
:102470006C2065786563206F6620617267756D6595
:102480006E74732E00436F6D6D616E647320666FA2
:102490007220616363657373696E67207468652079
:1024A00068656172746265617420737461747573B8
:1024B000004F4E2F4F4646207377697463686573EB
:1024C0002C202830206973204F46462C203120696B
:1024D00073204F4E2900426F6F746C6F6164657298
:1024E000206F7074696F6E732E0045786974732065
:1024F00066726F6D207468697320626F6172642008
:102500006261636B20746F20746865204449474999
:1025100054414C20626F6172642E005072696E7477
:1025200073206F7574207468652068656C70206D09
:10253000656E7520666F722074686520626F6172C7
:10254000642E00CF221B2367239723C723F2231C6B
:102550002443248524B124D624EA241B25456E6116
:10256000626C65206578742D31304D487A20726533
:10257000666572656E6365202831292E0049737384
:102580007565205359535245462070756C736573B9
:102590002066726F6D204A4553442E0053657420A7
:1025A0007468652044414320636F6E74726F6C6C75
:1025B000696E6720584F20567265662C20302D3486
:1025C000303936206672616374696F6E20566578A3
:1025D00074004368616E676520696E7465726E6130
:1025E0006C207265666572656E63652044414320A8
:1025F0006F757470757420766F6C746167650052C6
:10260000652D73796368726F6E697A65206F757472
:102610007075742064697669646572732066726F80
:102620006D20626F7468204C4D4B73005D257D25D5
:102630009C257D25FF2553656C656374204A4553B1
:1026400044206F7220504C4C2E0053656C656374AF
:102650002064657669636520636C6F636B2E00533D
:102660006574206469676974616C2064656C617964
:1026700020636C6F636B2E0036264A265F26362653
:102680004A265F2653656C656374206469766964C5
:10269000657220746F207365742E00536574205228
:1026A000206469766964657220666F7220504C4CB4
:1026B0002E00536574204E2064697669646572202B
:1026C000666F7220504C4C2E005365742063616C11
:1026D0006C6962726174696F6E204E2064697669FC
:1026E0006465722E00536574207072657363616C4B
:1026F000617220666F722063616C6C6962726174D2
:10270000696F6E2E0053657420636C6F636B206479
:102710006976696465722E00362684269B26B22669
:10272000052753656C65637473206265747765650E
:102730006E207468652074776F20484D43393838AF
:1027400020646576696365732028726566657265C5
:102750006E636520616E64206C6D6B292E00476589
:10276000742F736574207468652053594E43206438
:10277000656C617920646976696465722E005365C1
:1027800074206569746865722053594E43206F72D6
:1027900020534C4950207573696E6720535049206F
:1027A000636F6D6D756E69636174696F6E2E00473E
:1027B00065742F73657420746865206F7574707507
:1027C00074206C61756E63682070686173652E009B
:1027D0004765742F7365742064656C6179206C693A
:1027E0006E6520736574706F696E742E0047657432
:1027F0002F73657420484D43207265666572656E5F
:10280000636520696E7075742064697669646572A9
:1028100073202876616C69642064697669646572E6
:102820007320617265203D20325E6E2C206E3D313A
:102830002E2E3529004765742F73657420484D434B
:102840002052782042756666657220626961732045
:1028500028302069732064656661756C742C2031A2
:1028600020666F722073696E75736F6469616C2086
:102870002F206E6F6E2D4C565045434C2041432007
:10288000636F75706C696E672E290022275E277E44
:1028900027AF27D027ED2735285265616420616E68
:1028A0006420777269746520636F6D6D616E647307
:1028B00020666F7220646562756767696E672E00B7
:1028C000362699285265777269746520616C6C2090
:1028D0007265677320666F7220656E746972652019
:1028E000626F6172642E005475726E206F6E206F7D
:1028F0007574707574732028706572206368616EDA
:102900006E656C292E0052756E7320646961676E66
:102910006F73746963206F6E20706572697068658B
:1029200072616C2028706572206368616E6E656CE0
:10293000292E2053686F756C64207072696E742044
:10294000616C6C207265676973746572732E0054D4
:1029500075726E206F6666206F7574707574732063
:1029600028706572206368616E6E656C292E005058
:102970006F776572206379636C652070657269702A
:10298000686572616C7320616E642072756E73206D
:10299000626F61726420696E6974202870657220AC
:1029A0006368616E6E656C292E005475726E206FBF
:1029B0006666207065726970686572616C732E005E
:1029C0005475726E732065766572797468696E6786
:1029D000206F66662E005072696E7473206F757476
:1029E0002074686520736F66747761726520616E0C
:1029F00064206861726477617265207665727369BC
:102A00006F6E2E00426C696E6B7320746865204C8B
:102A10004544206120737065636966696564206E52
:102A2000756D626572206F662074696D65732E0026
:102A300050726F7669646573207468652074656D83
:102A400070657261747572652028302D31292E00F1
:102A500050726F76696465732074686520616D6F6C
:102A6000756E74206F662052414D206C656674202F
:102A7000286279746573292E0053656C65637473DD
:102A800020474C45206D6F64653A204D43555F47A4
:102A90004C45283129206F722053594E54485F46C7
:102AA0005047415F474C452028322900C428E72879
:102AB00006296F29AA29C029D629042A302A502A92
:102AC000792A4865617274626561742066756E6307
:102AD00074696F6E20746F20616E642066726F6D12
:102AE000207468652073657276657200486561724E
:102AF00074626561742066756E6374696F6E2074AC
:102B00006F207265736574207468652068656172F2
:102B1000746265617420636F756E746572004865D8
:102B20006172746265617420696E697469616C694F
:102B30007A6174696F6E2066756E6374696F6E205A
:102B4000746F2073657420636F756E746572207482
:102B50006F2030004765747320504C4C204C6F63DD
:102B60006B204465746563742053746174757300DD
:102B7000476574732C20616E64207468656E2072E2
:102B800065736574732C20504C4C204C6F7373200C
:102B90006F66204C6F636B205374617475732E00E5
:102BA00052657475726E73204D4355206465766965
:102BB000636520696E666F726D6174696F6E2E0059
:102BC000C22AEC2A1E2B542B702BA02B4C4D4B30C1
:102BD0003430323800484D4339383700CC2BD52BB0
:102BE0004E6F20617267756D656E74206E656365EA
:102BF00073736172792E00E02B456E7465722074D8
:102C0000686520626F6F746C6F616465722E00F985
:102C10002B5072696E7473206F757420696E207604
:102C20006572626F7365206D6F64652E203120744C
:102C30006F20656E61626C652E00112C55736167A3
:102C4000653A205B636D645D205B2D7C2D2D5D5BA3
:102C5000617267315D205B2D7C2D2D5D5B6172673C
:102C6000325D2E2E2E0A00436F6D6D616E64733AD5
:102C70000A0054686973206973206E6F7420616E56
:102C8000206F7065726174696E6720737973746503
:102C90006D210A00596F752068617665206265654F
:102CA0006E206772616E74656420726F6F7420703D
:102CB00065726D697373696F6E73210A0065727254
:102CC0006F723A20756E7265636F676E697A6564BC
:102CD00020636F6D6D616E64206F7074696F6E0A32
:102CE000004552524F523A204661696C6564207427
:102CF0006F207365740011241FBECFEFCDBFDFE5D9
:102D0000DEBF00E00CBF10E4A0E0B0E2E0E4F7E5D5
:102D100001E00BBF02C007900D92AE3AB107D9F7A0
:102D200029E4AEEAB0E401C01D92A632B207E1F791
:102D30000E94159D0C9479AA0C940000CF93DF9308
:102D400000D00F92CDB7DEB780E098E4A8EEB1E0F6
:102D500089839A83AB83BC8369817A818B819C81CF
:102D60002496CDBFDEBFDF91CF910895CF93DF933F
:102D700000D000D000D0CDB7DEB719820E949E16D9
:102D80006A837B838C839D838981882F90E02A814D
:102D90003B814C815D8104C05695479537952795B9
:102DA0008A95D2F7DA01C9018E839F83A887B987F4
:102DB0006E817F81888599852996CDBFDEBFDF91A1
:102DC000CF910895CF93DF93CDB7DEB72897CDBFCE
:102DD000DEBF0E94B61669837A838B839C838981C8
:102DE0009A81AB81BC818D839E83AF83B8876D81CF
:102DF0007E818F8198852896CDBFDEBFDF91CF91F0
:102E00000895CF93DF93CDB7DEB72897CDBFDEBF50
:102E10000E94E21669837A838B839C8389819A81DD
:102E2000AB81BC818D839E83AF83B8876D817E81AA
:102E30008F8198852896CDBFDEBFDF91CF91089511
:102E4000CF93DF93CDB7DEB72897CDBFDEBF0E940B
:102E5000011769837A838B839C8389819A81AB81F3
:102E6000BC818D839E83AF83B8876D817E818F8186
:102E700098852896CDBFDEBFDF91CF910895CF937F
:102E8000DF930F920F92CDB7DEB789839A83898142
:102E90009A81009709F45EC189819A81803C9105ED
:102EA00029F460E180E00E94E35854C189819A814D
:102EB000811524E0920729F464E080E00E94E35841
:102EC00049C189819A81803821E0920729F462E022
:102ED00080E00E94E3583EC189819A81811521E0FA
:102EE000920729F461E080E00E94E35833C18981B0
:102EF0009A81803823E0920729F461E081E00E9402
:102F0000E35828C189819A81803923E0920729F406
:102F100061E082E00E94E3581DC189819A81811598
:102F200022E0920729F462E081E00E94E35812C196
:102F300089819A81803422E0920729F462E082E05C
:102F40000E94E35807C189819A81803223E0920769
:102F500029F464E082E00E94E358FCC089819A81F0
:102F6000811528E0920729F461E083E00E94E3588C
:102F7000F1C089819A81811529E0920729F461E0E5
:102F800084E00E94E358E6C089819A8181152AE095
:102F9000920729F461E085E00E94E358DBC0898153
:102FA0009A8181152BE0920729F461E086E00E9466
:102FB000E358D0C089819A81803428E0920729F4AF
:102FC00062E083E00E94E358C5C089819A81803421
:102FD00029E0920729F462E084E00E94E358BAC035
:102FE00089819A8180342AE0920729F462E085E0A1
:102FF0000E94E358AFC089819A81803928E0920706
:1030000029F464E083E00E94E358A4C089819A8196
:10301000803929E0920729F464E084E00E94E358B3
:1030200099C089819A8180392AE0920729F464E065
:1030300085E00E94E3588EC089819A8180392BE017
:10304000920729F464E086E00E94E35883C08981F6
:103050009A81803C28E0920729F468E083E00E948E
:10306000E35878C089819A81803C29E0920729F44D
:1030700068E084E00E94E3586DC089819A81803CB9
:103080002AE0920729F468E085E00E94E35862C0D4
:1030900089819A81803A28E0920729F460E183E0EF
:1030A0000E94E35857C089819A81803A29E09207AB
:1030B00029F460E184E00E94E3584CC089819A8140
:1030C000803A2AE0920729F460E185E00E94E35803
:1030D00041C089819A81803A2BE0920729F460E10E
:1030E00086E00E94E35836C089819A81803B28E0BF
:1030F000920729F460E283E00E94E3582BC08981A3
:103100009A81803B29E0920729F460E284E00E94E2
:10311000E35820C089819A81803B2AE0920729F4F4
:1031200060E285E00E94E35815C089819A81803869
:1031300024E0920729F460E483E00E94E3580AC087
:1031400089819A81803A24E0920721F460E485E045
:103150000E94E35800000F900F90DF91CF910895E7
:103160000F931F93CF93DF93CDB7DEB72897CDBFD3
:10317000DEBF89839A836B837C830E9420176D83D3
:103180007E838F8398878B819C81FC0180819181D4
:10319000A281B3818C019D01000F111F221F331FDB
:1031A0006D817E818F819885A90198010E9414A16B
:1031B000DA01C9010597A109B1092B813C81F90107
:1031C00084839583A683B78389819A810E943F1760
:1031D0002B813C8189819A81B9010E94E31E082ECE
:1031E000000C990B2896CDBFDEBFDF91CF911F91C8
:1031F0000F910895CF92EF920F931F93CF93DF9388
:10320000CDB7DEB76097CDBFDEBF89839A836B836E
:103210007C834D835E832F83388709871A87EB86EB
:10322000CC860E9420176D877E878F87988B8B8135
:103230009C81FC0180819181A281B3818C019D01DF
:10324000000F111F221F331F6D857E858F85988982
:10325000A90198010E9414A1DA01C9010597A109E9
:10326000B1092B813C81F90184839583A683B783BF
:1032700089819A810E943F1729853A854F81588517
:1032800069817A818D819E810E94821F8D819E81BC
:103290004C856B850E94CB1F00006096CDBFDEBFC2
:1032A000DF91CF911F910F91EF90CF900895CF9222
:1032B000EF920F931F93CF93DF9300D000D0CDB741
:1032C000DEB78A839B836C838C81882311F480E032
:1032D000C8C11982C0C18981282F30E0C901880F77
:1032E000991F820F931F880F991F880F991F880FAE
:1032F000991F9C018A819B81820F931FFC01808111
:103300009181009709F47BC08981282F30E0C901A1
:10331000880F991F820F931F880F991F880F991F7D
:10332000880F991F9C018A819B81820F931FFC014A
:1033300081899289009709F062C08981282F30E045
:10334000C901880F991F820F931F880F991F880F3B
:10335000991F880F991F9C018A819B81820F931F5F
:10336000FC018281938128E3FC01208B8981282F35
:1033700030E0C901880F991F820F931F880F991F92
:10338000880F991F880F991F9C018A819B81820F4A
:10339000931FFC018281938128E3FC01218B8981A9
:1033A000282F30E0C901880F991F820F931F880FC3
:1033B000991F880F991F880F991F9C018A819B81F3
:1033C000820F931FAC014C5F5F4F8981282F30E043
:1033D000C901880F991F820F931F880F991F880FAB
:1033E000991F880F991F9C018A819B81820F931FCF
:1033F000FC0180819181BA010E94B01829C18981A4
:10340000282F30E0C901880F991F820F931F880F62
:10341000991F880F991F880F991F9C018A819B8192
:10342000820F931FFC0180819181009709F40EC1E6
:103430008981282F30E0C901880F991F820F931FBF
:10344000880F991F880F991F880F991F9C018A81E7
:103450009B81820F931FFC0181899289009709F457
:10346000F5C08981282F30E0C901880F991F820F8C
:10347000931F880F991F880F991F880F991F9C0110
:103480008A819B81820F931FFC0117898981282FD4
:1034900030E0C901880F991F820F931F880F991F71
:1034A000880F991F880F991F9C018A819B81820F29
:1034B000931FFC01A589B6898981282F30E0C901B5
:1034C000880F991F820F931F880F991F880F991FCC
:1034D000880F991F9C018A819B81820F931FFC0199
:1034E0000388F489E02DED83FE838981282F30E065
:1034F000C901880F991F820F931F880F991F880F8A
:10350000991F880F991F9C018A819B81820F931FAD
:10351000FC01418952898981282F30E0C901880F37
:10352000991F820F931F880F991F880F991F880F6B
:10353000991F9C018A819B81820F931FBC016C5F44
:103540007F4F8981282F30E0C901880F991F820F92
:10355000931F880F991F880F991F880F991F9C012F
:103560008A819B81820F931FFC01808191810F2EA4
:10357000F0ECCF2EF02DE12E8D012D813E810E94A9
:10358000FA188981282F30E0C901880F991F820F0E
:10359000931F880F991F880F991F880F991F9C01EF
:1035A0008A819B81AC01420F531F8981282F30E013
:1035B000C901880F991F820F931F880F991F880FC9
:1035C000991F880F991F9C018A819B81820F931FED
:1035D000FC0181899289FA0127853089865B9F4F9A
:1035E000FC01208331838981282F30E0C901880FB5
:1035F000991F820F931F880F991F880F991F880F9B
:10360000991F9C018A819B81AC01420F531F8981C4
:10361000282F30E0C901880F991F820F931F880F50
:10362000991F880F991F880F991F9C018A819B8180
:10363000820F931FFC0181899289FA0125853685C5
:10364000845B9F4FFC012083318302C0898109C0C4
:1036500089818F5F898399818C81981708F43BCE8B
:1036600080E02696CDBFDEBFDF91CF911F910F91F5
:10367000EF90CF900895CF93DF9300D00F920F92E9
:10368000CDB7DEB789839A836B837C834D832B818F
:103690003C8189819A814D81B9010E941B1F259629
:1036A000CDBFDEBFDF91CF910895CF93DF9300D0E0
:1036B000CDB7DEB789839A836B8389819A81865BD4
:1036C0009F4FFC01808191819E012D5F3F4FB90189
:1036D0000E941952982F81E08927882311F081E0F8
:1036E00001C080E00F900F900F90DF91CF9108956F
:1036F000CF93DF9300D000D000D0CDB7DEB78C835E
:103700009D836E837F834887298719828C819D8161
:10371000FC01828193818A839B831092BB4010922B
:10372000BE401092BF408E819F818093C040909395
:10373000C1408885882F90E08093C2409093C34019
:103740001092C440198235C08C819D81FC01868114
:103750009781FC018081882F90E02981222F30E021
:10376000022E02C0959587950A94E2F781709927F9
:103770000097E1F08C819D81FC0124813581898154
:10378000882F90E0820F931FFC0180818093BA40C4
:103790008A819B8149856AEB70E40E943B1B8823E8
:1037A00011F081E010C08985882359F489818F5FE9
:1037B00089838C819D81FC0180859981981720F2F5
:1037C00001C0000080E02996CDBFDEBFDF91CF9120
:1037D0000895CF93DF93CDB7DEB72A97CDBFDEBF75
:1037E0008D839E836F83788749875A8719828F815B
:1037F0009885FC0181818F3009F030F48F819885A4
:10380000FC018181882339F489859A8521E0FC01B6
:10381000208381E0BBC08F819885FC0181818B83EF
:103820008B81882309F44CC08F819885FC018481A9
:103830009B81692F0E9408A1892F882339F08985EF
:103840009A8521E0FC01208381E0A0C08F819885CA
:10385000FC0184818823A1F11A8226C08F8198857A
:10386000FC01828193812A81422F50E02B81222FFB
:1038700030E0429FB001439F700D529F700D1124A4
:103880009B01BC01620F731F8D819E8120E04B81E3
:103890000E94781B8C838C81882319F081E08983B6
:1038A0000FC08A818F5F8A838F819885FC01848114
:1038B0009B81692F0E9408A1982F8A81891770F235
:1038C00089859A85FC0181818F3009F008F458C000
:1038D00089859A85FC018481882309F451C08985F2
:1038E0009A85FC0181818F508B838B81882311F411
:1038F00081E04CC089859A85FC0184819B81692F78
:103900000E9408A1892F882339F089859A8521E0B2
:10391000FC01208381E03AC01A8226C089859A85FD
:10392000FC01828193812A81422F50E02B81222F3A
:1039300030E0429FB001439F700D529F700D1124E3
:103940009B01BC01620F731F8D819E8121E04B8121
:103950000E94781B8C838C81882319F081E08983F5
:103960000FC08A818F5F8A8389859A85FC01848153
:103970009B81692F0E9408A1982F8A81891770F274
:1039800089859A852981FC01208389812A96CDBF6A
:10399000DEBFDF91CF910895CF93DF930F92CDB724
:1039A000DEB78FE390E0FC0180818983F894898100
:1039B0000F90DF91CF910895CF93DF930F92CDB702
:1039C000DEB789838FE390E02981FC01208300002A
:1039D0000F90DF91CF9108951F920F920FB60F9223
:1039E00011240BB60F922F933F934F935F936F93D6
:1039F0007F938F939F93AF93BF93EF93FF93CF9357
:103A0000DF93CDB7DEB70E948C1E0000DF91CF910F
:103A1000FF91EF91BF91AF919F918F917F916F91A6
:103A20005F914F913F912F910F900BBE0F900FBE62
:103A30000F901F9018951F920F920FB60F9211249E
:103A40000BB60F922F933F934F935F936F937F9398
:103A50008F939F93AF93BF93EF93FF93CF93DF9396
:103A6000CDB7DEB70E948C1E0000DF91CF91FF9191
:103A7000EF91BF91AF919F918F917F916F915F91E6
:103A80004F913F912F910F900BBE0F900FBE0F9053
:103A90001F901895CF93DF930F920F92CDB7DEB79B
:103AA00089839A8389819A81FC018481882F90E09F
:103AB0008370992721E08130910509F020E0822F61
:103AC0000F900F90DF91CF910895CF93DF930F92D6
:103AD0000F92CDB7DEB78A8305C08A81882311F0A3
:103AE00086EF11C08091CE408823B9F70E94CC1C8C
:103AF000898381E08093CE4080E88093CF408981A4
:103B00000E94DC1C80E00F900F90DF91CF91089510
:103B1000CF93DF930F92CDB7DEB700008091CF40F7
:103B20008038E1F300C08091C5409091C6400E946A
:103B30004A1D982F81E089278823A9F78091CF40DB
:103B400089831092CE4089810F90DF91CF910895A3
:103B5000CF93DF93CDB7DEB72897CDBFDEBF80917F
:103B6000C5409091C64089839A838091C7409091C7
:103B7000C8408B839C832091C9403091CA408B817F
:103B80009C81FC018481958128173907E4F48B819D
:103B90009C8101968F8398878091C9409091CA40FB
:103BA0009C012F5F3F4F2093C9403093CA409C0136
:103BB0008F819885820F931FFC01208189819A81D2
:103BC000FC0127833FC02091CB403091CC408B81BA
:103BD0009C81FC01808591852817390760F58091CB
:103BE000CD40882359F089819A81FC018681282F54
:103BF000216089819A81FC01268324C08B819C816C
:103C0000FC01868197818D839E838091CB4090912A
:103C1000CC409C012F5F3F4F2093CB403093CC4052
:103C20002D813E81820F931FFC01208189819A8121
:103C3000FC01278307C089819A8123E0FC0123834B
:103C40001092CF4000002896CDBFDEBFDF91CF910C
:103C50000895CF93DF9300D000D0CDB7DEB7809129
:103C6000C5409091C64089839A838091C7409091C6
:103C7000C8408B839C832091CB403091CC408B817A
:103C80009C81FC018085918528173907B0F58B81CF
:103C90009C81FC01868197818D839E838091CB409E
:103CA0009091CC409C012F5F3F4F2093CB403093AD
:103CB000CC402D813E81820F931F29813A81F901E9
:103CC0002781FC0120832091CB403091CC408B8117
:103CD0009C81FC01808591852817390730F4898102
:103CE0009A8122E0FC01238310C089819A8127E018
:103CF000FC0123831092CF4008C089819A8123E080
:103D0000FC01238389EF8093CF4000002696CDBF2E
:103D1000DEBFDF91CF910895CF93DF930F92CDB7A0
:103D2000DEB78091C5409091C640FC0184818983B3
:103D30008981882F90E088709927009799F0809169
:103D4000C5409091C64029812860FC012483809160
:103D5000C5409091C64023E0FC01238386EF809309
:103D6000CF402CC08981882F90E0847099270097DC
:103D700039F48981882F90E080719927009759F054
:103D80008091C5409091C64023E0FC0123838FEFD2
:103D90008093CF4013C08981882F90E08074992749
:103DA000009719F00E94A81D09C0898188231CF47E
:103DB0000E94291E03C08BEF8093CF4000000F901C
:103DC000DF91CF910895CF93DF9300D00F920F92A0
:103DD000CDB7DEB78A839B836C837D8388EB898331
:103DE0008C819D81FC0184819581A681B781282FDA
:103DF0008A819B81FC0125838A819B812981FC0129
:103E000021838A819B8121E0FC0124831092CE4092
:103E10001092CF4080EA90E0FC01228180EA90E09D
:103E20002260FC012283789480E02596CDBFDEBF1E
:103E3000DF91CF910895CF93DF9300D000D00F9200
:103E4000CDB7DEB78B839C836D837E834F838B815D
:103E50009C81009721F08D819E81009711F488EF5D
:103E60004BC08D819E81FC0182850E94651D8983E6
:103E70008981882309F03FC08B819C818093C54054
:103E80009093C6408D819E818093C7409093C84097
:103E90001092C9401092CA401092CB401092CC4070
:103EA0008F818093CD408D819E81FC018081880F20
:103EB0008A838D819E81FC0184819581009729F4FC
:103EC0009F8181E08927882341F08091C5409091AE
:103ED000C6402A81FC0126830BC08F81882341F0D4
:103EE0008091C5409091C6402A812160FC012683C3
:103EF0000E94881D898389812796CDBFDEBFDF910F
:103F0000CF910895CF93DF93CDB7DEB72897CDBF7C
:103F1000DEBF89839A836B837C834D835E832F838B
:103F2000388789819A812B813C81FC0120833183F0
:103F300089819A812D813E81FC012283338389818D
:103F40009A812F813885FC012483358389819A8168
:103F50008A5B9F4FFC01108289819A81895B9F4F08
:103F6000FC01108289819A81885B9F4FFC0110823D
:103F700089819A81875B9F4FFC01108289819A8198
:103F8000825B9F4FFC01108200002896CDBFDEBFF0
:103F9000DF91CF910895CF93DF9300D00F92CDB7EB
:103FA000DEB789839A836B834C8389819A81FC0174
:103FB000808191812C812863FC01208789819A81ED
:103FC000FC01808191812B81220FFC01238700005D
:103FD0002496CDBFDEBFDF91CF910895CF93DF93BD
:103FE00000D0CDB7DEB78A839B838A819B81FC0199
:103FF00080819181FC01828589838981882F90E06D
:10400000847099270097D1F08A819B818A5B9F4FAA
:10401000FC0110828A819B81895B9F4FFC01108289
:104020008A819B81875B9F4F24E0FC0120838A81EA
:104030009B81885B9F4FFC0110824DC08981882F36
:1040400090E0887099270097D1F08A819B818A5BE4
:104050009F4FFC0110828A819B81895B9F4FFC01ED
:1040600010828A819B81875B9F4F23E0FC01208324
:104070008A819B81885B9F4FFC0110822CC08981C3
:10408000882F90E080749927009761F08981882FAC
:1040900090E081709927009729F08A819B810E9486
:1040A000722019C08981882F90E080749927009729
:1040B00029F08A819B810E94CE200DC089818823AE
:1040C0002CF48A819B810E940B2105C08A819B81EF
:1040D00065E00E942B2200000F900F900F90DF915F
:1040E000CF910895CF93DF9300D0CDB7DEB78A8309
:1040F0009B838A819B81825B9F4FFC018081882307
:10410000A1F08A819B81FC018081918122E0FC01E8
:1041100021878A819B8166E00E942B228A819B8174
:10412000825B9F4FFC01108232C08A819B81885B39
:104130009F4F21E0FC0120838A819B81875B9F4FF9
:10414000FC0110828A819B81FC0180819181FC01AC
:10415000808589838A819B81FC018081918129816D
:104160002B7FFC0120878A819B818A5B9F4FFC010A
:1041700010828A819B81895B9F4FFC0110828A811A
:104180009B81FC018081918123E0FC01218700005B
:104190000F900F900F90DF91CF910895CF93DF9301
:1041A00000D00F92CDB7DEB78B839C838B819C812F
:1041B000FC0180819181FC01808589838B819C81B8
:1041C000FC018081918129812B7FFC0120878B81DB
:1041D0009C81FC0180819181FC0182858A838B8195
:1041E0009C81FC01808191812A812064FC012287CD
:1041F0008B819C81FC0184819581FC0119958B81C7
:104200009C8161E00E942B2200002496CDBFDEBF7E
:10421000DF91CF910895CF93DF930F920F92CDB797
:10422000DEB789839A8389819A81FC01808191819B
:10423000FC018285882F90E082709927009729F0F1
:1042400089819A810E94B82104C089819A810E9443
:104250002F2100000F900F90DF91CF910895CF9301
:10426000DF9300D00F92CDB7DEB78B839C838B8119
:104270009C81FC0180819181FC01808589838B81F7
:104280009C81FC018081918129812460FC0120872F
:104290008B819C818A5B9F4FFC0180818F3111F063
:1042A00008F052C08B819C81FC0180819181FC01CE
:1042B00084858A838B819C818A5B9F4FFC018081EE
:1042C000882F90E02B813C81820F931F06962A81D4
:1042D000FC0120838B819C81FC0182819381FC0104
:1042E00019958B819C818A5B9F4FFC01808121E025
:1042F000280F8B819C818A5B9F4FFC0120838B81DF
:104300009C81825B9F4FFC0180818823A1F08B817F
:104310009C81FC018081918122E0FC0121878B81BD
:104320009C8166E00E942B228B819C81825B9F4F47
:10433000FC01108216C08B819C81FC0180819181DF
:1043400023E0FC0121870DC08B819C81FC018081D1
:10435000918126E0FC0121878B819C8162E00E9493
:104360002B2200002496CDBFDEBFDF91CF910895B0
:10437000CF93DF9300D0CDB7DEB78A839B838A814A
:104380009B81895B9F4FFC0180818823D9F08A81C2
:104390009B81FC0180819181FC018285882F90E0C6
:1043A00080719927009771F08A819B81FC0180813F
:1043B000918122E0FC0121878A819B8161E00E943A
:1043C0002B2242C08A819B81895B9F4FFC018081A7
:1043D0008F3109F060F58A819B81865B9F4FFC01DC
:1043E000808191819E012F5F3F4FB9010E94A452AD
:1043F0008A819B81FC01808191812981FC01248734
:104400008A819B81895B9F4FFC01808121E0280F7D
:104410008A819B81895B9F4FFC0120838A819B81DC
:10442000FC018081918123E0FC0121870DC08A81FC
:104430009B81FC018081918122E0FC0121878A819E
:104440009B8162E00E942B2200000F900F900F9042
:10445000DF91CF910895CF93DF9300D0CDB7DEB732
:1044600089839A836B8389819A81875B9F4F2B8194
:10447000FC01208389819A81885B9F4FFC01108217
:1044800000000F900F900F90DF91CF910895CF9380
:10449000DF93CDB7DEB72B97CDBFDEBF8A876B87A3
:1044A0008A8589838B858A8389818B838B818C83A1
:1044B0008C818695869586958D838D81882F90E059
:1044C000880F991F82959295907F9827807F9827D3
:1044D0009A5F00008E839F838A818823A9F0898157
:1044E00088878885882F90E09C012770332781E09A
:1044F00090E002C0880F991F2A95E2F7282F8E813D
:104500009F81FC01258314C0898189878985882F33
:1045100090E09C012770332781E090E002C0880F73
:10452000991F2A95E2F7282F8E819F81FC0126830F
:10453000000000002B96CDBFDEBFDF91CF91089524
:10454000CF93DF9300D000D00F92CDB7DEB78D832D
:104550006E837F838D818C838C81882F90E09C017A
:104560002770332781E090E002C0880F991F2A95B9
:10457000E2F7682F8D81898389818A838A81869574
:10458000869586958B838B81882F90E0880F991F65
:1045900082959295907F9827807F98279A5F9C01BB
:1045A00000008E819F81AC01C9010E948D500000E6
:1045B0002796CDBFDEBFDF91CF910895CF93DF93D4
:1045C0000F920F92CDB7DEB789839A8389819A8142
:1045D000FC018081282F206489819A81FC0120833D
:1045E00000000F900F90DF91CF910895CF93DF934C
:1045F00000D0CDB7DEB789839A836B8389819A8196
:104600002B81FC01238300000F900F900F90DF910E
:10461000CF910895CF93DF930F920F92CDB7DEB76E
:1046200089839A8389819A81FC0183810F900F90FD
:10463000DF91CF910895CF93DF930F920F92CDB773
:10464000DEB789839A8389819A81FC018281881FE0
:104650008827881F0F900F90DF91CF910895CF93F7
:10466000DF9300D00F92CDB7DEB780E098E4A8EEDC
:10467000B1E089839A83AB83BC8369817A818B8122
:104680009C812496CDBFDEBFDF91CF910895CF935B
:10469000DF9300D000D000D0CDB7DEB719820E94E2
:1046A0002F236A837B838C839D838981882F90E06D
:1046B0002A813B814C815D8104C056954795379591
:1046C00027958A95D2F7DA01C9018E839F83A8873F
:1046D000B9876E817F81888599852996CDBFDEBF98
:1046E000DF91CF910895CF93DF93CDB7DEB72897B1
:1046F000CDBFDEBF0E94472369837A838B839C836F
:1047000089819A81AB81BC818D839E83AF83B88779
:104710006D817E818F8198852896CDBFDEBFDF9128
:10472000CF910895CF93DF93CDB7DEB72897CDBF54
:10473000DEBF0E94732369837A838B839C83898184
:104740009A81AB81BC818D839E83AF83B8876D8155
:104750007E818F8198852896CDBFDEBFDF91CF9176
:104760000895CF93DF93CDB7DEB72897CDBFDEBFD7
:104770000E94922369837A838B839C8389819A81A7
:10478000AB81BC818D839E83AF83B8876D817E8131
:104790008F8198852896CDBFDEBFDF91CF91089598
:1047A000CF93DF9300D00F92CDB7DEB789839A8382
:1047B0006B837C8389819A810E940A23282F8B81B5
:1047C0009C81FC01208300002496CDBFDEBFDF91D9
:1047D000CF910895CF93DF930F920F92CDB7DEB7AD
:1047E00089839A8389819A810E941B230F900F905D
:1047F000DF91CF910895462F572FBC0141505109A9
:10480000610971094115510561057105B9F70895EF
:10481000BF92CF92DF92EF92FF920F931F93CF93AD
:10482000DF9300D000D00F92CDB7DEB78B839C838F
:104830006D838D81882311F481E0E0C01A82198292
:10484000D7C08981282F30E0C901880F991F880FB0
:10485000991F880F991F820F931F2B813C81820F14
:10486000931FFC018281938143E050E060E10E944C
:104870008D508981282F30E0C901880F991F880F3A
:10488000991F880F991F820F931F2B813C81820FE4
:10489000931FFC018281938143E050E060E20E941B
:1048A0008D508981282F30E0C901880F991F880F0A
:1048B000991F880F991F820F931F2B813C81820FB4
:1048C000931FFC018281938140E050E060E40E94EC
:1048D0008D508981282F30E0C901880F991F880FDA
:1048E000991F880F991F820F931F2B813C81820F84
:1048F000931FFC018281938141E050E060E80E94B7
:104900008D508981282F30E0C901880F991F880FA9
:10491000991F880F991F820F931F2B813C81820F53
:10492000931FFC01808191810E940C2D8981282F89
:1049300030E0C901880F991F880F991F880F991FB0
:10494000820F931F2B813C81820F931FFC01848176
:104950009581A681B7812981422F50E09A01220FCB
:10496000331F220F331F220F331F240F351F4B819C
:104970005C81240F351FF901B0842981422F50E05A
:104980009A01220F331F220F331F220F331F240FD0
:10499000351F4B815C81240F351FF9010190F08197
:1049A000E02DEE83FF83BE016E5F7F4FC12CD12CC3
:1049B00076018C019D014B2D8E819F810E943C2DA3
:1049C0008981282F30E0C901880F991F880F991F0E
:1049D000880F991F820F931F2B813C81820F931F99
:1049E000FC01808191810E94DE2289818F5F898311
:1049F00099818D81981708F424CF80E02796CDBF48
:104A0000DEBFDF91CF911F910F91FF90EF90DF906C
:104A1000CF90BF900895CF93DF9300D000D0CDB753
:104A2000DEB78C839D836E838E81882311F480E0B2
:104A30004BC0198243C01A8226C08981282F30E0DA
:104A4000C901880F991F880F991F880F991F821B12
:104A5000930B880F991F9C018C819D81820F931F5E
:104A6000FC01248135818A81882F90E0820F931F79
:104A7000FC0180818B8363E070E08B810E94A02227
:104A80008A818F5F8A838981282F30E0C901880F4E
:104A9000991F880F991F880F991F821B930B880FEE
:104AA000991F9C018C819D81820F931FFC01808541
:104AB0009A81981710F289818F5F898399818E81FD
:104AC000981708F4B8CF80E02696CDBFDEBFDF91FF
:104AD000CF9108952F923F924F925F926F927F9263
:104AE0008F929F92AF92BF92CF92DF92EF92FF92FE
:104AF0000F931F93CF93DF93CDB7DEB76C97CDBFE6
:104B0000DEBF888B998B6A8B7B8B4C8B88899989CC
:104B1000DC0112968D919C91FC01808191818A83A8
:104B20009B8388899989DC011A968D919C911B97AA
:104B3000FC018081882309F093C019822BC08889E9
:104B40009989DC0116968D919C911797FC018081C3
:104B5000882F90E02981222F30E0022E02C0959507
:104B600087950A94E2F781709927009781F08889E8
:104B70009989DC0114962D913C918981882F90E0D0
:104B8000820F931FFC01808160E00E94472289818F
:104B90008F5F898388899989DC0118968C91189791
:104BA0009981981760F21EC08A899B899C012F5FAA
:104BB0003F4F2A8B3B8BFC0120818A819B818C8318
:104BC0009D832E838C819D816E810E94F622000040
:104BD00000008A819B810E94EA23982F81E0892727
:104BE0008823B9F78C899FEF980F9C8B8823E1F677
:104BF00019822BC088899989DC0116968D919C9128
:104C00001797FC018081882F90E02981222F30E0C6
:104C1000022E02C0959587950A94E2F78170992734
:104C2000009781F088899989DC0114962D913C9137
:104C30008981882F90E0820F931FFC01808161E0C1
:104C40000E94472289818F5F898388899989DC0145
:104C500018968C9118979981981760F280E0A2C2FB
:104C600088899989FC0182859385DC018C91843047
:104C700009F094C088899989FC01848595850196FD
:104C8000DC018C9161E00E944722198228C088894A
:104C90009989FC0186819781DC018C91882F90E0B5
:104CA0002981222F30E0022E02C0959587950A9423
:104CB000E2F781709927009779F088899989FC013A
:104CC000248135818981882F90E0820F931FDC0138
:104CD0008C9160E00E94472289818F5F8983888957
:104CE0009989FC0180859981981788F21EC08A896C
:104CF0009B899C012F5F3F4F2A8B3B8BDC012C91C2
:104D00008A819B818F83988729878F819885698580
:104D10000E94F622000000008A819B810E94EA2303
:104D2000982F81E089278823B9F78C899FEF980F06
:104D30009C8B8823E1F6198228C088899989FC0117
:104D400086819781DC018C91882F90E02981222F28
:104D500030E0022E02C0959587950A94E2F78170A3
:104D60009927009779F088899989FC0124813581F8
:104D70008981882F90E0820F931FDC018C9161E084
:104D80000E94472289818F5F898388899989FC01E4
:104D900080859981981788F280E004C28889998972
:104DA000DC011A968D919C911B97FC0180818130CA
:104DB00009F0C1C088899989DC011C968D919C916C
:104DC0000196FC01808160E00E94472219822BC07D
:104DD00088899989DC0116968D919C911797FC0121
:104DE0008081882F90E02981222F30E0022E02C09E
:104DF000959587950A94E2F781709927009781F03D
:104E000088899989DC0114962D913C918981882F9C
:104E100090E0820F931FFC01808160E00E94472296
:104E200089818F5F898388899989DC0118968C91A3
:104E300018979981981760F288899989FC0184856F
:104E400095850196DC018C9161E00E9447221EC08D
:104E50008A899B899C012F5F3F4F2A8B3B8BFC01EA
:104E600020818A819B818A879B872C878A859B8565
:104E70006C850E94F622000000008A819B810E94BE
:104E8000EA23982F81E089278823B9F78C899FEF3F
:104E9000980F9C8B8823E1F688899989DC011C9600
:104EA0008D919C910196FC01808160E00E944722D7
:104EB00019822BC088899989DC0116968D919C9165
:104EC0001797FC018081882F90E02981222F30E004
:104ED000022E02C0959587950A94E2F78170992772
:104EE000009781F088899989DC0114962D913C9175
:104EF0008981882F90E0820F931FFC01808161E0FF
:104F00000E94472289818F5F898388899989DC0182
:104F100018968C9118979981981760F288899989C9
:104F2000FC01848595850196DC018C9161E00E94ED
:104F3000472280E037C188899989FC018285938561
:104F4000DC018C91853009F02CC11EC08A899B89B7
:104F50009C012F5F3F4F2A8B3B8BFC0120818A8174
:104F60009B818D879E872F878D859E856F850E946B
:104F7000F622000000008A819B810E94EA23982F7C
:104F800081E089278823B9F78C899FEF980F9C8B44
:104F90008823E1F688899989DC011C968D919C9182
:104FA0000196FC01808160E00E94472219823CC08A
:104FB00088899989DC0116968D919C911797FC013F
:104FC0008081882F90E02981222F30E0022E02C0BC
:104FD000959587950A94E2F781709927009789F053
:104FE00088899989DC0114962D913C918981882FBB
:104FF00090E0820F931FFC01808161E00E944722B4
:1050000010C088899989DC0114962D913C91898181
:10501000882F90E0820F931FFC01808160E00E9446
:10502000472289818F5F898388899989DC01189655
:105030008C9118979981981708F4BACF8889998923
:10504000FC01848595850196DC018C9161E00E94CC
:1050500047220E94B1236D8B7E8B8F8B988F8D8919
:105060009E89AF89B88D4C015D01C12CD12C760190
:10507000282D392D4A2D5B2D6C2D7D2D8E2D9F2DAC
:10508000215C3D4B404F5F4F6F4F7F4F8F4F9F4F86
:10509000222E332E442E552E662E772E882E992EB4
:1050A000A12C0F2EFCE7BF2EF02D0F2EF2E9CF2EF4
:1050B000F02DD12CE12CF12C00E010E0222D332D2D
:1050C000442D552D662D772D882D992D0E9419A2DE
:1050D000822E932EA42EB52EC62ED72EE82EF92E74
:1050E000082D192D2A2D3B2D4C2D5D2D6E2D7F2D3C
:1050F000098F1A8F2B8F3C8F698D7A8D8B8D9C8DAC
:105100000E94FB2388899989DC011C968D919C91D2
:105110000196FC01808160E00E94472219822BC029
:1051200088899989DC0116968D919C911797FC01CD
:105130008081882F90E02981222F30E0022E02C04A
:10514000959587950A94E2F781709927009781F0E9
:1051500088899989DC0114962D913C918981882F49
:1051600090E0820F931FFC01808160E00E94472243
:1051700089818F5F898388899989DC0118968C9150
:1051800018979981981760F288899989FC0184851C
:1051900095850196DC018C9161E00E94472280E0B8
:1051A00001C088EF6C96CDBFDEBFDF91CF911F911C
:1051B0000F91FF90EF90DF90CF90BF90AF909F90B6
:1051C0008F907F906F905F904F903F902F900895B9
:1051D000CF93DF93CDB7DEB72B97CDBFDEBF8F83E5
:1051E000988769877A874B8719828F819885FC0118
:1051F00082819381FC01808191818A839B831982C2
:1052000029C08F819885FC0186819781FC0180816E
:10521000882F90E02981222F30E0022E02C0959540
:1052200087950A94E2F781709927009781F08F8122
:105230009885FC01248135818981882F90E0820F37
:10524000931FFC01808160E00E9447220AC089818F
:105250008F5F89838F819885FC018085998198175C
:1052600080F225C089859A85FC0120818A819B81F5
:105270008C839D832E838C819D816E810E94F6227A
:10528000000000008A819B810E94EA23982F81E020
:1052900089278823B9F729853A858A819B81B901B5
:1052A0000E94D02389859A85019689879A878B8564
:1052B0009FEF980F9B878823A9F68F819885FC0123
:1052C00082859385FC018081853091F1198229C006
:1052D0008F819885FC0186819781FC018081882FD0
:1052E00090E02981222F30E0022E02C0959587950B
:1052F0000A94E2F781709927009781F08F81988551
:10530000FC01248135818981882F90E0820F931FD1
:10531000FC01808161E00E9447220AC089818F5F81
:1053200089838F819885FC0180859981981780F207
:1053300080E02B96CDBFDEBFDF91CF910895CF9255
:10534000DF92EF92FF920F931F93CF93DF93CDB72E
:10535000DEB72E97CDBFDEBF8F83988769877A87A8
:105360004B875C871E828F819885FC0182819381A7
:10537000FC0180858B8319828F819885FC01818552
:10538000882F90E080749927009709F44CC08F8192
:105390009885FC0182819381FC0120858F8198850D
:1053A000FC0182819381237DFC0120878F81988578
:1053B000FC0182819381FC018085282F8F81988553
:1053C000FC0181858C72282B8F819885FC0182815C
:1053D0009381FC0120878F819885FC0182819381D4
:1053E000FC0184819581A681B7812F813885F901DF
:1053F00022813381F90140852F813885F90122818D
:105400003381F9010190F081E02DED87FE87BE0127
:105410006A5F7F4FC12CD12C76018C019D018D8557
:105420009E850E943C2D89859A85FC0181818F3063
:1054300009F030F489859A85FC018181882311F473
:1054400081E0E2C089859A85FC0181818C838C8111
:10545000882309F444C089859A85FC0184819C8154
:10546000692F0E9408A1892F882311F081E0CCC008
:1054700089859A85FC018481882389F11A8223C059
:1054800089859A85FC01828193812A81422F50E08F
:105490002C81222F30E0429FB001439F700D529F1C
:1054A000700D11249B01280F391F8F8198854C8125
:1054B000B9010E946A25882319F081E089830FC011
:1054C0008A818F5F8A8389859A85FC0184819C818A
:1054D000692F0E9408A1982F8A81891788F28B85ED
:1054E0009C85FC0181818F3009F008F452C08B85C6
:1054F0009C85FC018481882309F44BC08B859C85A5
:10550000FC0181818F508C838C81882311F481E090
:105510007BC08B859C85FC0184819C81692F0E94C6
:1055200008A1892F882311F081E06EC01A8225C05E
:105530008B859C85FC01828193812A81422F50E0DA
:105540002C81222F30E0429FB001439F700D529F6B
:10555000700D11249B01280F391F8F8198854C8174
:10556000B9010E94E8288D838D81882319F081E09C
:1055700089830FC08A818F5F8A838B859C85FC011C
:1055800084819C81692F0E9408A1982F8A818917A4
:1055900078F28F819885FC01828193812B81FC01B7
:1055A00020878F819885FC018185882F90E0807409
:1055B0009927009741F18F819885FC018281938121
:1055C000FC0184819581A681B7812F813885F901FD
:1055D00022813381F90140852F813885F9012281AB
:1055E0003381F9010190F081E02DED87FE87BE0146
:1055F0006A5F7F4FC12CD12C76018C019D018D8576
:105600009E850E943C2D89812E96CDBFDEBFDF9105
:10561000CF911F910F91FF90EF90DF90CF90089561
:10562000CF93DF9300D0CDB7DEB789839A836B83A6
:1056300089819A81009721F08B81833019F010F0D5
:1056400081E018C089819A81FC018185282F2C7FF7
:1056500089819A81FC01218789819A81FC01918548
:105660008B818370892B282F206489819A81FC018A
:10567000218780E00F900F900F90DF91CF910895D8
:10568000CF93DF93CDB7DEB72A97CDBFDEBF8A8732
:105690008A8589831A8289818B838B818C838C8113
:1056A0008695869586958D838D81882F90E0880FCD
:1056B000991F82959295907F9827807F98279A5F6F
:1056C00000008E839F838A818823A9F0898188873F
:1056D0008885882F90E09C012770332781E090E037
:1056E00002C0880F991F2A95E2F7282F8E819F818B
:1056F000FC01258314C0898189878985882F90E0E2
:105700009C012770332781E090E002C0880F991F29
:105710002A95E2F7282F8E819F81FC0126830000C5
:1057200000002A96CDBFDEBFDF91CF910895CF93C1
:10573000DF93CDB7DEB72A97CDBFDEBF8A878A85D4
:10574000898381E08A8389818B838B818C838C819F
:105750008695869586958D838D81882F90E0880F1C
:10576000991F82959295907F9827807F98279A5FBE
:1057700000008E839F838A818823A9F0898188878E
:105780008885882F90E09C012770332781E090E086
:1057900002C0880F991F2A95E2F7282F8E819F81DA
:1057A000FC01258314C0898189878985882F90E031
:1057B0009C012770332781E090E002C0880F991F79
:1057C0002A95E2F7282F8E819F81FC012683000015
:1057D00000002A96CDBFDEBFDF91CF910895CF9311
:1057E000DF9300D0CDB7DEB789839A836B8389813D
:1057F0009A812B81FC01238300000F900F900F9062
:10580000DF91CF910895CF93DF930F920F92CDB791
:10581000DEB789839A8389819A81FC0183810F9005
:105820000F90DF91CF910895CF93DF930F920F9256
:10583000CDB7DEB789839A8389819A81FC01828101
:10584000881F8827881F0F900F90DF91CF910895B0
:10585000CF93DF930F920F92CDB7DEB789839A83F0
:1058600089819A81FC018081282F206189819A8118
:10587000FC01208300000F900F90DF91CF910895DD
:10588000CF93DF9300D00F92CDB7DEB780E098E4DE
:10589000A8EEB1E089839A83AB83BC8369817A8166
:1058A0008B819C812496CDBFDEBFDF91CF9108957F
:1058B000CF93DF9300D000D000D0CDB7DEB71982F0
:1058C0000E94402C6A837B838C839D838981882FEF
:1058D00090E02A813B814C815D8104C056954795BB
:1058E000379527958A95D2F7DA01C9018E839F8370
:1058F000A887B9876E817F81888599852996CDBFD4
:10590000DEBFDF91CF910895CF93DF93CDB7DEB7A0
:105910002897CDBFDEBF0E94582C69837A838B8382
:105920009C8389819A81AB81BC818D839E83AF8367
:10593000B8876D817E818F8198852896CDBFDEBF27
:10594000DF91CF910895CF93DF93CDB7DEB728973E
:10595000CDBFDEBF0E94842C69837A838B839C83B6
:1059600089819A81AB81BC818D839E83AF83B88707
:105970006D817E818F8198852896CDBFDEBFDF91B6
:10598000CF910895CF93DF93CDB7DEB72897CDBFE2
:10599000DEBF0E94A32C69837A838B839C838981D9
:1059A0009A81AB81BC818D839E83AF83B8876D81E3
:1059B0007E818F8198852896CDBFDEBFDF91CF9104
:1059C0000895CF93DF9300D00F92CDB7DEB78983D0
:1059D0009A836B837C8389819A810E94032C282F70
:1059E0008B819C81FC01208300002496CDBFDEBF0B
:1059F000DF91CF910895CF93DF930F920F92CDB7A0
:105A0000DEB789839A8389819A810E94142C0F9032
:105A10000F90DF91CF910895CF93DF930F920F9264
:105A2000CDB7DEB789839A8389819A81803C28E04B
:105A3000920721F468E083E00E94E35889819A810B
:105A4000803C29E0920721F468E084E00E94E3585A
:105A500089819A81803C2AE0920721F468E085E000
:105A60000E94E35889819A810E94282C00000F909F
:105A70000F90DF91CF910895CF92DF92EF92FF9236
:105A80000F931F93CF93DF93CDB7DEB76197CDBF51
:105A9000DEBF89839A836B837C834D830E831F8350
:105AA00028873987CA86DB86EC86FD860E94C22C51
:105AB0006E877F87888B998B8E819F81A885B9851A
:105AC000E981FA810E851F8528893989AC01BD01DC
:105AD000CF010E94332E88237CF089819A81FC01BA
:105AE0008081982F937D8D818C72892B282F8981BD
:105AF0009A81FC01208301C000006196CDBFDEBF0A
:105B0000DF91CF911F910F91FF90EF90DF90CF9099
:105B10000895CF93DF9300D000D000D0CDB7DEB78B
:105B20008C839D836E837F83488759871EC08E81B7
:105B30009F819C012F5F3F4F2E833F83FC0120817B
:105B40008C819D8189839A832B8389819A816B8142
:105B50000E94EF2B000000008C819D810E94FB2C95
:105B6000982F81E089278823B9F7888599859C013A
:105B700021503109288739870097C9F680E0299696
:105B8000CDBFDEBFDF91CF910895CF93DF9300D0DB
:105B900000D000D0CDB7DEB78C839D836E837F832A
:105BA0004887598722C08C819D8189839A838FEF92
:105BB0008B8389819A816B810E94EF2B000000000A
:105BC0008C819D810E94FB2C982F81E0892788235E
:105BD000B9F72E813F818C819D81B9010E94E12C12
:105BE0008E819F8101968E839F83888599859C01F4
:105BF00021503109288739870097A9F680E0299636
:105C0000CDBFDEBFDF91CF910895CF93DF9300D05A
:105C10000F92CDB7DEB789839A836B837C838B81A8
:105C20009C81FC0180810E94402B00002496CDBF06
:105C3000DEBFDF91CF910895CF93DF9300D00F9215
:105C4000CDB7DEB789839A836B837C838B819C81FC
:105C5000FC0180810E94972B00002496CDBFDEBFFF
:105C6000DF91CF9108950F931F93CF93DF93CDB71B
:105C7000DEB76497CDBFDEBF8F83988749875A8789
:105C80006B877C870D871E872F87388B4D855E85B8
:105C90006F85788989859A85AB85BC85840F951F2A
:105CA000A61FB71F9C01AD012150310941095109BF
:105CB000298B3A8B4B8B5C8B09851A852B853C8510
:105CC00069897A898B899C89A90198010E9414A10C
:105CD000DA01C9018A839B83AC83BD838A819B815E
:105CE000AC81BD8180389105A105B10519F010F096
:105CF0008FEF3BC08A818E838E81803421F018F033
:105D000083E0898324C08E81803221F018F082E004
:105D100089831DC08E81803121F018F082E889834B
:105D200016C08E81883021F018F081E089830FC081
:105D30008E81843021F018F081E8898308C08E813B
:105D4000823019F010F0198202C080E889838F81B7
:105D50009885FC018081982F9C778981892B282F39
:105D60008F819885FC01208381E06496CDBFDEBFE2
:105D7000DF91CF911F910F910895CF93DF930F92F1
:105D8000CDB7DEB78FE390E0FC0180818983F89482
:105D900089810F90DF91CF910895CF93DF930F9278
:105DA000CDB7DEB789838FE390E02981FC012083A2
:105DB00000000F90DF91CF910895CF93DF93CDB77F
:105DC000DEB72D97CDBFDEBF8C876D878C8589832D
:105DD0008D858A8389818B838B818C838C81869549
:105DE000869586958D838D81882F90E0880F991FE9
:105DF00082959295907F9827807F98279A5F0000E0
:105E00008E839F838E819F819C01205F3F4F89817C
:105E1000888788858770882F90E0820F931F8987F5
:105E20009A870E94BD2E8B8789859A85FC01808187
:105E3000282F277089859A85FC01208389859A857A
:105E4000FC0190818A81292F282B89859A85FC0164
:105E500020838B850E94CD2E000000002D96CDBFA3
:105E6000DEBFDF91CF910895CF93DF93CDB7DEB73B
:105E70002B97CDBFDEBF8A876B878A8589838B8509
:105E80008A8389818B838B818C838C81869586958F
:105E900086958D838D81882F90E0880F991F82953C
:105EA0009295907F9827807F98279A5F00008E8335
:105EB0009F838A818130A9F4898188878885882F8A
:105EC00090E09C012770332781E090E002C0880FAA
:105ED000991F2A95E2F7282F8E819F81FC0121834B
:105EE00017C08A818823A1F4898189878985882FB1
:105EF00090E09C012770332781E090E002C0880F7A
:105F0000991F2A95E2F7282F8E819F81FC01228319
:105F1000000000002B96CDBFDEBFDF91CF9108952A
:105F2000CF93DF93CDB7DEB72B97CDBFDEBF8A8788
:105F30006B878A8589838B858A8389818B838B8113
:105F40008C838C818695869586958D838D81882F0F
:105F500090E0880F991F82959295907F9827807F77
:105F600098279A5F00008E839F838A818823A9F0F7
:105F7000898188878885882F90E09C012770332746
:105F800081E090E002C0880F991F2A95E2F7282F40
:105F90008E819F81FC01258314C089818987898531
:105FA000882F90E09C012770332781E090E002C0A9
:105FB000880F991F2A95E2F7282F8E819F81FC0177
:105FC0002683000000002B96CDBFDEBFDF91CF916E
:105FD0000895CF93DF9300D0CDB7DEB789839A833E
:105FE0006B8389819A81FC018381282F2F7C8B818F
:105FF000882F90E082959295907F9827807F9827B0
:10600000822B282F89819A81FC01238300000F9025
:106010000F900F90DF91CF910895CF93DF9300D031
:10602000CDB7DEB789839A836B8389819A81FC011E
:106030008381282F237F8B81882F90E0880F991FE1
:10604000880F991F822B282F89819A81FC01238335
:1060500000000F900F900F90DF91CF910895CF9394
:10606000DF930F920F92CDB7DEB789839A83898130
:106070009A81FC018181882F90E08072992721E02C
:10608000009709F420E0822F0F900F90DF91CF91BD
:106090000895CF93DF93CDB7DEB72897CDBFDEBF8E
:1060A0008A839B836C837D834E835F8328878A8169
:1060B0009B81FC0181819281FC01808189838C819B
:1060C0009D81009709F444C08E819F81009741F023
:1060D0008E819F819E012F5F3F4FB9010E9419520F
:1060E00000008C819D81FC01818192810E942F3072
:1060F000982F81E089278823A1F78C819D81FC015D
:10610000818192812981FC01208388858130F1F48D
:106110008091D040843039F489818D3021F41092FF
:10612000D04081E021C08091D040882F90E08956F6
:10613000974DFC0190818981981731F48091D0406E
:106140008F5F8093D04002C01092D04080E00CC09E
:106150008A819B81FC01808991899E012F5F3F4F3D
:10616000B9010E94195280E02896CDBFDEBFDF91B1
:10617000CF910895CF93DF9300D00F92CDB7DEB7C4
:106180008B839C8319828B819C81FC0182899389FA
:106190000E94B451982F81E089278823B9F08B8120
:1061A0009C81FC01828993899E012E5F3F4FB9013A
:1061B0000E94A452982F81E0892789838B819C813A
:1061C000FC01818192812A81FC01208389812496AE
:1061D000CDBFDEBFDF91CF910895CF93DF9300D085
:1061E00000D00F92CDB7DEB78D839E836F838F81F2
:1061F000882311F48AEFF1C08D819E81009711F4FC
:106200008AEFEBC01982E3C08981282F30E044E196
:10621000429FC001439F900D11242D813E81820F2A
:10622000931FFC0181819281009711F487EFD5C003
:106230008981282F30E044E1429FC001439F900DA7
:1062400011242D813E81820F931FFC018581482FEF
:10625000440F440F440F8981282F30E054E1529FAE
:10626000C001539F900D11242D813E81820F931FF9
:10627000FC018681840F8A8361E08A810E94342F29
:1062800061E08A810E94902F8981282F30E044E1CB
:10629000429FC001439F900D11242D813E81820FAA
:1062A000931FFC018781482F440F440F440F8981BD
:1062B000282F30E054E1529FC001539F900D1124CC
:1062C0002D813E81820F931FFC018085840F8A837C
:1062D00060E08A810E94342F68E18A810E94DD2E6D
:1062E0008981282F30E044E1429FC001439F900DF7
:1062F00011242D813E81820F931FFC0183818B83AA
:106300008981282F30E044E1429FC001439F900DD6
:1063100011242D813E81820F931FFC0184818C8387
:106320006C818B810E94E3588981282F30E044E101
:10633000429FC001439F900D11242D813E81820F09
:10634000931FAC01475F5F4F8981282F30E064E1E4
:10635000629FC001639F900D11242D813E81820FA9
:10636000931FFC0181819281BA010E945037982FBE
:1063700081E08927882311F088EF2FC08981282F99
:1063800030E044E1429FC001439F900D11242D81D4
:106390003E81820F931FFC018181928163E00E9404
:1063A0000D308981282F30E044E1429FC001439F96
:1063B000900D11242D813E81820F931FFC0181815C
:1063C000928163E00E94E92F89818F5F898399819F
:1063D0008F81981708F418CF80E02796CDBFDEBFD5
:1063E000DF91CF910895CF93DF9300D00F920F925A
:1063F000CDB7DEB789839A836B837C834D83898194
:106400009A81FC018181928160E00E940D3011C06F
:106410008B819C819C012F5F3F4F2B833C83FC0130
:10642000208189819A81FC0181819281622F0E9461
:10643000B3388D819FEF980F9D83882349F7898119
:106440009A81FC018181928163E00E940D3080E09D
:106450002596CDBFDEBFDF91CF910895CF93DF9317
:1064600000D00F920F92CDB7DEB78A839B836C83E7
:106470007D8319820EC08981882F90E02C813D8117
:10648000820F931FFC018081882339F089818F5FFF
:10649000898389818F3F79F701C000002C813D817C
:1064A0008A819B814981B9010E94F33100002596C0
:1064B000CDBFDEBFDF91CF910895CF93DF9300D0A2
:1064C000CDB7DEB789839A836B839E012D5F3F4FE3
:1064D00089819A8141E0B9010E94F33100000F9057
:1064E0000F900F90DF91CF910895CF93DF9300D05D
:1064F0000F920F92CDB7DEB789839A836B837C832B
:106500004D8389819A81FC018181928160E00E94A2
:10651000E92F11C089819A81FC01818192810E94B9
:10652000D138282F8B819C81FC0120838B819C8119
:1065300001968B839C838D819FEF980F9D83882389
:1065400049F789819A81FC018181928163E00E94EF
:10655000E92F80E02596CDBFDEBFDF91CF91089572
:10656000CF93DF9300D0CDB7DEB78A839B838A8138
:106570009B8141E09E012F5F3F4FB9010E94753220
:1065800089810F900F900F90DF91CF910895CF9355
:10659000DF9300D000D00F92CDB7DEB78C839D8300
:1065A0006E837F838C819D81FC018081833019F013
:1065B00010F087EF31C08E819F81009711F48AEF30
:1065C0002BC08C819D81FC018089918989839A836C
:1065D00010C09E012D5F3F4F89819A81B9010E94B1
:1065E000A4529E012D5F3F4F8E819F81B9010E9471
:1065F000195289819A810E94B451982F81E089278C
:10660000882349F08E819F810E94D151982F81E08B
:1066100089278823F1F680E02796CDBFDEBFDF9182
:10662000CF910895CF93DF9300D000D00F92CDB7D4
:10663000DEB78C839D836E837F838C819D81FC017B
:106640008081833019F010F087EF4AC08E819F81DE
:10665000009711F48AEF44C08C819D81FC018289EE
:10666000938989839A8310C09E012D5F3F4F8E814D
:106670009F81B9010E94A4529E012D5F3F4F8981E5
:106680009A81B9010E9419528E819F810E94B45152
:10669000982F81E08927882349F089819A810E9477
:1066A000D151982F81E089278823F1F689819A8139
:1066B0000E94B451982F81E08927882381F09E01A0
:1066C0002D5F3F4F89819A81B9010E94A4528C812C
:1066D0009D81FC01818192812B81FC01208380E0DE
:1066E0002796CDBFDEBFDF91CF910895CF93DF9383
:1066F0000F92CDB7DEB78FE390E0FC0180818983F4
:10670000F89489810F90DF91CF910895CF93DF9313
:106710000F92CDB7DEB789838FE390E02981FC012A
:10672000208300000F90DF91CF910895CF93DF93E6
:1067300000D00F92CDB7DEB780E098E4A8EEB1E0CC
:1067400089839A83AB83BC8369817A818B819C81A5
:106750002496CDBFDEBFDF91CF910895CF93DF9315
:1067600000D000D000D0CDB7DEB719820E9496339A
:106770006A837B838C839D838981882F90E02A8123
:106780003B814C815D8104C056954795379527958F
:106790008A95D2F7DA01C9018E839F83A887B987CA
:1067A0006E817F81888599852996CDBFDEBFDF9177
:1067B000CF910895CF93DF93CDB7DEB72897CDBFA4
:1067C000DEBF0E94AE3369837A838B839C83898189
:1067D0009A81AB81BC818D839E83AF83B8876D81A5
:1067E0007E818F8198852896CDBFDEBFDF91CF91C6
:1067F0000895CF93DF93CDB7DEB72897CDBFDEBF27
:106800000E94DA3369837A838B839C8389819A819E
:10681000AB81BC818D839E83AF83B8876D817E8180
:106820008F8198852896CDBFDEBFDF91CF910895E7
:10683000CF93DF930F920F92CDB7DEB789839A8300
:1068400089819A81009709F45EC189819A81803C8F
:10685000910529F460E180E00E94E35854C18981E8
:106860009A81811524E0920729F464E080E00E9477
:10687000E35849C189819A81803821E0920729F43F
:1068800062E080E00E94E3583EC189819A818115CF
:1068900021E0920729F461E080E00E94E35833C1CF
:1068A00089819A81803823E0920729F461E081E0B0
:1068B0000E94E35828C189819A81803923E0920798
:1068C00029F461E082E00E94E3581DC189819A8128
:1068D000811522E0920729F462E081E00E94E358EA
:1068E00012C189819A81803422E0920729F462E002
:1068F00082E00E94E35807C189819A81803223E0B7
:10690000920729F464E082E00E94E358FCC0898188
:106910009A81811528E0920729F461E083E00E94C2
:10692000E358F1C089819A81811529E0920729F401
:1069300061E084E00E94E358E6C089819A81811574
:106940002AE0920729F461E085E00E94E358DBC069
:1069500089819A8181152BE0920729F461E086E014
:106960000E94E358D0C089819A81803428E0920740
:1069700029F462E083E00E94E358C5C089819A81CE
:10698000803429E0920729F462E084E00E94E35811
:10699000BAC089819A8180342AE0920729F462E0A2
:1069A00085E00E94E358AFC089819A81803928E050
:1069B000920729F464E083E00E94E358A4C089812F
:1069C0009A81803929E0920729F464E084E00E94EA
:1069D000E35899C089819A8180392AE0920729F485
:1069E00064E085E00E94E3588EC089819A818039F5
:1069F0002BE0920729F464E086E00E94E35883C00C
:106A000089819A81803C28E0920729F468E083E03C
:106A10000E94E35878C089819A81803C29E09207DE
:106A200029F468E084E00E94E3586DC089819A816E
:106A3000803C2AE0920729F468E085E00E94E35850
:106A400062C089819A81803A28E0920729F460E146
:106A500083E00E94E35857C089819A81803A29E0F7
:106A6000920729F460E184E00E94E3584CC08981D8
:106A70009A81803A2AE0920729F460E185E00E9439
:106A8000E35841C089819A81803A2BE0920729F42A
:106A900060E186E00E94E35836C089819A81803B9C
:106AA00028E0920729F460E283E00E94E3582BC0BB
:106AB00089819A81803B29E0920729F460E284E091
:106AC0000E94E35820C089819A81803B2AE0920786
:106AD00029F460E285E00E94E35815C089819A811B
:106AE000803824E0920729F460E483E00E94E358B0
:106AF0000AC089819A81803A24E0920721F460E4F7
:106B000085E00E94E35800000F900F90DF91CF9135
:106B10000895CF93DF930F920F92CDB7DEB789839D
:106B20009A8389819A81FC018481282F206189813F
:106B30009A81FC01248300000F900F90DF91CF9188
:106B40000895CF93DF930F920F92CDB7DEB789836D
:106B50009A8389819A81FC018481282F2F7E8981E3
:106B60009A81FC01248300000F900F90DF91CF9158
:106B70000895CF93DF9300D00F920F92CDB7DEB779
:106B800089839A836B834C832D839B818C81892B92
:106B9000982F8D81882311F088E001C080E0892B37
:106BA000282F89819A81FC01258300002596CDBF7D
:106BB000DEBFDF91CF910895CF93DF930F920F92B5
:106BC000CDB7DEB789839A8389819A81FC0184815C
:106BD000282F286089819A81FC01248300000F906E
:106BE0000F90DF91CF910895CF93DF9300D0CDB771
:106BF000DEB789839A836B8389819A81FC018581C1
:106C0000982F9F738B81892B282F89819A81FC0172
:106C1000258300000F900F900F90DF91CF91089582
:106C2000CF93DF930F920F92CDB7DEB789839A830C
:106C300089819A81FC018181882F90E08072992757
:106C400021E0009709F420E0822F0F900F90DF9150
:106C5000CF910895CF93DF930F920F92CDB7DEB708
:106C600089839A8389819A81FC018181882F90E0B0
:106C70008078992721E0009709F420E0822F0F9077
:106C80000F90DF91CF910895CF93DF93CDB7DEB70B
:106C90002D97CDBFDEBF8C876D878C8589838D85D1
:106CA0008A8389818B838B818C838C818695869561
:106CB00086958D838D81882F90E0880F991F82950E
:106CC0009295907F9827807F98279A5F00008E8307
:106CD0009F838E819F819C01205F3F4F89818887A0
:106CE00088858770882F90E0820F931F89879A8705
:106CF0000E9476338B8789859A85FC018081282FB5
:106D0000277089859A85FC01208389859A85FC01F5
:106D100090818A81292F282B89859A85FC012083DF
:106D20008B850E948633000000002D96CDBFDEBF0C
:106D3000DF91CF910895CF93DF93CDB7DEB72B9737
:106D4000CDBFDEBF8A876B878A8589838B858A83DF
:106D500089818B838B818C838C81869586958695A2
:106D60008D838D81882F90E0880F991F8295929551
:106D7000907F9827807F98279A5F00008E839F835B
:106D80008A818130A9F4898188878885882F90E05D
:106D90009C012770332781E090E002C0880F991F83
:106DA0002A95E2F7282F8E819F81FC01218317C04D
:106DB0008A818823A1F4898189878985882F90E039
:106DC0009C012770332781E090E002C0880F991F53
:106DD0002A95E2F7282F8E819F81FC0122830000F3
:106DE00000002B96CDBFDEBFDF91CF910895CF93EA
:106DF000DF93CDB7DEB72B97CDBFDEBF8A876B871A
:106E00008A8589838B858A8389818B838B818C8317
:106E10008C818695869586958D838D81882F90E0CF
:106E2000880F991F82959295907F9827807F982749
:106E30009A5F00008E839F838A818823A9F08981CD
:106E400088878885882F90E09C012770332781E010
:106E500090E002C0880F991F2A95E2F7282F8E81B3
:106E60009F81FC01258314C0898189878985882FAA
:106E700090E09C012770332781E090E002C0880FEA
:106E8000991F2A95E2F7282F8E819F81FC01268386
:106E9000000000002B96CDBFDEBFDF91CF9108959B
:106EA0000F931F93CF93DF9300D000D000D0CDB7C6
:106EB000DEB78A839B836C837D838A819B810E945A
:106EC00018348A819B8160E00E94F4358C819D8119
:106ED000FC0126818C819D81FC0145818C819D81F5
:106EE000FC0134818A819B81632F0E94B9350E9405
:106EF000F9336E837F83888799878C819D81FC011C
:106F000080819181A281B381EA81FB810E811F8101
:106F100028853985AC01BD01CF010E943C3A8983A7
:106F20008A819B810E94DC358A819B810E94893500
:106F300089812996CDBFDEBFDF91CF911F910F913F
:106F400008950F931F93CF93DF93CDB7DEB72A97A2
:106F5000CDBFDEBF8B839C836D837E838B819C81C1
:106F60000E9418348B819C810E94A1358D819E8165
:106F7000FC018481823031F08D819E81FC0184810D
:106F8000833019F481E090E002C080E090E08A83D1
:106F90008A8181708A838B819C81803AF8E09F0787
:106FA00079F480E496E0FC018685882F90E080717A
:106FB0009927009719F085E1898302C081E18983CF
:106FC0008B819C81803BF8E09F0711F485E18983E8
:106FD0008B819C81803A29E0920779F480E696E0E3
:106FE000FC018685882F90E080719927009719F021
:106FF0008DE1898302C089E189838B819C81803BFB
:10700000F9E09F0711F48DE189838B819C81803A9F
:107010002AE0920779F480E896E0FC018685882FC3
:1070200090E080719927009719F085E2898302C06A
:1070300081E289838B819C81803BFAE09F0711F478
:1070400085E289838B819C81803A2BE0920779F4D9
:1070500080EA96E0FC018685882F90E08071992770
:10706000009719F08DE2898302C089E2898361E08B
:1070700089810E949B368A81882311F080E401C0B7
:1070800080E0682F89810E94443661E089810E94F6
:10709000F7368B819C8160EC0E94F4358D819E8156
:1070A000FC018481813031F08D819E81FC018481DD
:1070B000833059F48B819C81FC018581282F2260CB
:1070C0008B819C81FC0125830AC08B819C81FC0102
:1070D0008581282F2D7F8B819C81FC0125838D81CB
:1070E0009E81FC018581882359F08B819C81FC0164
:1070F0008581282F24608B819C81FC0125830AC017
:107100008B819C81FC018581282F2B7F8B819C8129
:10711000FC0125830E94F9336F83788789879A87DA
:107120008D819E81FC0180819181A281B381EB815F
:10713000FC810F81188529853A85AC01BD01CF01FD
:107140000E94203C8B819C810E94DC358B819C813C
:107150000E94893500002A96CDBFDEBFDF91CF9116
:107160001F910F910895CF93DF9300D0CDB7DEB775
:1071700089839A836B83000089819A810E941036EB
:10718000982F81E089278823B9F789819A812B81FB
:10719000FC01208380E00F900F900F90DF91CF9142
:1071A0000895CF93DF930F920F92CDB7DEB7898307
:1071B0009A83000089819A810E942A36982F81E063
:1071C00089278823B9F789819A81FC0180810F90F2
:1071D0000F90DF91CF910895CF93DF9300D00F925E
:1071E000CDB7DEB769837A838B839C8389819A814B
:1071F000AB81BC81811521EE9207A105B10509F48F
:1072000085C089819A81AB81BC81811521EE92076D
:10721000A105B10511F008F07BC089819A81AB818D
:10722000BC81811526E99207A105B10509F46CC05E
:1072300089819A81AB81BC81811526E99207A105DC
:10724000B10511F008F064C089819A81AB81BC81DD
:1072500081152BE49207A105B10509F453C089817A
:107260009A81AB81BC8181152BE49207A105B10500
:1072700011F008F04DC089819A81AB81BC818038C2
:1072800025E29207A105B105D9F189819A81AB81E7
:10729000BC81803825E29207A105B10509F0C0F54F
:1072A00089819A81AB81BC81803C22E19207A10552
:1072B000B10521F189819A81AB81BC81803C22E1B9
:1072C0009207A105B10509F018F589819A81AB8172
:1072D000BC81803B24E09207A105B10559F089816A
:1072E0009A81AB81BC81803629E09207A105B10566
:1072F00019F00EC080E00DC081E00BC082E009C033
:1073000083E007C084E005C085E003C086E001C0DB
:107310008FEF2496CDBFDEBFDF91CF910895CF933D
:10732000DF9300D00F920F92CDB7DEB789839A8397
:107330006B837C834D832B8189819A81FC01268319
:107340008B819C81892F9927982F9F708D818295A1
:10735000807F292F282B89819A81FC0127830000B7
:107360002596CDBFDEBFDF91CF9108950F931F9378
:10737000CF93DF93CDB7DEB76997CDBFDEBF8C87E4
:107380009D874E875F87688B798B0A8B1B8B2C8B35
:107390003D8B19821A828E859F85A889B9898E8B2B
:1073A0009F8BA88FB98F6E897F89888D998D0E9458
:1073B000EC388B838A899B89AC89BD898038E4E865
:1073C0009E07EEE1AE07B105C1F48B81882F90E0F6
:1073D000880F991F885F9A4F888799878885998534
:1073E000FC0125913491CF012A873B8788879987B3
:1073F0008A859B8589839A8323C08A899B89AC89E6
:10740000BD898115F8E49F07F8EEAF07F1E0BF07EB
:10741000B9F48B81882F90E0880F991F8A5E9A4F6C
:107420008C839D838C819D81FC0125913491CF01BA
:107430002E833F838C839D838E819F8189839A8352
:107440008B818F3F81F029818C859D85DC0117968A
:107450002C93179789819A81892F9927282F8C85BA
:107460009D85FC01268300006996CDBFDEBFDF91BC
:10747000CF911F910F9108950F931F93CF93DF9397
:10748000CDB7DEB7AF97CDBFDEBF8E8B9F8B488F5A
:10749000598F6A8F7B8F0C8F1D8F2E8F3F8F8C8D16
:1074A0009D8DAE8DBF8D689412F8B695A795979572
:1074B00087951694D1F78E879F87A88BB98B8C8D73
:1074C0009D8DAE8DBF8D072E76E1B695A7959795CC
:1074D00087957A95D1F7702D8A879B87AC87BD8772
:1074E0008E899F89DC0114968C911497882F90E0E7
:1074F000847099270097C1F48E859F85A889B989E2
:10750000B695A795979587958E879F87A88BB98BFA
:107510008A859B85AC85BD85B695A79597958795FA
:107520008A879B87AC87BD87488D598D6A8D7B8DF7
:107530008E859F85A889B989481759076A077B07EF
:1075400009F068F4488D598D6A8D7B8D8A859B85FD
:10755000AC85BD85481759076A077B0710F480E0A2
:1075600067C18E899F89FC018481882F90E0847097
:107570009927009761F4888D998DAA8DBB8D880F0E
:10758000991FAA1FBB1F888F998FAA8FBB8F8FEF60
:1075900090E0A0E0B0E08E839F83A887B9870C8D30
:1075A0001D8D2E8D3F8D0CA71DA72EA73FA7088DE3
:1075B000198D2A8D3B8D6CA57DA58EA59FA5A90152
:1075C00098010E9414A1DA01C9018A8B9B8BAC8BB4
:1075D000BD8B89EF898328C04A895B896C897D8945
:1075E0008E819F81A885B985481759076A077B074F
:1075F00000F18E819F81A885B985880F991FAA1FE8
:10760000BB1F8E839F83A887B98789818D3F4CF4E8
:107610008E819F81A885B98581608E839F83A8878D
:10762000B98789818F5F898389818630A9F2A4F225
:1076300001C00000898188230CF09CC0888D998D41
:10764000AA8DBB8D880F991FAA1FBB1F880F991F7A
:10765000AA1FBB1F880F991FAA1FBB1FAC01BD012A
:107660008C8D9D8DAE8DBF8D841B950BA60BB70B9E
:107670008C8F9D8FAE8FBF8F89818E3FD4F589818E
:10768000082E000C990B2DEF3FEF281B390B8C8D2A
:107690009D8DAE8DBF8DAC01BD0104C0440F551F43
:1076A000661F771F2A95D2F7888D998DAA8DBB8D7D
:1076B000B695A795979587958A019B01080F191F85
:1076C0002A1F3B1F08A319A32AA33BA3088D198DCA
:1076D0002A8D3B8D68A179A18AA19BA1A90198015E
:1076E0000E9414A1DA01C9018A839B83AC83BD8304
:1076F00084C08981082E000C990B9C012D5F3F4F9F
:10770000888D998DAA8DBB8D04C0880F991FAA1FE3
:10771000BB1F2A95D2F7888F998FAA8FBB8F888D30
:10772000998DAA8DBB8DAC01BD0176956795579556
:1077300047958C8D9D8DAE8DBF8D8A019B01080F65
:10774000191F2A1F3B1F0CA31DA32EA33FA3088DA7
:10775000198D2A8D3B8D6CA17DA18EA19FA1A901C0
:1077600098010E9414A1DA01C9018A839B83AC832A
:10777000BD8343C08981082E000C990B9C012D5FAD
:107780003F4F888D998DAA8DBB8D04C0880F991F9E
:10779000AA1FBB1F2A95D2F7888F998FAA8FBB8FFC
:1077A000888D998DAA8DBB8DAC01BD0176956795AD
:1077B000579547958C8D9D8DAE8DBF8D8A019B0110
:1077C000080F191F2A1F3B1F08A719A72AA73BA7A5
:1077D000088D198D2A8D3B8D68A579A58AA59BA555
:1077E000A90198010E9414A1DA01C9010197A10918
:1077F000B1098A839B83AC83BD838A819B81AC81E1
:10780000BD81892F9A2FAB2FBB27982F9F7089811D
:107810008295807F292F282B8E899F89DC011796DE
:107820002C9317972A818E899F89FC01268381E0FA
:10783000AF96CDBFDEBFDF91CF911F910F9108951D
:107840000F931F93CF93DF93CDB7DEB76097CDBF74
:10785000DEBF8B839C834D835E836F83788709872C
:107860001A872B873C8789859A85AB85BC85B69519
:10787000A795979587954D815E816F81788548178B
:1078800059076A077B0700F58D819E81AF81B88516
:107890008C019D01000F111F221F331F89859A85BE
:1078A000AB85BC858D879E87AF87B88B6D857E85C0
:1078B0008F859889A90198010E9414A1DA01C90154
:1078C000019789839A8302C019821A8289819A81D9
:1078D000892F9927282F2F708B819C81DC01179687
:1078E0002C93179729818B819C81FC0126830000B2
:1078F0006096CDBFDEBFDF91CF911F910F910895AC
:10790000CF93DF930F92CDB7DEB78FE390E0FC010A
:1079100080818983F89489810F90DF91CF910895B8
:10792000CF93DF930F92CDB7DEB789838FE390E0DB
:107930002981FC01208300000F90DF91CF910895F1
:10794000CF93DF930F92CDB7DEB789838981882FDC
:1079500090E0BC0182E00E94E29E0F90DF91CF9107
:107960000895CF93DF9300D00F92CDB7DEB780E0BC
:1079700098E4A8EEB1E089839A83AB83BC836981E4
:107980007A818B819C812496CDBFDEBFDF91CF9120
:107990000895CF93DF9300D000D000D0CDB7DEB7ED
:1079A00019820E94B13C6A837B838C839D83898189
:1079B000882F90E02A813B814C815D8104C05695DF
:1079C0004795379527958A95D2F7DA01C9018E83B5
:1079D0009F83A887B9876E817F818885998529963D
:1079E000CDBFDEBFDF91CF910895CF93DF93CDB7A9
:1079F000DEB72897CDBFDEBF0E94C93C69837A837A
:107A00008B839C8389819A81AB81BC818D839E838A
:107A1000AF83B8876D817E818F8198852896CDBF91
:107A2000DEBFDF91CF910895CF93DF93CDB7DEB75F
:107A30002897CDBFDEBF0E94F53C69837A838B8394
:107A40009C8389819A81AB81BC818D839E83AF8326
:107A5000B8876D817E818F8198852896CDBFDEBFE6
:107A6000DF91CF910895CF93DF9300D00F92CDB7E0
:107A7000DEB78A839B836C830E94803C89838A81E2
:107A80009B81FC018081282F8C81882F90E0880FBA
:107A9000991F880F991F822B282F8A819B81FC01B7
:107AA000208389810E94903C00002496CDBFDEBFD8
:107AB000DF91CF910895CF93DF9300D0CDB7DEB79C
:107AC00089839A836B8389819A81FC0196818B815A
:107AD00089230F900F900F90DF91CF910895CF934E
:107AE000DF9300D0CDB7DEB789839A836B8389811A
:107AF0009A812B81FC01268300000F900F900F903C
:107B0000DF91CF910895CF93DF9300D0CDB7DEB74B
:107B100089839A836B8389819A816B810E945B3D03
:107B2000982F8B818917B9F789819A816B810E947F
:107B30006F3D00000F900F900F90DF91CF9108954F
:107B4000CF93DF9300D0CDB7DEB78B838B81882FA7
:107B500090E082309105E9F18230910511F00CF04E
:107B600051C0009721F081309105D1F04BC081E2E6
:107B70000E94A03C882F90E089839A8389819A8112
:107B8000982F882789839A8380E20E94A03C882FBF
:107B900090E029813A81822B932B89839A8334C088
:107BA00085E20E94A03C882F90E089839A83898196
:107BB0009A81982F882789839A8384E20E94A03C27
:107BC000882F90E029813A81822B932B89839A8395
:107BD0001BC08FE20E94A03C882F90E089839A838B
:107BE00089819A81982F882789839A838EE20E94BF
:107BF000A03C882F90E029813A81822B932B8983A6
:107C00009A8302C019821A8289819A810F900F90FB
:107C10000F90DF91CF9108950F931F93CF93DF9330
:107C2000CDB7DEB76597CDBFDEBF888799874A8716
:107C30005B876C877D870E94143D6E877F87888B6A
:107C4000998B8E859F85A889B9898A839B83AC830C
:107C5000BD838A819B81AC81BD818A8B9B8BAC8BE0
:107C6000BD8B0A851B852C853D856A897B898C891E
:107C70009D89A90198010E9414A1DA01C9018E838E
:107C80009F838E819F818430910509F010F41982C1
:107C900039C08E819F818830910509F018F481E008
:107CA000898330C08E819F818031910509F018F45D
:107CB00082E0898327C08E819F818032910509F0FF
:107CC00018F483E089831EC08E819F8180349105E2
:107CD00009F018F484E0898315C08E819F81803873
:107CE000910509F018F485E089830CC08E819F818D
:107CF0008115A1E09A0709F018F486E0898302C093
:107D000087E08983888599852981FC012483000087
:107D10006596CDBFDEBFDF91CF911F910F91089582
:107D2000CF93DF9300D00F920F92CDB7DEB7898348
:107D30009A836B834C832D8389819A81FC01818195
:107D4000282F297E89819A81FC01218389819A814A
:107D5000FC0191812C818B81822B292F282B8981F9
:107D60009A81FC01218389819A81FC018281282FDB
:107D70002F7889819A81FC01228389819A81FC0173
:107D800092818D81292F282B89819A81FC01228360
:107D900000002596CDBFDEBFDF91CF910895CF9330
:107DA000DF9300D00F920F92CDB7DEB789839A830D
:107DB0006B834C832D838B81882F90E085309105D8
:107DC00009F49AC08530910511F00CF0BEC08430E2
:107DD000910509F468C08430910511F00CF0B5C02C
:107DE0008330910509F449C08330910511F00CF0FE
:107DF000ACC082309105D1F08230910511F00CF0C9
:107E0000A4C0009721F08130910561F19EC0898165
:107E10009A81FC018181282F277F89819A81FC0129
:107E2000218389819A81FC0113828FC089819A8183
:107E3000FC018181282F277F89819A81FC01218380
:107E40008D81882F90E0880F991F880F991F880FC8
:107E5000991F982F8C81892B282F89819A81FC0169
:107E6000238373C089819A81FC018181282F286036
:107E700089819A81FC01218368C089819A81FC01F2
:107E80008181282F286089819A81FC0121838C813E
:107E90008150282F2295220F220F207C89819A81E0
:107EA000FC01238352C089819A81FC018181282FA2
:107EB000277F89819A81FC0121838C81882F90E022
:107EC0000197002496958795079496958795079432
:107ED000982F802D282F8D81882F90E0880F991F53
:107EE000880F991F880F991F822B8560282F898101
:107EF0009A81FC01238329C089819A81FC018181B7
:107F0000282F277F89819A81FC0121838C81882FEA
:107F100090E001970024969587950794969587950C
:107F20000794982F802D282F8D81882F90E0880F1F
:107F3000991F880F991F880F991F822B8660282F01
:107F400089819A81FC012383000000002596CDBF22
:107F5000DEBFDF91CF910895CF93DF930F92CDB71E
:107F6000DEB789838981882F90E08F3F910581F169
:107F70008F3F910509F074F58032910509F0A4F462
:107F8000992344F18981882F90E0A0E0B0E080320D
:107F90009105A105B10509F0E8F4FC018827E55831
:107FA000F5458F4F0C9436A18034910579F012C0BD
:107FB0008CE111C080E00FC084E00DC088E00BC0F0
:107FC0008CE009C080E107C084E105C088E103C0FE
:107FD00080E001C080E00F90DF91CF910895CF93B2
:107FE000DF9300D00F920F92CDB7DEB789839A83CB
:107FF0006B834C832D838B818F3081F078F0898166
:108000009A81FC0110828B818051282F220F220F30
:10801000220F89819A81FC0121838BC08C818A3057
:1080200079F489819A8121E0FC0120838B81282FBA
:10803000220F220F220F89819A81FC01218379C0AE
:108040008C81833009F0B8F489819A8122E0FC01A7
:1080500020838B81882F90E0880F991F880F991FAC
:10806000880F991F982F8C81892B282F89819A81BD
:10807000FC0121835EC08C81873009F0E0F48D81A2
:108080000E94AC3F282F236089819A81FC012083C4
:108090008B81882F90E0880F991F880F991F880F78
:1080A000991F982F8C818450892B282F89819A8140
:1080B000FC0121833EC08D818130E1F489819A8168
:1080C00022E0FC0120838B81882F90E0880F991F8C
:1080D000880F991F880F991F982F8C81883011F471
:1080E00085E001C087E0892B282F89819A81FC01D6
:1080F00021831FC08D810E94AC3F282F236089817E
:108100009A81FC0120838B81882F90E0880F991F32
:10811000880F991F880F991F982F8C81893011F42F
:1081200084E001C085E0892B282F89819A81FC0198
:10813000218300002596CDBFDEBFDF91CF9108954A
:10814000CF93DF93CDB7DEB72897CDBFDEBF8D834A
:108150009E836F8378878D819E81811522E09207AF
:1081600031F480E00E94A03D89839A830CC08D8108
:108170009E818034E2E09E0709F05BC081E00E94AE
:10818000A03D89839A830E94803C8B838D819E8150
:108190000E9448488D819E81FC01808181708C8382
:1081A0008D819E8122E0FC0120838D819E81298129
:1081B0003A81FC01248735878F819885FC012581D0
:1081C00036818D819E81FC01208F318F8F81988532
:1081D000FC0122818D819E81FC0122838F81988503
:1081E000FC0124818D819E81FC0124838F819885EF
:1081F000FC0123818D819E81FC0123838F819885E1
:10820000FC0121818D819E81FC0121838F819885D4
:10821000FC0190818C81292F282B8D819E81FC016E
:1082200020838D819E810E947B488B810E94903C9F
:1082300001C000002896CDBFDEBFDF91CF91089529
:10824000CF93DF9300D00F920F92CDB7DEB78A8322
:108250009B836C837D830E94803C89838A819B8180
:108260000E9448488A819B81FC018081282F207CC4
:108270008C819D81FC0120838A819B81FC01208D62
:10828000318D8C819D81FC01258336838A819B8180
:10829000FC0122818C819D81FC0122838A819B814A
:1082A000FC0124818C819D81FC0124838A819B8136
:1082B000FC0123818C819D81FC0123838A819B8128
:1082C000FC0121818C819D81FC0121838A819B811C
:1082D0000E947B4889810E94903C00002596CDBF7A
:1082E000DEBFDF91CF910895CF93DF93CDB7DEB797
:1082F0002C97CDBFDEBF888799876A874B875C87BD
:10830000888599858C839D838A858E831F828E8143
:10831000882F90E083709927009739F48F818E5FC2
:108320008F838E81869586958E838E81882F90E0AF
:1083300081709927009719F48F818F5F8F838C81CB
:108340009D819C01205E3F4F8F81882F90E0880F98
:10835000991F880F991F880F991F820F931F898378
:108360009A830E94803C8B83888599850E94484827
:108370008B859C85FC01208189819A81FC01208369
:108380008B859C85FC01228189819A81FC01228355
:108390008B859C85FC01218189819A81FC01218347
:1083A0008A85882F90E081709927009741F08B850E
:1083B0009C85FC01238189819A81FC012683888523
:1083C00099850E947B488B810E94903C00002C96EE
:1083D000CDBFDEBFDF91CF910895CF93DF93CDB7AF
:1083E000DEB72C97CDBFDEBF888799876A874B871A
:1083F0005C87888599858C839D838A858E831F827F
:108400008E81882F90E083709927009739F48F81AF
:108410008E5F8F838E81869586958E838E81882F41
:1084200090E081709927009719F48F818F5F8F8377
:108430008C819D819C01205E3F4F8F81882F90E031
:10844000880F991F880F991F880F991F820F931FFC
:1084500089839A830E94803C8B83888599850E94BA
:10846000484889819A81FC0120818B859C85FC018B
:10847000208389819A81FC0122818B859C85FC0166
:10848000228389819A81FC0121818B859C85FC0155
:1084900021838A85882F90E081709927009741F089
:1084A00089819A81FC0126818B859C85FC0123832F
:1084B000888599850E947B488B810E94903C0000B2
:1084C0002C96CDBFDEBFDF91CF910895CF93DF9380
:1084D000CDB7DEB76097CDBFDEBF8C879D876E8737
:1084E0004F87288B8C859D859E012F5F3F4FB9015B
:1084F0000E9420419E01285F3F4F8C859D85A901E8
:108500006E850E94ED41288940E060E0CE01019631
:108510000E94903E20E041E060E0CE0101960E9482
:10852000CF3E40E45DE063E070E0CE0101960E9442
:108530000C3ECE01089621E04AE06F850E94EF3F95
:108540008C859D859E012F5F3F4FB9010E94A04001
:108550009E01285F3F4F8C859D85A9016E850E94F5
:1085600074418C859D850E94B04800006096CDBF07
:10857000DEBFDF91CF910895CF93DF9300D000D07D
:1085800000D0CDB7DEB78D839E836F834887598730
:108590008D819E816F810E94333D8D819E816F818F
:1085A0000E94833D8D819E8189839A838F818B83F5
:1085B0001C828B81882F90E083709927009739F473
:1085C0008C818E5F8C838B81869586958B838B8146
:1085D000882F90E081709927009719F48C818F5F24
:1085E0008C8389819A819C01205E3F4F8C81882FEA
:1085F00090E0880F991F880F991F880F991F820F8D
:10860000931FFC012481358188859985FC01208395
:10861000318300002996CDBFDEBFDF91CF91089551
:108620002F923F924F925F926F927F928F929F9282
:10863000AF92BF92CF92DF92EF92FF920F931F9370
:10864000CF93DF93CDB7DEB7C757D109CDBFDEBF1C
:108650008B879C876D874E875F872E853F858B85AF
:108660009C85A9016D850E94BC428BE790E08983BF
:108670009A838E859F85FC01808191819C01220FC8
:10868000331F89819A81A901481B590BCA018C01AA
:1086900020E030E040E050E0BA010B831C832D83E2
:1086A0003E834F83588769877A87AB80BC80CD80B3
:1086B000DE80EF80F88409851A852B813C814D810D
:1086C0005E816F81788589859A850E9463A1A22E3B
:1086D000B32EC42ED52EE62EF72E082F192F2A2CB6
:1086E0003B2C4C2C5D2C6E2C7F2C802E912EA22CA2
:1086F000B32CC42CD52CE62CF72C082D192D2A2DA3
:108700003B2D4C2D5D2D6E2D7F2D802F912F06E062
:108710000E94B7A228AB39AB4AAB5BAB6CAB7DAB6D
:108720008EAB9FABA8A8B9A8CAA8DBA8ECA8FDA8E7
:108730000EA91FA92A2D3B2D4C2D5D2D6E2D7F2DB1
:10874000802F912FA22CB32CC42CD52CE62CF72CE7
:10875000082D192D0E94D9A2A22EB32EC42ED52EDB
:10876000E62EF72E082F192F2A2D3B2D4C2D5D2D8F
:108770006E2D7F2D802F912F02E00E94B7A228AF8F
:1087800039AF4AAF5BAF6CAF7DAF8EAF9FAFA8ACD8
:10879000B9ACCAACDBACECACFDAC0EAD1FAD2A2D58
:1087A0003B2D4C2D5D2D6E2D7F2D802F912FA22CDA
:1087B000B32CC42CD52CE62CF72C082D192D0E9497
:1087C000D9A2222E332E442E552E662E772E882E99
:1087D000992EAA24A3940F2EF0EEBF2EF02DCC24B8
:1087E000CA94D12CE12CF12C00E010E0222D332D85
:1087F000442D552D662D772D882D992D0E9419A277
:10880000822E932EA42EB52EC62ED72EE82EF92E0C
:10881000888A998AAA8ABB8ACC8ADD8AEE8AFF8AEC
:108820005B8121965FAF21978C8122968FAF229733
:10883000ED812396EFAF2397FE812496FFAF249717
:108840004F8125964FAF2597588526965FAF26977F
:10885000898527968FAF2797EA852896EFAF2897C7
:1088600021968FAC219722969FAC22972396AFAC8E
:1088700023972496BFAC24972596CFAC25972696B0
:10888000DFAC26972796EFAC27972896FFAC289762
:10889000282D392D4A2D5B2D6C2D7D2D8E2D9F2D54
:1088A00002E00E94B7A229962FAF29972A963FAFE0
:1088B0002A972B964FAF2B972C965FAF2C972D9620
:1088C0006FAF2D972E967FAF2E972F968FAF2F9746
:1088D00060969FAF609729968FAC29972A969FAC98
:1088E0002A972B96AFAC2B972C96BFAC2C972D9636
:1088F000CFAC2D972E96DFAC2E972F96EFAC2F97FF
:108900006096FFAC6097282D392D4A2D5B2D6C2D7C
:108910007D2D8E2D9F2D2196AFAC21972296BFAC39
:1089200022972396CFAC23972496DFAC24972596E5
:10893000EFAC25972696FFAC269727960FAD279785
:1089400028961FAD28970E94D0A261962FAF6197FD
:1089500062963FAF629763964FAF639764965FAF3F
:10896000649765966FAF659766967FAF66976796D3
:108970008FAF679768969FAF689761962FAD6197A5
:1089800062963FAD629763964FAD639764965FAD15
:10899000649765966FAD659766967FAD66976796A7
:1089A0008FAD679768969FAD689704E00E94B7A265
:1089B000822E932EA42EB52EC62ED72EE82EF92E5B
:1089C000282D392D4A2D5B2D6C2D7D2D8E2D9F2D23
:1089D0006196AFAC61976296BFAC62976396CFAC7D
:1089E00063976496DFAC64976596EFAC659766967F
:1089F000FFAC669767960FAD679768961FAD68974F
:108A00000E94D9A2822E932EA42EB52EC62ED72E2A
:108A1000E82EF92E282D392D4A2D5B2D6C2D7D2D1C
:108A20008E2D9F2D02E00E94B7A269962FAF699705
:108A30006A963FAF6A976B964FAF6B976C965FAF36
:108A40006C976D966FAF6D976E967FAF6E976F96C2
:108A50008FAF6F97A0969FAFA09769968FAC6997DD
:108A60006A969FAC6A976B96AFAC6B976C96BFACEF
:108A70006C976D96CFAC6D976E96DFAC6E976F96D8
:108A8000EFAC6F97A096FFACA097282D392D4A2DFB
:108A90005B2D6C2D7D2D8E2D9F2D2196AFAC2197BA
:108AA0002296BFAC22972396CFAC23972496DFACB7
:108AB00024972596EFAC25972696FFAC2697279608
:108AC0000FAD279728961FAD28970E94D9A2222E76
:108AD000332E442E552E662E772E882E992EAA24BC
:108AE000AA940F2EFFE0BF2EF02DC12CD12CE12C2B
:108AF000F12C00E010E0222D332D442D552D662D54
:108B0000772D882D992D0E9419A2A22EB32EC42E46
:108B1000D52EE62EF72E082F192F2A2C3B2C4C2C65
:108B20005D2C6E2C7F2C802E912E288939894A89C4
:108B30005B896C897D898E899F89A22CB32CC42C7A
:108B4000D52CE62CF72C082D192D0E94D9A2288FA0
:108B5000398F4A8F5B8F6C8F7D8F8E8F9F8FAB800D
:108B6000BC80CD80DE80EF80F88409851A852B815A
:108B70003C814D815E816F81788589859A850E94CF
:108B800063A1822E932EA42EB52EC62ED72EE82EAC
:108B9000F92E88A299A2AAA2BBA2CCA2DDA2EEA223
:108BA000FFA2AB80BC80CD80DE80EF80F884098599
:108BB0001A8528A139A14AA15BA16CA17DA18EA132
:108BC0009FA10E9463A1822E932EA42EB52EC62EA5
:108BD000D72EE82EF92E88A699A6AAA6BBA6CCA6C3
:108BE000DDA6EEA6FFA688A499A4AAA4BBA4CCA443
:108BF000DDA4EEA4FFA4282D392D4A2D5B2D6C2D6C
:108C00007D2D8E2D9F2D01E00E94B7A2A1962FAF42
:108C1000A197A2963FAFA297A3964FAFA397A49612
:108C20005FAFA497A5966FAFA597A6967FAFA697BF
:108C3000A7968FAFA797A8969FAFA897A1968FAC3E
:108C4000A197A2969FACA297A396AFACA397A49628
:108C5000BFACA497A596CFACA597A696DFACA69778
:108C6000A796EFACA797A896FFACA897282D392D0B
:108C70004A2D5B2D6C2D7D2D8E2D9F2DA8A4B9A482
:108C8000CAA4DBA4ECA4FDA40EA51FA50E94D0A23B
:108C9000822E932EA42EB52EC62ED72EE82EF92E78
:108CA000282D392D4A2D5B2D6C2D7D2D8E2D9F2D40
:108CB00002E00E94B7A2A9962FAFA997AA963FAF4C
:108CC000AA97AB964FAFAB97AC965FAFAC97AD960C
:108CD0006FAFAD97AE967FAFAE97AF968FAFAF97B2
:108CE000E0969FAFE097A9968FACA997AA969FAC04
:108CF000AA97AB96AFACAB97AC96BFACAC97AD9622
:108D0000CFACAD97AE96DFACAE97AF96EFACAF976A
:108D1000E096FFACE097282D392D4A2D5B2D6C2D68
:108D20007D2D8E2D9F2DA8A4B9A4CAA4DBA4ECA4EC
:108D3000FDA40EA51FA50E94D9A2822E932EA42EBB
:108D4000B52EC62ED72EE82EF92E282D392D4A2DD8
:108D50005B2D6C2D7D2D8E2D9F2D03E00E94B7A2E3
:108D6000E1962FAFE197E2963FAFE297E3964FAFE0
:108D7000E397E4965FAFE497E5966FAFE597E696E5
:108D80007FAFE697E7968FAFE797E8969FAFE897B4
:108D9000E1968FACE197E2969FACE297E396AFAC99
:108DA000E397E496BFACE497E596CFACE597E696FB
:108DB000DFACE697E796EFACE797E896FFACE8976D
:108DC000282D392D4A2D5B2D6C2D7D2D8E2D9F2D1F
:108DD000A8A4B9A4CAA4DBA4ECA4FDA40EA51FA555
:108DE0000E94D0A2222E332E442E552E662E772E90
:108DF000882E992EAA24AA940F2EFFE2BF2EF02DC2
:108E0000C12C0F2EFDEFDF2EF02D0F2EFFE0EF2EE9
:108E1000F02DF12C00E010E0222D332D442D552DA6
:108E2000662D772D882D992D0E9419A2A22EB32E82
:108E3000C42ED52EE62EF72E082F192F2A2C3B2CC8
:108E40004C2C5D2C6E2C7F2C802E912E288D398DF4
:108E50004A8D5B8D6C8D7D8D8E8D9F8DA22CB32C5C
:108E6000C42CD52CE62CF72C082D192D0E94D9A244
:108E7000822E932EA42EB52EC62ED72EE82EF92E96
:108E8000282D392D4A2D5B2D6C2D7D2D8E2D9F2D5E
:108E900027533F4F4F4F5F4F6F4F7F4F8F4F9F4F26
:108EA0002B833C834D835E836F83788789879A8782
:108EB0002B813C818E859F85FC01208331830000BE
:108EC000C958DF4FCDBFDEBFDF91CF911F910F910A
:108ED000FF90EF90DF90CF90BF90AF909F908F90DA
:108EE0007F906F905F904F903F902F900895CF9319
:108EF000DF93CDB7DEB7E997CDBFDEBF89879A870D
:108F00006B874C875D872C853D8589859A85A9016E
:108F10006B850E94BC428C859D85DC018D919C9166
:108F20009C0140E050E02E8F3F8F48A359A36E8DE7
:108F30007F8D88A199A10E94E99F6E877F87888B8A
:108F4000998B20E030EF4FE755E46E857F85888967
:108F500099890E94559F6AA37BA38CA39DA38AA194
:108F60009BA1ACA1BDA18A8B9B8BAC8BBD8B20E060
:108F700030E044E050E46A897B898C899D890E94B5
:108F80009FA06EA37FA388A799A72EA13FA148A564
:108F900059A52E8B3F8B488F598F23E333E343ED45
:108FA0005DE36E897F89888D998D0E94EC9E6AA70A
:108FB0007BA78CA79DA78AA59BA5ACA5BDA58983EA
:108FC0009A83AB83BC832BE33FED4FE45FE369817E
:108FD0007A818B819C810E94EC9E6EA77FA788ABD3
:108FE00099AB2EA53FA548A959A92A8F3B8F4C8F35
:108FF0005D8F2DEB3AE347EC5AEB6A8D7B8D8C8DC0
:109000009D8D0E94559F6AAB7BAB8CAB9DAB8AA9B3
:109010009BA9ACA9BDA98D839E83AF83B8876D81C1
:109020007E818F8198850E94BD9F6EAB7FAB88AF9C
:1090300099AF2EA93FA98C859D85DC012D933C938A
:1090400011970000E996CDBFDEBFDF91CF91089563
:10905000CF93DF930F92CDB7DEB78FE390E0FC01A3
:1090600080818983F89489810F90DF91CF91089551
:10907000CF93DF930F92CDB7DEB789838FE390E074
:109080002981FC01208300000F90DF91CF9108958A
:10909000CF93DF930F920F92CDB7DEB789839A8378
:1090A00089819A81811522E0920769F48091D140EB
:1090B00091E0980F9093D1408823B9F462E081E069
:1090C0000E94E35812C089819A81803422E092077D
:1090D00061F48091D24091E0980F9093D240882320
:1090E00021F462E082E00E94E35800000F900F90AC
:1090F000DF91CF910895CF93DF930F920F92CDB769
:10910000DEB789839A8389819A81811522E092074B
:1091100071F48091D14081508093D1408091D140B1
:109120008823C1F462E081E00E940A5913C089815A
:109130009A81803422E0920769F48091D240815074
:109140008093D2408091D240882321F462E082E073
:109150000E940A5900000F900F90DF91CF9108955F
:10916000CF93DF9300D0CDB7DEB78A839B830E9475
:10917000284889838A819B810E9448488A819B81F3
:10918000FC018081282F21608A819B81FC01208342
:1091900089810E94384800000F900F900F90DF9156
:1091A000CF910895CF93DF9300D0CDB7DEB78A83F8
:1091B0009B830E94284889838A819B81FC0180814E
:1091C000282F2E7F8A819B81FC0120838A819B81AD
:1091D0000E947B4889810E94384800000F900F90C0
:1091E0000F90DF91CF910895CF93DF930F920F925D
:1091F000CDB7DEB789839A8389819A81811522E070
:10920000920739F49091D14081E0992381F480E074
:109210000EC089819A81803422E0920739F49091BE
:10922000D24081E0992319F480E001C080E00F90E2
:109230000F90DF91CF910895CF93DF93CDB7DEB735
:10924000000080E890E0FC018281882F90E081702E
:10925000992781309105A9F300000000DF91CF919B
:109260000895CF93DF93CDB7DEB780E890E0FC019F
:109270008081882F90E08270992721E082309105CB
:1092800009F020E0822FDF91CF910895CF93DF93F3
:109290000F920F92CDB7DEB78A838A81882F90E034
:1092A000880F991F880F991F282F2C7380E890E052
:1092B000FC0180818270822B81608983698180E8D2
:1092C00090E00E9402A10E941C4900000F900F90A4
:1092D000DF91CF910895CF93DF930F920F92CDB787
:1092E000DEB78A830E943149982F81E0892788233D
:1092F00011F080E019C08A81882F90E0880F991FB3
:10930000880F991F282F2C7380E890E0FC01818141
:109310008270822B81608983698181E890E00E945C
:1093200002A10E941C4981E00F900F90DF91CF9124
:109330000895CF93DF930F92CDB7DEB780E890E02A
:10934000FC0180818C7F81608983698180E890E065
:109350000E9402A100000F90DF91CF910895CF935A
:10936000DF930F92CDB7DEB780E890E0FC018081FB
:109370008C7383608983698180E890E00E9402A1F8
:109380000E941C4900000F90DF91CF910895CF9368
:10939000DF930F92CDB7DEB70E943149982F81E05D
:1093A0008927882311F080E00DC080E890E0FC015F
:1093B00081818C7F81608983698181E890E00E944E
:1093C00002A181E00F90DF91CF910895CF93DF93B9
:1093D0000F92CDB7DEB70E943149982F81E08927DF
:1093E000882311F080E00FC080E890E0FC018181CB
:1093F0008C7383608983698181E890E00E9402A177
:109400000E941C4981E00F90DF91CF910895CF9386
:10941000DF930F92CDB7DEB783E08983698180E85F
:1094200090E00E9402A10E941C498BE2898369811D
:1094300081E890E00E9402A10E941C49A8950000CA
:10944000FECFCF93DF93CDB7DEB780EC91E0FC0188
:109450008785882F90E08078992780389105A9F337
:1094600000000000DF91CF910895CF93DF93CDB737
:10947000DEB761E08BEC91E00E9402A10000DF9179
:10948000CF910895CF93DF930F920F92CDB7DEB7B0
:109490008A8380EC91E0FC018285898380EC91E0F5
:1094A0002A81FC01228761E08BEC91E00E9402A1FD
:1094B00080EC91E02981FC01228700000F900F9041
:1094C000DF91CF910895CF93DF930F92CDB7DEB7A1
:1094D00089838981882F90E0BC0182E00E94E29E0E
:1094E0000F90DF91CF910895CF93DF930F920F925A
:1094F000CDB7DEB789839A8389819A81BC0181E0E7
:109500000E94E29E0F900F90DF91CF910895CF932C
:10951000DF93CDB7DEB78CEC91E0FC0120818CECC1
:1095200091E02860FC0120830000DF91CF91089535
:10953000CF93DF93CDB7DEB78CEC91E0FC012081B7
:109540008CEC91E0277FFC0120830000DF91CF911C
:109550000895CF93DF9300D000D000D0CDB7DEB711
:109560006E837F83888799878E819F81A885B9853F
:1095700089839A83AB83BC8389819A81AB81BC81C7
:10958000ABBFFC0187918D838D812996CDBFDEBF56
:10959000DF91CF910895CF93DF93CDB7DEB72A97B0
:1095A000CDBFDEBF6F83788789879A878F81988543
:1095B000A985BA8589839A83AB83BC8389819A8183
:1095C000AB81BC81ABBFFC01879196918D839E835B
:1095D0008D819E812A96CDBFDEBFDF91CF91089508
:1095E000CF93DF93CDB7DEB72897CDBFDEBF6983BA
:1095F0007A838B839C830E94214A89819A81AB81E3
:10960000BC818D839E83AF83B88744E26D817E8168
:109610008F8198851E94000000002896CDBFDEBF84
:10962000DF91CF910895CF93DF93CDB7DEB7289721
:10963000CDBFDEBF69837A838B839C830E94214ADE
:1096400089819A81AB81BC818D839E83AF83B887EA
:1096500045E26D817E818F8198851E940000000017
:109660002896CDBFDEBFDF91CF910895CF93DF93D2
:10967000CDB7DEB70E94214A48E160E070E0CB013F
:109680001E9400000000DF91CF910895CF93DF93E7
:10969000CDB7DEB70E94214A4AE160E070E0CB011D
:1096A0001E9400000000DF91CF910895CF93DF93C7
:1096B0000F920F92CDB7DEB789839A8388E00E941C
:1096C000634A282F89819A81FC01208389E00E94C6
:1096D000634A282F89819A81FC0121838AE00E94B4
:1096E000634A282F89819A81FC0122838BE00E94A2
:1096F000634A282F89819A81FC0123838CE00E9490
:10970000634A282F89819A81FC0124838DE00E947D
:10971000634A282F89819A81FC01258380E10E9478
:10972000634A282F89819A81FC01268382E10E9465
:10973000634A282F89819A81FC01278383E10E9453
:10974000634A282F89819A81FC01208784E10E9445
:10975000634A282F89819A81FC01218785E10E9433
:10976000634A282F89819A81FC01228700000F908B
:109770000F90DF91CF910895CF93DF9300D0CDB7B5
:10978000DEB78A839B830E94214A0E94874A8A818E
:109790009B81905FFC01808189830E94984A898126
:1097A0000F900F900F90DF91CF910895CF93DF939B
:1097B00000D000D0CDB7DEB789839A836B837C83DA
:1097C0004D835E830E94214A0E94874A89819A8143
:1097D000905FBC012D813E818B819C81A9010E94FB
:1097E00028A40E94984A00002696CDBFDEBFDF91D4
:1097F000CF910895CF93DF9300D00F92CDB7DEB70E
:109800008A839B836C8380EC91E0FC018285898351
:109810000E94924C0E94214A8A816C810E94AD4C28
:1098200080EC91E0FC0112828A819B81292F3327F1
:1098300080EC91E0FC01218380EC91E02A81FC0125
:10984000208380EC91E025E3FC0122870E94354AC9
:1098500080EC91E02981FC01228700002496CDBF95
:10986000DEBFDF91CF910895CF93DF9300D000D07A
:10987000CDB7DEB789839A836B837C834D835E8308
:1098800044C089819A818F719927009731F58D8124
:109890009E818F31910509F100F18B819C810E949D
:1098A000C84C89819A8196958795929582958F70FB
:1098B00089279F7089270E94EF4C89819A81809621
:1098C00089839A838B819C8180968B839C838D81F5
:1098D0009E8180978D839E8318C08B819C81FC0123
:1098E000408189819A819C012F5F3F4F29833A8370
:1098F000642F0E94FA4B8B819C8101968B839C8301
:109900008D819E8101978D839E838D819E8100979D
:1099100009F0B7CF000000002696CDBFDEBFDF9173
:10992000CF910895CF93DF93CDB7DEB70E94214A40
:1099300080EC91E0FC018785882F90E08270992768
:10994000009739F080EC91E026E3FC0122870E9429
:10995000354A0000DF91CF910895CF93DF930F92A6
:109960000F92CDB7DEB789836A830E94214A0E9495
:10997000874A8981882F90E0905F2A81FC012083AB
:109980000E94984A00000F900F90DF91CF910895A8
:10999000CF93DF9300D0CDB7DEB78A839B830E943D
:1099A000214A198210C08A819B81FC018081682F25
:1099B00089810E94AD4C8A819B8101968A839B8319
:1099C00089818F5F898389818F3169F360F300001A
:1099D00000000F900F900F90DF91CF910895CF93DB
:1099E000DF9300D0CDB7DEB78B830E94214A8B81F5
:1099F000882F90E0880F991F82959295907F9827E5
:109A0000807F982789839A8380EC91E0FC01128201
:109A100089819A81292F332780EC91E0FC012183F1
:109A200080EC91E02981FC01208385E30E94424A79
:109A300000000F900F900F90DF91CF910895CF937A
:109A4000DF9300D0CDB7DEB78B830E94214A8B8194
:109A5000882F90E0880F991F82959295907F982784
:109A6000807F982789839A8380EC91E0FC011282A1
:109A700089819A81292F332780EC91E0FC01218391
:109A800080EC91E02981FC01208384E30E94424A1A
:109A900000000F900F900F90DF91CF910895CF931A
:109AA000DF930F920F92CDB7DEB78A830E94924C5C
:109AB0000E94214A198207C06A8189810E94AD4CA7
:109AC00089818F5F898389818F31B1F3A8F3000089
:109AD00000000F900F90DF91CF910895CF93DF9307
:109AE00000D0CDB7DEB78B830E94214A8B81882FAF
:109AF00090E0880F991F82959295907F9827807F9C
:109B0000982789839A8380EC91E0FC0112828981F5
:109B10009A81292F332780EC91E0FC01218380EC8E
:109B200091E02981FC01208382E30E94424A0000E7
:109B30000F900F900F90DF91CF910895CF93DF9307
:109B40000F92CDB7DEB789838FEF0E944F4D898189
:109B50000E946E4D00000F90DF91CF910895CF933A
:109B6000DF93CDB7DEB70E94214A80E30E94424ACC
:109B70000000DF91CF910895CF93DF93CDB7DEB78B
:109B80008FEF0E944F4D0E94AF4D0000DF91CF91AB
:109B90000895CF93DF9300D000D000D0CDB7DEB7CB
:109BA0006A837B838C839D832E833F834887598779
:109BB00080EC91E0FC018285898380EC91E02AE3CE
:109BC000FC01228780EC91E02A81FC0120838A81BC
:109BD0009B81AC81BD81892F9A2FAB2FBB2720ECB5
:109BE00031E0F90181838A819B81AC81BD81CD0106
:109BF000AA27BB2720EC31E0F901828380EC91E0B9
:109C00002E81FC0124838E819F81A885B985892FAF
:109C10009A2FAB2FBB2720EC31E0F90185838E8191
:109C20009F81A885B985CD01AA27BB2720EC31E00B
:109C3000F901868361E08BEC91E00E9402A180EC47
:109C400091E02981FC01228700002996CDBFDEBF6B
:109C5000DF91CF910895CF93DF93CDB7DEB76097B3
:109C6000CDBFDEBF6D837E838F83988749875A87F8
:109C70002B873C878D819E81AF81B88589839A83AC
:109C8000AB83BC830E94214A28C089819A81AB8121
:109C9000BC818D879E87AF87B88B6D857E858F85CC
:109CA00098890E94A94A282F89859A85DC012C93DE
:109CB00089859A85019689879A8789819A81AB815E
:109CC000BC810196A11DB11D89839A83AB83BC839E
:109CD0008B859C8501978B879C878B859C850097BE
:109CE000A1F6000000006096CDBFDEBFDF91CF91EE
:109CF0000895CF93DF93CDB7DEB72A97CDBFDEBFF0
:109D00006B837C838D839E834F83588729873A8713
:109D10008B819C81917089839A8318C089819A81F3
:109D20000E94744A282F8F819885FC0120838F819F
:109D3000988501968F83988789819A810196898376
:109D40009A8389859A85019789879A8789859A85D3
:109D5000009721F7000000002A96CDBFDEBFDF91FB
:109D6000CF9108950F931F93CF93DF93CDB7DEB7B5
:109D70006497CDBFDEBF688779878A879B874C87CA
:109D80005D872E873F87088B888599858B839C8389
:109D90001D828CC019821A8281C088898823E9F0CB
:109DA0008E010A5F1F4F89819A810E94744AF801CF
:109DB000808389819A8101968E010A5F1F4F0F5F10
:109DC0001F4F0E94744AF80180838E819F818F3FCC
:109DD000980739F081E08D8304C08FEF9FEF8E8369
:109DE0009F838E859F850097F1F02B813C8189812F
:109DF0009A8128173907B9F48E859F8501978E8738
:109E00009F878B819C8101968B839C83CE010696D4
:109E10002C853D85F9012081FC0120838C859D8561
:109E200001968C879D878E859F85009701F189819A
:109E30009A8101962B813C8128173907C1F48E85C0
:109E40009F8501978E879F878B819C8101968B834D
:109E50009C83CE01069601962C853D85F9012081D3
:109E6000FC0120838C859D8501968C879D872E81A2
:109E70003F8189819A81AC0160E070E0498B5A8B07
:109E80006B8B7C8BA90169897A898B899C891E944B
:109E90000F0089819A81029689839A8389819A81A8
:109EA0008F3F51E0950709F008F477CF8E859F85A5
:109EB000009709F06FCF8D81882311F00E94364BF7
:109EC0000E94464B00006496CDBFDEBFDF91CF916C
:109ED0001F910F9108950F93CF93DF93CDB7DEB706
:109EE000A697CDBFDEBF6E877F87888B998B4A8B05
:109EF0005B8B2C8B3D8B0E8B8E859F85A889B989BA
:109F000088879987AA87BB8788859985AA85BB8515
:109F100088279E7F8C839D83AE83BF83D8C01B829E
:109F20000E94214A19821A82A0C08E898823C1F01A
:109F30002C813D814E815F812F8F38A349A35AA385
:109F40006F8D78A189A19AA10E94CB4A8C879D87A9
:109F50008C859D858F3F980739F081E08B8304C005
:109F60008FEF9FEF8C879D878C899D89009751F19A
:109F7000488559856A857B858C819D81AE81BF81AD
:109F8000481759076A077B07E9F48C899D8901976F
:109F90008C8B9D8B88859985AA85BB850196A11D93
:109FA000B11D88879987AA87BB87CE010C962A891D
:109FB0003B89D9012C91FC0120838A899B890196D8
:109FC0008A8B9B8B8C899D89009771F18C819D81F7
:109FD000AE81BF810196A11DB11D488559856A8555
:109FE0007B85481759076A077B07F1F48C899D899F
:109FF00001978C8B9D8B88859985AA85BB85019659
:10A00000A11DB11D88879987AA87BB87CE010C96B1
:10A0100001962A893B89D9012C91FC0120838A89E8
:10A020009B8901968A8B9B8B8C859D852C813D819C
:10A030004E815F812BA33CA34DA35EA3AC016BA11A
:10A040007CA18DA19EA11E940F008C819D81AE816B
:10A05000BF810296A11DB11D8C839D83AE83BF83FA
:10A0600089819A81029689839A8389819A818F3F17
:10A0700031E0930709F008F458CF8B818823A1F0D1
:10A080008C819D81AE81BF819C01AD01325041091F
:10A0900051092F8B388F498F5A8F6F89788D898D11
:10A0A0009A8D0E94134B13C08C819D81AE81BF811C
:10A0B0009C01AD013250410951092B8F3C8F4D8FCE
:10A0C0005E8F6B8D7C8D8D8D9E8D0E94F04A8C896C
:10A0D0009D89009709F023CF00000000A696CDBF10
:10A0E000DEBFDF91CF910F910895CF93DF930F9251
:10A0F000CDB7DEB789830E94214A80EC91E02981A7
:10A10000FC01208387E00E94424A80EC91E0FC0140
:10A1100084810F90DF91CF910895CF93DF9300D08A
:10A1200000D0CDB7DEB78A839B836C834D835E837B
:10A13000198222C08C81882F90E02981222F30E063
:10A14000022E02C0959587950A94E2F781709927AF
:10A15000009779F08D819E81492F55278981882F1D
:10A1600090E040962A813B81820F931F242FFC01AF
:10A17000208389818F5F898389818730D9F2D0F2EA
:10A180008D819E81817099270097D1F08D819E816C
:10A1900082709927009739F08A819B8105962C81DE
:10A1A000FC01208306C08A819B8106962C81FC01DC
:10A1B00020838A819B8101962C81FC01208306C02B
:10A1C0008A819B8102962C81FC01208300002696C7
:10A1D000CDBFDEBFDF91CF910895CF93DF93CDB791
:10A1E000DEB72897CDBFDEBF89839A836B837C83DC
:10A1F0004D835E832F83388789819A81FC01108289
:10A20000118289819A81FC011282138289819A814B
:10A210002D813E81FC012483358389819A812F81A0
:10A220003885FC012683378389819A812B813C8183
:10A23000FC012087318700002896CDBFDEBFDF916B
:10A24000CF910895CF93DF930F920F92CDB7DEB7E2
:10A2500089839A8389819A81FC0110821182898184
:10A260009A81FC011282138200000F900F90DF91FF
:10A27000CF910895CF93DF930F920F92CDB7DEB7B2
:10A2800089839A8389819A81FC0122813381898122
:10A290009A81FC018081918128173907A8F0898172
:10A2A0009A81FC012681378189819A81FC01828112
:10A2B0009381281B390B89819A81FC0180819181CE
:10A2C000820F931F01970FC089819A81FC01208121
:10A2D000318189819A81FC0182819381A901481B86
:10A2E000590BCA0101970F900F90DF91CF910895FC
:10A2F000CF93DF930F920F92CDB7DEB789839A8306
:10A3000089819A81FC012281338189819A81FC01B2
:10A31000808191812817390778F089819A81FC0121
:10A320002281338189819A81FC0180819181A901F7
:10A33000481B590BCA0113C089819A81FC012681EF
:10A34000378189819A81FC0180819181281B390B99
:10A3500089819A81FC0182819381820F931F0F90E2
:10A360000F90DF91CF910895CF93DF930F920F92CB
:10A37000CDB7DEB789839A8389819A81FC012081D8
:10A38000318189819A81FC01828193812817390763
:10A3900011F481E001C080E00F900F90DF91CF9128
:10A3A0000895CF93DF930F920F92CDB7DEB78983D5
:10A3B0009A8389819A81FC012281338189819A81E2
:10A3C000FC018081918128173907D1F0C8F089817B
:10A3D0009A81FC012281338189819A81FC018081EB
:10A3E0009181281B390B89819A81FC018681978193
:10A3F00001972817390710F081E016C080E014C0DB
:10A4000089819A81FC012081318189819A81FC01B5
:10A4100082819381A901481B590BCA0181309105A2
:10A4200011F481E001C080E00F900F90DF91CF9197
:10A430000895CF93DF9300D00F92CDB7DEB7898315
:10A440009A836B837C8389819A81DC011496ED91D8
:10A45000FC9189819A81DC0118962D913C9189812A
:10A460009A81DC0114966D917C9189819A81DC013D
:10A4700012964D915C91649FC001659F900D749FF1
:10A48000900D1124820F931F2B813C81AF01B901E4
:10A490000E9428A489819A810E94D151882309F1C0
:10A4A00089819A81FC01808191819C012F5F3F4FBE
:10A4B00089819A81DC012D933C9389819A81FC01E9
:10A4C0002081318189819A81DC0116968D919C9140
:10A4D00017972817390728F089819A81FC01108283
:10A4E000118289819A81DC0112968D919C919C0147
:10A4F0002F5F3F4F89819A81FC01228333838981B9
:10A500009A81DC0112962D913C91139789819A8151
:10A51000FC01868197812817390738F089819A8153
:10A52000DC0112961D921C92139789819A810E94D8
:10A53000D151882311F080E001C081E02496CDBF85
:10A54000DEBFDF91CF910895CF93DF9300D00F92BC
:10A55000CDB7DEB789839A836B837C8389819A81A7
:10A560000E94B451982F81E08927882309F449C0BB
:10A5700089819A81DC011496ED91FC9189819A81FF
:10A58000DC0118962D913C9189819A81DC01149609
:10A590006D917C9189819A81DC014D915C91649FE0
:10A5A000C001659F900D749F900D1124280F391FD5
:10A5B0008B819C81AF01B9010E9428A489819A8175
:10A5C000FC01808191819C012F5F3F4F89819A819D
:10A5D000DC012D933C9389819A81FC01208131819A
:10A5E00089819A81DC0116968D919C911797281785
:10A5F000390728F089819A81FC011082118281E05B
:10A6000001C080E02496CDBFDEBFDF91CF910895D9
:10A61000CF93DF9300D00F92CDB7DEB789839A83B3
:10A620006B837C8389819A81FC018481958181304F
:10A63000910511F080E04FC089819A810E94785184
:10A640009C018B819C818217930710F080E043C0AE
:10A6500089819A81FC01208131818B819C81280F25
:10A66000391F89819A81FC018681978128173907D2
:10A6700000F189819A81FC01208131818B819C814B
:10A68000280F391F89819A81FC0186819781A90150
:10A69000481B590BCA018B839C8389819A81FC01D9
:10A6A000208531858B819C81820F931FFC018081E5
:10A6B00012C089819A81FC012085318589819A8126
:10A6C000FC01408151818B819C81840F951F820FF9
:10A6D000931FFC0180812496CDBFDEBFDF91CF9117
:10A6E0000895EF92FF920F931F93CF93DF9300D0C3
:10A6F00000D0CDB7DEB78D839E838D819E810E9471
:10A70000B451982F81E08927882309F41CC112C114
:10A710008D819E81DC012D913C9111978D819E81CF
:10A72000FC01828193812817390740F48D819E8135
:10A73000DC0112968D919C91139704C08D819E81AE
:10A740000E9478518B839C838D819E81FC01808146
:10A75000918189839A8338C08D819E81DC0118960E
:10A760002D913C918D819E81FC016481758149818F
:10A770005A81649FC001659F900D749F900D1124B4
:10A78000280F391F8D819E81DC0118964D915C91B7
:10A7900089819A81FC0131978D819E81DC0114961B
:10A7A0006D917C91E69FC001E79F900DF69F900D03
:10A7B0001124840F951FF9012081DC012C938981DC
:10A7C0009A81019689839A8329813A818B819C8120
:10A7D0002817390708F28D819E81FC012081318183
:10A7E0008D819E81DC0112968D919C911397281783
:10A7F000390709F008F46CC08D819E81FC01008549
:10A8000011858D819E81DC011896ED90FC908D81E3
:10A810009E810E947851AC01415051098D819E81E9
:10A82000FC0124813581429FC001439F900D529FBE
:10A83000900D11248E0D9F1DD8012C91FC012083B9
:10A8400081E090E089839A8338C08D819E81DC010C
:10A8500018962D913C918D819E81FC0164817581BA
:10A8600049815A81649FC001659F900D749F900D2E
:10A870001124280F391F8D819E81DC0118964D917E
:10A880005C9189819A81FC0131978D819E81DC01E7
:10A8900014966D917C91E69FC001E79F900DF69F05
:10A8A000900D1124840F951FF9012081DC012C9358
:10A8B00089819A81019689839A838D819E81FC0189
:10A8C0008281938129813A812817390708F4BDCF05
:10A8D0008D819E81DC0112968D919C91139700973A
:10A8E00081F08D819E81FC01828193819C012150A8
:10A8F00031098D819E81DC0112962D933C93139733
:10A900000CC08D819E810E9478519C01215031099B
:10A910008D819E81FC01228333838D819E81DC01A8
:10A920008D919C919C01215031098D819E81FC016A
:10A93000208331838D819E81DC018D919C911197C3
:10A94000009709F0E5CE00002696CDBFDEBFDF916F
:10A95000CF911F910F91FF90EF9008950F931F9348
:10A96000CF93DF93CDB7DEB72A97CDBFDEBF8F83FE
:10A97000988769877A878F819885FC018481958182
:10A980008130910519F080E090E068C019821A8248
:10A9900058C01B821C8281E090E08D839E832EC074
:10A9A00029813A818B819C818901080F191F8F8130
:10A9B00098850E94785108171907C0F429853A85AF
:10A9C0008B819C81820F931FFC01108129813A8128
:10A9D0008B819C81280F391F8F819885B9010E9436
:10A9E0000853181731F01D821E8212C01D821E826C
:10A9F0000FC08B819C8101968B839C8329853A852E
:10AA00008B819C81820F931FFC018081882341F6FA
:10AA10008B819C81009749F08D819E8181309105C9
:10AA200021F489819A81019619C08B819C810097BC
:10AA300019F480E090E012C089819A81019689839F
:10AA40009A838F8198850E9478519C0189819A818F
:10AA50008217930708F49DCF80E090E02A96CDBF3F
:10AA6000DEBFDF91CF911F910F910895CF93DF93B8
:10AA7000CDB7DEB72A97CDBFDEBF8D839E836F83B0
:10AA8000788749875A878D819E81FC0184819581D1
:10AA90008130910511F081E07EC08D819E810E9400
:10AAA00078518B839C838F819885FC018081918173
:10AAB00089839A8305C089819A81019689839A83C3
:10AAC00029813A818D819E81B9010E94085380328B
:10AAD000A1F098F029813A818D819E81B9010E946F
:10AAE00008538E3709F048F429813A818D819E817F
:10AAF000B9010E9408538D3241F48B819C810197EA
:10AB000029813A8128173907B0F229813A818B814E
:10AB10009C812817390769F08F81988529813A81AE
:10AB2000FC012083318305C089819A810196898344
:10AB30009A8329813A818D819E81B9010E940853AF
:10AB4000803299F090F029813A818D819E81B901FE
:10AB50000E9408538E3709F040F48B819C81019745
:10AB600029813A8128173907F8F229813A818B81A6
:10AB70009C812817390771F08F819885FC018081AD
:10AB8000918129813A81281B390B89859A85FC019D
:10AB90002083318380E02A96CDBFDEBFDF91CF9145
:10ABA0000895CF93DF93CDB7DEB72897CDBFDEBF33
:10ABB0008D839E836F8378878D819E81FC01848144
:10ABC00095818130910521F48F819885009711F44A
:10ABD00081E06CC08D819E81FC01268137818D8151
:10ABE0009E81FC0180819181A901481B590BCA01FA
:10ABF00001978B839C838D819E81FC01228133810F
:10AC00008D819E81FC01808191812817390768F42C
:10AC10008D819E81FC01228133818B819C81820FF9
:10AC2000931F019689839A8310C08D819E81FC01B8
:10AC3000228133818D819E81FC0180819181A901D6
:10AC4000481B590BCA0189839A8329813A818F81D4
:10AC500098852817390710F481E028C02F8138859E
:10AC60008B819C812817390791F088F02F813885D6
:10AC70008B819C81F901E81BF90BCF019C012150CC
:10AC800031098D819E81FC01208331830EC08D812D
:10AC90009E81FC01208131818F819885280F391F89
:10ACA0008D819E81FC012083318380E02896CDBF79
:10ACB000DEBFDF91CF910895CF93DF93CDB7DEB79D
:10ACC0002C97CDBFDEBF8B879C878B859C8500979B
:10ACD00031F08B859C850E94B451882311F081E06E
:10ACE000EAC019861A868B859C85FC018281938136
:10ACF00089839A838B859C85FC01828193818B83D8
:10AD00009C83ABC08B859C85FC0120853185898126
:10AD10009A81820F931FFC018081883021F18B8101
:10AD20009C81009749F48B859C85FC0186819781E5
:10AD300001978B839C8305C08B819C8101978B83BA
:10AD40009C8389819A81009749F48B859C85FC01BD
:10AD500086819781019789839A8305C089819A8129
:10AD6000019789839A831D821E821CC08D819E81DA
:10AD700001968D839E8389859A85019689879A8716
:10AD800089819A81009749F48B859C85FC01868195
:10AD90009781019789839A8305C089819A81019758
:10ADA00089839A838B859C85FC01208531858981E7
:10ADB0009A81820F931FFC018081883051F48B852A
:10ADC0009C85FC018081918129813A81281739076E
:10ADD00069F61F82188617C089819A81009749F405
:10ADE0008B859C85FC0186819781019789839A8355
:10ADF00005C089819A81019789839A838F8198857B
:10AE000001968F8398872F8138858D819E812817A1
:10AE1000390710F38B859C85FC012085318589815C
:10AE20009A81820F931FFC0180818830B1F08B855D
:10AE30009C85FC012085318589819A81280F391FE5
:10AE40008B859C85FC01408551858B819C81840F7D
:10AE5000951FF9012081FC0120838B859C85FC01D5
:10AE60008081918129813A812817390709F04ACFD9
:10AE70008B859C850E9478519695879529853A8582
:10AE80002817390740F48B859C852B813C81FC0178
:10AE9000208331830FC08B859C85FC011282138235
:10AEA0008B859C85FC01228133818B859C85FC01EF
:10AEB0002083318380E02C96CDBFDEBFDF91CF9120
:10AEC00008950F931F93CF93DF93CDB7DEB72B97E2
:10AED000CDBFDEBF8B839C836D834E835F832887CA
:10AEE00039870A871B878B819C81009779F08A8537
:10AEF0009B85009759F08B819C81FC01868197810D
:10AF0000288539852817390719F010F081E02CC001
:10AF100019821A8221C02E813F8189819A81280F4E
:10AF2000391F8B819C81B9010E940853982F8D8114
:10AF3000891769F42E813F8189819A81280F391FF1
:10AF40008A859B85FC012083318380E00DC0898147
:10AF50009A81019689839A8329813A818885998586
:10AF600028173907C0F281E02B96CDBFDEBFDF91F5
:10AF7000CF911F910F910895CF93DF9300D000D010
:10AF800000D0CDB7DEB78C839D836E837F834887E7
:10AF900059878C819D81009721F08E819F81009738
:10AFA00011F480E02EC019821A8223C09E012D5F09
:10AFB0003F4F8C819D81B9010E94A452982F81E05E
:10AFC0008927882311F081E01CC09E012D5F3F4F2F
:10AFD0008E819F81B9010E941952982F81E08927A3
:10AFE000882311F081E00DC089819A8101968983BF
:10AFF0009A8329813A818885998528173907B0F283
:10B0000080E02996CDBFDEBFDF91CF910895CF9329
:10B01000DF930F92CDB7DEB78FE390E0FC01808124
:10B020008983F89489810F90DF91CF910895CF9310
:10B03000DF930F92CDB7DEB789838FE390E029814C
:10B04000FC01208300000F90DF91CF910895CF93F2
:10B05000DF930F920F92CDB7DEB78A830E94075815
:10B06000898380E590E0FC01308180E590E02A81D1
:10B07000232BFC01208389810E94175800000F9028
:10B080000F90DF91CF910895CF93DF930F92CDB7BB
:10B09000DEB7898300000F90DF91CF910895CF93A1
:10B0A000DF930F920F92CDB7DEB78A830E940758C5
:10B0B000898380E590E0FC018081982F8A818095CA
:10B0C000292F282380E590E0FC01208389810E94BC
:10B0D000175800000F900F90DF91CF910895CF93F4
:10B0E000DF930F92CDB7DEB789838981883021F055
:10B0F00089810E94275803C089810E94445800001A
:10B100000F90DF91CF910895CF93DF930F92CDB73A
:10B11000DEB7898380E590E0FC01918189819823E5
:10B1200081E0992309F480E00F90DF91CF91089599
:10B13000CF93DF930F92CDB7DEB78983000089816B
:10B140000E948458982F81E089278823C1F7000046
:10B1500000000F90DF91CF910895CF93DF9300D03F
:10B160000F92CDB7DEB780E790E089839A831C8287
:10B170001B820DC089819A819C012F5F3F4F2983DB
:10B180003A832FEFFC0120838B818F5F8B838B8130
:10B19000863081F378F382E00E946F5882E00E944B
:10B1A0009858000061E080E490E00E9402A18C8148
:10B1B000882319F481E00E944F582496CDBFDEBF4A
:10B1C000DF91CF910895CF93DF9300D0CDB7DEB755
:10B1D0008A836B830E94075889838A81882F90E035
:10B1E00080599F4FFC018081982F8B818095292F5A
:10B1F00028238A81882F90E080599F4FFC0120836B
:10B2000089810E94175800000F900F900F90DF91D6
:10B21000CF910895CF93DF9300D0CDB7DEB78A8367
:10B220006B830E94075889838A81882F90E0805918
:10B230009F4FFC0130818A81882F90E080599F4F79
:10B240002B81232BFC01208389810E941758000049
:10B250000F900F900F90DF91CF9108950F931F9350
:10B26000CF93DF93CDB7DEB7A597CDBFDEBF8D8F70
:10B270009E8F6F8F78A349A35AA32BA30CA31DA362
:10B280008D8D9E8D009741F08F8D98A1009721F0B4
:10B2900089A19AA1009711F481E00CC61F8A188E2B
:10B2A0008D8D9E8D0E9478518F87988B8BA1882FD2
:10B2B00090E00296898B9A8B8F8598899C0121500A
:10B2C00031098D8D9E8DB9010E9408538D3011F08A
:10B2D0008989F0C58D8D9E8D0E945C568D8D9E8DC9
:10B2E0000E9478518F87988BAE01475E5F4F9E0119
:10B2F000295E3F4F8D8D9E8DB9010E943655882362
:10B3000011F08989D7C519821A8271C01B821C82EB
:10B310002BC02F89388D8B819C81280F391F8D8DF3
:10B320009E8DB9010E940853482F29813A81C90195
:10B33000880F991F820F931F880F991F9C0189A165
:10B340009AA1820F931FDC012D913C9111978B8163
:10B350009C81820F931FFC018081481741F58B81EE
:10B360009C8101968B839C83898D9A8D2B813C8156
:10B3700028173907E9F029813A81C901880F991FF7
:10B38000820F931F880F991F9C0189A19AA1820F98
:10B39000931FDC012D913C9111978B819C81820F31
:10B3A000931FFC018081882309F0B3CF01C0000006
:10B3B00029813A81C901880F991F820F931F880F35
:10B3C000991F9C0189A19AA1820F931FDC012D91E5
:10B3D0003C9111978B819C81820F931FFC0180818E
:10B3E000882379F089819A81019689839A838BA138
:10B3F000882F90E029813A812817390708F486CFF1
:10B4000001C000001B821C8219C02F89388D8B81DE
:10B410009C81280F391F8D8D9E8DB9010E94085384
:10B42000282F8B819C818456974DDC018C912817A5
:10B4300061F48B819C8101968B839C838B819C81A1
:10B440008130910511F308F301C000008B819C81CC
:10B4500082309105D9F48D8D9E8D0E9478519C018A
:10B460008D8D9E8DB9010E94D1558CEC9AE20E947F
:10B4700049A48DEE9AE2892F8F938DEE9AE28F93F5
:10B480000E9431A40F900F9080E014C51B821C8293
:10B4900019C02F89388D8B819C81280F391F8D8D84
:10B4A0009E8DB9010E940853282F8B819C81815663
:10B4B000974DFC018081281761F48B819C81019656
:10B4C0008B839C838B819C818330910511F308F3DE
:10B4D00001C000008B819C8184309105D9F48D8D51
:10B4E0009E8D0E9478519C018D8D9E8DB9010E9488
:10B4F000D15580EF9AE20E9449A48DEE9AE2892FFD
:10B500008F938DEE9AE28F930E9431A40F900F904B
:10B5100080E0D0C42F89388D898D9A8D820F931F3A
:10B520008B8F9C8F19861A861D861E862DC4AE01B0
:10B53000475E5F4F9E01255E3F4F8D8D9E8DB90109
:10B540000E943655898D9A8D009709F41CC48B8D05
:10B550009C8D9C01215031098D8D9E8DB9010E94D9
:10B5600008538D3289F48B8D9C8D9C0122503109BA
:10B570008D8D9E8DB9010E9408538D3229F481E092
:10B5800090E08D839E8302C01D821E821F821886DA
:10B59000BCC38D819E818130910509F09CC01B82C6
:10B5A0001C8238C02B8D3C8D8B819C81280F391FCC
:10B5B0008D8D9E8DB9010E940853782F29813A8183
:10B5C000C901880F991F820F931F880F991F9C0133
:10B5D00089A19AA1820F931FDC0112962D913C91B3
:10B5E0004F81588561E1649FC001659F900D1124D2
:10B5F000820F931FFC01228133818B819C81820FFA
:10B60000931FDC018C917817B1F58B819C81019699
:10B610008B839C83898D9A8D2B813C8128173907D8
:10B6200059F129813A81C901880F991F820F931F0F
:10B63000880F991F9C0189A19AA1820F931FFC0179
:10B64000228133814F81588561E1649FC001659FEC
:10B65000900D1124820F931FDC0112962D913C91C5
:10B6600013978B819C81820F931FFC01808188231B
:10B6700009F098CF01C0000029813A81C901880FE3
:10B68000991F820F931F880F991F9C0189A19AA16E
:10B69000820F931FDC0112962D913C914F815885AA
:10B6A00061E1649FC001659F900D1124820F931F7B
:10B6B000FC01228133818B819C81820F931FDC01ED
:10B6C0008C91882319F41B861C8639C081E090E098
:10B6D0008B879C8734C08D819E81009781F52B8D4F
:10B6E0003C8D8D8D9E8DB9010E940853782F298144
:10B6F0003A81C901880F991F820F931F880F991FE4
:10B700009C0189A19AA1820F931FFC0122813381A0
:10B710004F81588561E1649FC001659F900D1124A0
:10B72000820F931FDC0114968C911497781719F4EB
:10B730001B861C8604C081E090E08B879C878B85EC
:10B740009C85009709F0DCC28D859E8501968D87CA
:10B750009E878B8D9C8D8B8B9C8B898D9A8D8D8BF1
:10B760009E8B2B8D3C8D898D9A8D820F931F8B8F95
:10B770009C8FAE01475E5F4F9E01255E3F4F8D8DD2
:10B780009E8DB9010E9436551B821C8217C02B8DDD
:10B790003C8D8B819C81280F391F8D8D9E8DB90129
:10B7A0000E940853282F8B819C818D529F4BFC0156
:10B7B00020838B819C8101968B839C83898D9A8DBC
:10B7C0002B813C812817390720F4898D9A8D0097A9
:10B7D000F1F68B819C818D529F4BDC011C92898DEF
:10B7E0009A8D009769F08B8D9C8D9C0121503109B9
:10B7F0008D8D9E8DB9010E9408538D3209F04BC08A
:10B8000029813A81C901880F991F820F931F880FE0
:10B81000991F9C0189A19AA1820F931FFC0122818B
:10B8200033814F81588561E1649FC001659F900D10
:10B830001124A901480F591F29813A81C901880F94
:10B84000991F820F931F880F991F9C0189A19AA1AC
:10B85000820F931FDC0112962D913C916F817885A8
:10B86000E1E1E69FC001E79F900D1124280F391FE9
:10B87000FA0187819085A185B285F9018587968730
:10B88000A787B08B8B899C898B8F9C8F8D899E8994
:10B89000898F9A8F0AC229813A81C901880F991F1D
:10B8A000820F931F880F991F9C0189A19AA1820F73
:10B8B000931FDC0112962D913C9113974F8158856F
:10B8C00061E1649FC001659F900D1124820F931F59
:10B8D000FC018681882309F06FC029813A81C90162
:10B8E000880F991F820F931F880F991F9C0189A1B0
:10B8F0009AA1820F931FDC0112962D913C914F81EA
:10B90000588561E1649FC001659F900D1124820FED
:10B91000931F0D96292F2F938F9388E19BE2892FF8
:10B920008F9388E19BE28F9383ED90E4892F8F932F
:10B9300083ED90E48F930E9475A40F900F900F9069
:10B940000F900F900F90009709F0AFC129813A81B5
:10B95000C901880F991F820F931F880F991F9C019F
:10B9600089A19AA1820F931FFC01228133814F810B
:10B97000588561E1649FC001659F900D1124820F7D
:10B98000931F0D96292F2F938F938CE19BE2892F84
:10B990008F938CE19BE28F9383ED90E4892F8F93BB
:10B9A00083ED90E48F930E9475A40F900F900F90F9
:10B9B0000F900F900F9079C129813A81C901880FAA
:10B9C000991F820F931F880F991F9C0189A19AA12B
:10B9D000820F931FDC0112962D913C9113974F819A
:10B9E000588561E1649FC001659F900D1124820F0D
:10B9F000931FFC0186818130B9F529813A81C90103
:10BA0000880F991F820F931F880F991F9C0189A18E
:10BA10009AA1820F931FDC0112962D913C914F81C8
:10BA2000588561E1649FC001659F900D1124820FCC
:10BA3000931F0D96292F2F938F938CE19BE2892FD3
:10BA40008F938CE19BE28F9383ED90E4892F8F930A
:10BA500083ED90E48F930E9475A40F900F900F9048
:10BA60000F900F900F9021C129813A81C901880F51
:10BA7000991F820F931F880F991F9C0189A19AA17A
:10BA8000820F931FFC01228133814F81588561E130
:10BA9000649FC001659F900D1124820F931FDC01EC
:10BAA00016968C911697823009F070C017C02B8DB6
:10BAB0003C8D8B819C81280F391F8D8D9E8DB90106
:10BAC0000E940853282F8B819C818D529F4BFC0133
:10BAD00020838B819C8101968B839C838B819C81AD
:10BAE00001978D529F4BDC018C918F31D1F0C8F0C2
:10BAF0008B819C8101978D529F4BFC0180818E37F9
:10BB000009F078F48B819C8101978D529F4BDC0169
:10BB10008C91873231F08B819C818831910539F28B
:10BB200030F28B819C8101978D529F4BFC011082DA
:10BB30008B819C81FC01319764ED70E429813A810D
:10BB4000C901880F991F820F931F880F991F9C01AD
:10BB500089A19AA1820F931FDC0112962D913C912D
:10BB60004F815885A1E1A49FC001A59F900D11248C
:10BB7000820F931FDC011B968D919C91AF010E9457
:10BB800028A48B819C81898F9A8F8FC029813A81CB
:10BB9000C901880F991F820F931F880F991F9C015D
:10BBA00089A19AA1820F931FFC01228133814F81C9
:10BBB000588561E1649FC001659F900D1124820F3B
:10BBC000931FDC0116968C911697833009F06DC097
:10BBD00029813A81C901880F991F820F931F880F0D
:10BBE000991F9C0189A19AA1820F931FFC012281B8
:10BBF00033814F81588561E1649FC001659F900D3D
:10BC00001124820F931F0D96292F2F938F938FE16D
:10BC10009BE2892F8F938FE19BE28F9383ED90E4DA
:10BC2000892F8F9383ED90E48F930E9475A40F90DA
:10BC30000F900F900F900F900F900097B1F5298102
:10BC40003A81C901880F991F820F931F880F991F8E
:10BC50009C0189A19AA1820F931FDC0112962D915C
:10BC60003C914F81588561E1649FC001659F900DB3
:10BC70001124820F931F0D96292F2F938F938CE100
:10BC80009BE2892F8F938CE19BE28F9383ED90E46D
:10BC9000892F8F9383ED90E48F930E9475A40F906A
:10BCA0000F900F900F900F900F9029813A81C9014A
:10BCB000880F991F820F931F880F991F9C0189A1DC
:10BCC0009AA1820F931FFC01228133814F815885F5
:10BCD00061E1649FC001659F900D1124820F931F45
:10BCE000DC018D919C91FC011995282F8CA19DA1BF
:10BCF000DC018C91280F8CA19DA1FC0120831FC029
:10BD00008F81988501968F83988729813A81C9010F
:10BD1000880F991F820F931F880F991F9C0189A17B
:10BD20009AA1820F931FDC0114968C911497882F8F
:10BD300090E02F8138852817390708F42ACC29810B
:10BD40003A81C901880F991F820F931F880F991F8D
:10BD50009C0189A19AA1820F931FFC018481882FE5
:10BD600090E02F8138852817390721F481E090E091
:10BD700089879A872B8D3C8D898D9A8D820F931F91
:10BD80008B8F9C8F01C000008BA1882F90E02981B0
:10BD90003A8128173907C1F08B8D9C8D2F85388902
:10BDA000281B390B4B8D5C8DBE01655E7F4F8D8DE1
:10BDB0009E8D8B016DE20E946157882329F489854D
:10BDC0009A85009709F4B3CB8BA1882F90E0298145
:10BDD0003A812817390741F48F859889009721F017
:10BDE00085E29BE20E9449A489859A85009721F00B
:10BDF00085E29BE20E9449A48D8D9E8D0E94785120
:10BE00009C018D8D9E8DB9010E94D1558F85988999
:10BE1000009769F48DEE9AE2892F8F938DEE9AE266
:10BE20008F930E9431A40F900F9080E043C08985CA
:10BE30009A850097E9F48BA1882F90E029813A81B7
:10BE400028173907A9F08F859889009789F08D8583
:10BE50009E85009769F08DEE9AE2892F8F938DEE83
:10BE60009AE28F930E9431A40F900F9080E022C03D
:10BE70008D859E850097E1F429813A81C901880F5B
:10BE8000991F820F931F880F991F9C0189A19AA166
:10BE9000820F931FDC018D919C9124E030E04DE0F6
:10BEA00068E47BE20E942460882311F480E002C0F1
:10BEB00089818F5FA596CDBFDEBFDF91CF911F91A6
:10BEC0000F910895CF93DF93CDB7DEB72F97CDBFF6
:10BED000DEBF8E879F878E859F85009711F481E056
:10BEE00083C085E0E8E4FBE2DE01159601900D9247
:10BEF0008A95E1F71A861B868E859F850E94785168
:10BF00008B839C838B819C819C01215031098E8580
:10BF10009F85B9010E9408538D3011F081E064C003
:10BF20008E859F850E945C568E859F850E947851E4
:10BF30008B839C83AE01445F5F4F9E01265F3F4F22
:10BF40008E859F85B9010E943655882311F081E0C6
:10BF50004BC019821A821CC02A853B8589819A812F
:10BF6000280F391F8E859F85B9010E940853482FDD
:10BF70009E012B5F3F4F89819A81820F931FFC01A5
:10BF800080814817C1F489819A81019689839A83B7
:10BF90008C859D8529813A812817390769F09E0192
:10BFA0002B5F3F4F89819A81820F931FFC01808113
:10BFB000882391F601C000008E859F850E947851EC
:10BFC0009C018E859F85B9010E94D1559E012B5FF2
:10BFD0003F4F89819A81820F931FFC0180818823C2
:10BFE00011F480E001C081E02F96CDBFDEBFDF916C
:10BFF000CF910895CF93DF930F920F92CDB7DEB715
:10C0000089839A8389819A81009731F089819A8105
:10C010000E94B451882311F081E011C089819A8176
:10C020000E9478519C012150310989819A81B9017E
:10C030000E9408538D3011F081E001C080E00F9024
:10C040000F90DF91CF910895CF93DF9300D000D070
:10C0500000D0CDB7DEB78B839C836D837E834F8307
:10C060002887398719821A8217C02B813C818981E0
:10C070009A81820F931FFC0140812D813E8189812D
:10C080009A81820F931FFC018081481719F58981DD
:10C090009A81019689839A8329813A818885998535
:10C0A00028173907C0F42B813C8189819A81820F3E
:10C0B000931FFC0180819F81981769F02D813E813B
:10C0C00089819A81820F931FFC0180819F8198173B
:10C0D00061F601C000002B813C8189819A81820F29
:10C0E000931FFC0180819F81981721F12D813E8152
:10C0F00089819A81820F931FFC0180819F8198170B
:10C10000C9F029813A818885998528173907A1F4D2
:10C110002B813C8189819A81820F931FFC01408190
:10C120002D813E8189819A81820F931FFC0180813C
:10C13000481711F480E001C081E02996CDBFDEBF31
:10C14000DF91CF910895CF93DF93CDB7DEB764979A
:10C15000CDBFDEBF898B6A8B7B8B4C8B8C89882310
:10C16000E9F48989882F90E0880F991F83549B4EAA
:10C1700089839A8389819A81FC0125913491CF0129
:10C180002B833C8389839A838B819C819C018A8940
:10C190009B8943E650E0B9010E9419A48C89813043
:10C1A000E9F48989882F90E0880F991F8D53994F62
:10C1B0008D839E838D819E81FC0125913491CF01D9
:10C1C0002F8338878D839E838F8198859C018A89F0
:10C1D0009B8943E650E0B9010E9419A48C89833001
:10C1E000E9F48989882F90E0880F991F8D53994F22
:10C1F00089879A8789859A85FC0125913491CF0199
:10C200002B873C8789879A878B859C859C018A89A7
:10C210009B8943E650E0B9010E9419A48C898230C1
:10C22000E9F48989882F90E0880F991F8D5B9A4DDA
:10C230008D879E878D859E85FC0125913491CF0148
:10C240002F87388B8D879E878F8598899C018A8957
:10C250009B8943E650E0B9010E9419A4000064964E
:10C26000CDBFDEBFDF91CF910895CF93DF93CDB7E0
:10C27000DEB7C55AD109CDBFDEBFFE01EF55FF4F76
:10C280008083CE018E559F4FFC016083CE018D557A
:10C290009F4FFC0140835183CE018B559F4FFC0182
:10C2A0002083CE018B559F4FFC018081882309F0AC
:10C2B00094C1CE018F559F4FFC018081882331F5B9
:10C2C000CE018E559F4FFC018081882F90E0880F12
:10C2D000991F8F57954E89A39AA389A19AA1FC0112
:10C2E00025913491CF012BA33CA389A39AA38BA1C1
:10C2F0009CA19C01CE018D559F4FFC0180819181B5
:10C3000043E650E0B9010E9419A467C1CE018F55E0
:10C310009F4FFC018081813031F5CE018E559F4FBA
:10C32000FC018081882F90E0880F991F8357914EE0
:10C330008D8F9E8F8D8D9E8DFC0125913491CF0127
:10C340002F8F38A38D8F9E8F8F8D98A19C01CE014A
:10C350008D559F4FFC018081918143E650E0B901EA
:10C360000E9419A43AC1CE018F559F4FFC018081D4
:10C37000823031F5CE018E559F4FFC018081882F90
:10C3800090E0880F991F875F904E898F9A8F898DD3
:10C390009A8DFC0125913491CF012B8F3C8F898F91
:10C3A0009A8F8B8D9C8D9C01CE018D559F4FFC01EA
:10C3B0008081918143E650E0B9010E9419A40DC12A
:10C3C000CE018F559F4FFC018081833031F5CE0126
:10C3D0008E559F4FFC018081882F90E0880F991F18
:10C3E0008C50904E8D8B9E8B8D899E89FC01259162
:10C3F0003491CF012F8B388F8D8B9E8B8F89988DA9
:10C400009C01CE018D559F4FFC018081918143E6B7
:10C4100050E0B9010E9419A4E0C0CE018F559F4F92
:10C42000FC018081843031F5CE018E559F4FFC0197
:10C430008081882F90E0880F991F8A5E9D4D898B9F
:10C440009A8B89899A89FC0125913491CF012B8B94
:10C450003C8B898B9A8B8B899C899C01CE018D5555
:10C460009F4FFC018081918143E650E0B9010E9419
:10C4700019A4B3C0CE018F559F4FFC018081853038
:10C4800031F5CE018E559F4FFC018081882F90E0C1
:10C49000880F991F83599D4D8D879E878D859E8519
:10C4A000FC0125913491CF012F87388B8D879E8792
:10C4B0008F8598899C01CE018D559F4FFC0180810D
:10C4C000918143E650E0B9010E9419A486C0CE01D3
:10C4D0008F559F4FFC018081863031F5CE018E55FE
:10C4E0009F4FFC018081882F90E0880F991F87570C
:10C4F0009D4D89879A8789859A85FC01259134917C
:10C50000CF012B873C8789879A878B859C859C01E7
:10C51000CE018D559F4FFC018081918143E650E013
:10C52000B9010E9419A459C0CE018F559F4FFC013B
:10C530008081873031F5CE018E559F4FFC0180817F
:10C54000882F90E0880F991F8E559D4D8D839E8377
:10C550008D819E81FC0125913491CF012F833887F5
:10C560008D839E838F8198859C01CE018D559F4F31
:10C57000FC018081918143E650E0B9010E9419A439
:10C580002CC0CE018F559F4FFC018081883029F54A
:10C59000CE018E559F4FFC018081882F90E0880F3F
:10C5A000991F83539D4D89839A8389819A81FC01C8
:10C5B00025913491CF012B833C8389839A838B818E
:10C5C0009C819C01CE018D559F4FFC018081918102
:10C5D00043E650E0B9010E9419A4CE018B559F4F4C
:10C5E000FC018081813009F0C7C1CE018F559F4F7A
:10C5F000FC018081882309F03BC0CE018E559F4FFE
:10C60000FC018081882F90E0880F991F9C0128569B
:10C61000364FCE018B5B9F4FFC0120833183CE01CF
:10C620008B5B9F4FFC0180819181FC01459154916E
:10C63000CF019E01295B3F4FF901408351839E0149
:10C640002B5B3F4FF90180839183CE01895B9F4F24
:10C65000FC01808191819C01CE018D559F4FFC0191
:10C660008081918143E650E0B9010E9419A484C100
:10C67000CE018F559F4FFC018081813009F03BC076
:10C68000CE018E559F4FFC018081882F90E0880F4E
:10C69000991F9C012E5D324FCE018F5B9F4FFC0195
:10C6A00020833183CE018F5B9F4FFC01808191817C
:10C6B000FC0145915491CF019E012D5B3F4FF90143
:10C6C000408351839E012F5B3F4FF901808391830B
:10C6D000CE018D5B9F4FFC01808191819C01CE0139
:10C6E0008D559F4FFC018081918143E650E0B90157
:10C6F0000E9419A441C1CE018F559F4FFC0180813A
:10C70000823069F5CE018E559F4FFC018081882FC4
:10C7100090E0880F991F8453924F8DAF9EAF8DADDF
:10C720009EADFC0145915491CF019E01215C3F4F8C
:10C73000F901408351838DAF9EAFCE01CF96FC01AE
:10C74000808191819C01CE018D559F4FFC0180819C
:10C75000918143E650E0B9010E9419A40DC1CE01B8
:10C760008F559F4FFC018081843031F5CE018E556D
:10C770009F4FFC018081882F90E0880F991F825481
:10C780009E4E89AF9AAF89AD9AADFC012591349147
:10C79000CF012BAF3CAF89AF9AAF8BAD9CAD9C0165
:10C7A000CE018D559F4FFC018081918143E650E081
:10C7B000B9010E9419A4E0C0CE018F559F4FFC0122
:10C7C0008081853031F5CE018E559F4FFC018081EF
:10C7D000882F90E0880F991F81539D4E8DAB9EABA3
:10C7E0008DA99EA9FC0125913491CF012FAB38AFC3
:10C7F0008DAB9EAB8FA998AD9C01CE018D559F4FFF
:10C80000FC018081918143E650E0B9010E9419A4A6
:10C81000B3C0CE018F559F4FFC018081863031F52A
:10C82000CE018E559F4FFC018081882F90E0880FAC
:10C83000991F86509D4E89AB9AAB89A99AA9FC0194
:10C8400025913491CF012BAB3CAB89AB9AAB8BA933
:10C850009CA99C01CE018D559F4FFC018081918147
:10C8600043E650E0B9010E9419A486C0CE018F555D
:10C870009F4FFC018081883031F5CE018E559F4F4E
:10C88000FC018081882F90E0880F991F875E9C4E65
:10C890008DA79EA78DA59EA5FC0125913491CF0162
:10C8A0002FA738AB8DA79EA78FA598A99C01CE0175
:10C8B0008D559F4FFC018081918143E650E0B90185
:10C8C0000E9419A459C0CE018F559F4FFC01808151
:10C8D000873031F5CE018E559F4FFC018081882F26
:10C8E00090E0880F991F8F5C9C4E89A79AA789A515
:10C8F0009AA5FC0125913491CF012BA73CA789A7CC
:10C900009AA78BA59CA59C01CE018D559F4FFC013C
:10C910008081918143E650E0B9010E9419A42CC0A6
:10C92000CE018F559F4FFC018081893029F5CE01C2
:10C930008E559F4FFC018081882F90E0880F991FB2
:10C94000845A9C4E8DA39EA38DA19EA1FC0125918E
:10C950003491CF012FA338A78DA39EA38FA198A5B3
:10C960009C01CE018D559F4FFC018081918143E652
:10C9700050E0B9010E9419A4CE018B559F4FFC01D4
:10C980008081833009F059C2CE018F559F4FFC0141
:10C990008081882309F03BC0CE018E559F4FFC015A
:10C9A0008081882F90E0880F991F9C012856364F70
:10C9B000CE0187599F4FFC0120833183CE018759D7
:10C9C0009F4FFC0180819181FC0145915491CF01E1
:10C9D0009E0125593F4FF901408351839E012759FC
:10C9E0003F4FF90180839183CE0185599F4FFC0110
:10C9F000808191819C01CE018D559F4FFC018081EA
:10CA0000918143E650E0B9010E9419A416C2CE01FB
:10CA10008F559F4FFC018081813009F03BC0CE01D2
:10CA20008E559F4FFC018081882F90E0880F991FC1
:10CA30009C012E5D324FCE018B599F4FFC0120830C
:10CA40003183CE018B599F4FFC0180819181FC0184
:10CA500045915491CF019E0129593F4FF9014083DF
:10CA600051839E012B593F4FF90180839183CE0161
:10CA700089599F4FFC01808191819C01CE018D5588
:10CA80009F4FFC018081918143E650E0B9010E94F3
:10CA900019A4D3C1CE018F559F4FFC0180818230F4
:10CAA00009F03BC0CE018E559F4FFC018081882F3D
:10CAB00090E0880F991F9C012453324FCE018F596B
:10CAC0009F4FFC0120833183CE018F599F4FFC0182
:10CAD00080819181FC0145915491CF019E012D5996
:10CAE0003F4FF901408351839E012F593F4FF90178
:10CAF00080839183CE018D599F4FFC01808191816C
:10CB00009C01CE018D559F4FFC018081918143E6B0
:10CB100050E0B9010E9419A490C1CE018F559F4FDA
:10CB2000FC018081843009F03BC0CE018E559F4FBF
:10CB3000FC018081882F90E0880F991F9C0122546E
:10CB40003E4ECE01835A9F4FFC0120833183CE019C
:10CB5000835A9F4FFC0180819181FC014591549142
:10CB6000CF019E01215A3F4FF901408351839E011D
:10CB7000235A3F4FF90180839183CE01815A9F4F01
:10CB8000FC01808191819C01CE018D559F4FFC015C
:10CB90008081918143E650E0B9010E9419A44DC102
:10CBA000CE018F559F4FFC018081853009F03BC03D
:10CBB000CE018E559F4FFC018081882F90E0880F19
:10CBC000991F9C0121533D4ECE01875A9F4FFC0176
:10CBD00020833183CE01875A9F4FFC018081918150
:10CBE000FC0145915491CF019E01255A3F4FF90117
:10CBF000408351839E01275A3F4FF90180839183DF
:10CC0000CE01855A9F4FFC01808191819C01CE010C
:10CC10008D559F4FFC018081918143E650E0B90121
:10CC20000E9419A40AC1CE018F559F4FFC0180813B
:10CC3000863009F03BC0CE018E559F4FFC018081AC
:10CC4000882F90E0880F991F9C0126503D4ECE0101
:10CC50008B5A9F4FFC0120833183CE018B5A9F4F0B
:10CC6000FC0180819181FC0145915491CF019E018D
:10CC7000295A3F4FF901408351839E012B5A3F4F60
:10CC8000F90180839183CE01895A9F4FFC018081F5
:10CC900091819C01CE018D559F4FFC018081918136
:10CCA00043E650E0B9010E9419A4C7C0CE018F55D8
:10CCB0009F4FFC018081883009F03BC0CE018E552A
:10CCC0009F4FFC018081882F90E0880F991F9C0165
:10CCD000275E3C4ECE018F5A9F4FFC01208331834B
:10CCE000CE018F5A9F4FFC0180819181FC014591BB
:10CCF0005491CF019E012D5A3F4FF901408351833A
:10CD00009E012F5A3F4FF90180839183CE018D5AA6
:10CD10009F4FFC01808191819C01CE018D559F4FD9
:10CD2000FC018081918143E650E0B9010E9419A481
:10CD300084C0CE018F559F4FFC018081873009F060
:10CD40003BC0CE018E559F4FFC018081882F90E023
:10CD5000880F991F9C012F5C3C4ECE01835B9F4F37
:10CD6000FC0120833183CE01835B9F4FFC018081D6
:10CD70009181FC0145915491CF019E01215B3F4F70
:10CD8000F901408351839E01235B3F4FF90180836A
:10CD90009183CE01815B9F4FFC01808191819C0139
:10CDA000CE018D559F4FFC018081918143E650E07B
:10CDB000B9010E9419A441C0CE018F559F4FFC01BB
:10CDC00080818930D1F5CE018E559F4FFC01808145
:10CDD000882F90E0880F991F9C01245A3C4ECE0169
:10CDE000875B9F4FFC0120833183CE01875B9F4F80
:10CDF000FC0180819181FC0145915491CF019E01FC
:10CE0000255B3F4FF901408351839E01275B3F4FD4
:10CE1000F90180839183CE01855B9F4FFC01808166
:10CE200091819C01CE018D559F4FFC0180819181A4
:10CE300043E650E0B9010E9419A4CE018B559F4FE3
:10CE4000FC018081823009F065C3CE018F559F4F70
:10CE5000FC018081882309F03BC0CE018E559F4F95
:10CE6000FC018081882F90E0880F991F9C01245D30
:10CE7000394DCE0183569F4FFC0120833183CE0173
:10CE800083569F4FFC0180819181FC014591549113
:10CE9000CF019E0121563F4FF901408351839E01EE
:10CEA00023563F4FF90180839183CE0181569F4FD6
:10CEB000FC01808191819C01CE018D559F4FFC0129
:10CEC0008081918143E650E0B9010E9419A422C3F8
:10CED000CE018F559F4FFC018081813009F03BC00E
:10CEE000CE018E559F4FFC018081882F90E0880FE6
:10CEF000991F9C012E5C394DCE0187569F4FFC0136
:10CF000020833183CE0187569F4FFC018081918120
:10CF1000FC0145915491CF019E0125563F4FF901E7
:10CF2000408351839E0127563F4FF90180839183AF
:10CF3000CE0185569F4FFC01808191819C01CE01DD
:10CF40008D559F4FFC018081918143E650E0B901EE
:10CF50000E9419A4DFC2CE018F559F4FFC01808132
:10CF6000823009F03BC0CE018E559F4FFC0180817D
:10CF7000882F90E0880F991F9C012858394DCE01C9
:10CF80008B569F4FFC0120833183CE018B569F4FE0
:10CF9000FC0180819181FC0145915491CF019E015A
:10CFA00029563F4FF901408351839E012B563F4F35
:10CFB000F90180839183CE0189569F4FFC018081C6
:10CFC00091819C01CE018D559F4FFC018081918103
:10CFD00043E650E0B9010E9419A49CC2CE018F55CE
:10CFE0009F4FFC018081833009F03BC0CE018E55FC
:10CFF0009F4FFC018081882F90E0880F991F9C0132
:10D000002258394DCE018F569F4FFC01208331832A
:10D01000CE018F569F4FFC0180819181FC0145918B
:10D020005491CF019E012D563F4FF901408351830A
:10D030009E012F563F4FF90180839183CE018D567B
:10D040009F4FFC01808191819C01CE018D559F4FA6
:10D05000FC018081918143E650E0B9010E9419A44E
:10D0600059C2CE018F559F4FFC018081843009F059
:10D070003BC0CE018E559F4FFC018081882F90E0F0
:10D08000880F991F9C01285E384DCE0183579F4F12
:10D09000FC0120833183CE0183579F4FFC018081A7
:10D0A0009181FC0145915491CF019E0121573F4F41
:10D0B000F901408351839E0123573F4FF90180833B
:10D0C0009183CE0181579F4FFC01808191819C010A
:10D0D000CE018D559F4FFC018081918143E650E048
:10D0E000B9010E9419A416C2CE018F559F4FFC01B1
:10D0F0008081853009F03BC0CE018E559F4FFC01E9
:10D100008081882F90E0880F991F9C012557374D0B
:10D11000CE0187579F4FFC0120833183CE01875773
:10D120009F4FFC0180819181FC0145915491CF0179
:10D130009E0125573F4FF901408351839E01275798
:10D140003F4FF90180839183CE0185579F4FFC01AA
:10D15000808191819C01CE018D559F4FFC01808182
:10D16000918143E650E0B9010E9419A4D3C1CE01D8
:10D170008F559F4FFC018081863009F03BC0CE0166
:10D180008E559F4FFC018081882F90E0880F991F5A
:10D190009C012054374DCE018B579F4FFC012083BB
:10D1A0003183CE018B579F4FFC0180819181FC011F
:10D1B00045915491CF019E0129573F4FF90140837A
:10D1C00051839E012B573F4FF90180839183CE01FC
:10D1D00089579F4FFC01808191819C01CE018D5523
:10D1E0009F4FFC018081918143E650E0B9010E948C
:10D1F00019A490C1CE018F559F4FFC0180818730CB
:10D2000009F03BC0CE018E559F4FFC018081882FD5
:10D2100090E0880F991F9C012455354DCE018F5702
:10D220009F4FFC0120833183CE018F579F4FFC011C
:10D2300080819181FC0145915491CF019E012D5730
:10D240003F4FF901408351839E012F573F4FF90112
:10D2500080839183CE018D579F4FFC018081918106
:10D260009C01CE018D559F4FFC018081918143E649
:10D2700050E0B9010E9419A44DC1CE018F559F4FB6
:10D28000FC018081883009F03BC0CE018E559F4F54
:10D29000FC018081882F90E0880F991F9C01205409
:10D2A000344DCE0183589F4FFC0120833183CE0142
:10D2B00083589F4FFC0180819181FC0145915491DD
:10D2C000CF019E0121583F4FF901408351839E01B8
:10D2D00023583F4FF90180839183CE0181589F4F9E
:10D2E000FC01808191819C01CE018D559F4FFC01F5
:10D2F0008081918143E650E0B9010E9419A40AC1DE
:10D30000CE018F559F4FFC018081893009F03BC0D1
:10D31000CE018E559F4FFC018081882F90E0880FB1
:10D32000991F9C012452344DCE0187589F4FFC0118
:10D3300020833183CE0187589F4FFC0180819181EA
:10D34000FC0145915491CF019E0125583F4FF901B1
:10D35000408351839E0127583F4FF9018083918379
:10D36000CE0185589F4FFC01808191819C01CE01A7
:10D370008D559F4FFC018081918143E650E0B901BA
:10D380000E9419A4C7C0CE018F559F4FFC01808118
:10D390008A3009F03BC0CE018E559F4FFC01808141
:10D3A000882F90E0880F991F9C01215F334DCE019B
:10D3B0008B589F4FFC0120833183CE018B589F4FA8
:10D3C000FC0180819181FC0145915491CF019E0126
:10D3D00029583F4FF901408351839E012B583F4FFD
:10D3E000F90180839183CE0189589F4FFC01808190
:10D3F00091819C01CE018D559F4FFC0180819181CF
:10D4000043E650E0B9010E9419A484C0CE018F55B3
:10D410009F4FFC0180818B3009F03BC0CE018E55BF
:10D420009F4FFC018081882F90E0880F991F9C01FD
:10D430002950344DCE018F589F4FFC0120833183FA
:10D44000CE018F589F4FFC0180819181FC01459155
:10D450005491CF019E012D583F4FF90140835183D4
:10D460009E012F583F4FF90180839183CE018D5843
:10D470009F4FFC01808191819C01CE018D559F4F72
:10D48000FC018081918143E650E0B9010E9419A41A
:10D4900041C0CE018F559F4FFC0180818C30D1F56A
:10D4A000CE018E559F4FFC018081882F90E0880F20
:10D4B000991F9C01265C334DCE0183599F4FFC017F
:10D4C00020833183CE0183599F4FFC01808191815C
:10D4D000FC0145915491CF019E0121593F4FF90123
:10D4E000408351839E0123593F4FF90180839183EB
:10D4F000CE0181599F4FFC01808191819C01CE0119
:10D500008D559F4FFC018081918143E650E0B90128
:10D510000E9419A40000CB55DF4FCDBFDEBFDF91C5
:10D52000CF910895CF93DF93CDB7DEB7CB56D10916
:10D53000CDBFDEBFFE01E959FF4F80839183CE014D
:10D5400087599F4FFC016083CE0186599F4FFC0194
:10D550004083CE0185599F4FFC0120838DE49BE2DF
:10D560000E9449A48AE090E00E9443A487E79BE2DE
:10D570000E9449A48AE090E00E9443A41B821C827E
:10D5800022E6CE010596FC01322F11923A95E9F779
:10D59000198242C18981282F30E0C901880F991F63
:10D5A000820F931F880F991F9C01CE0189599F4FAD
:10D5B000FC0180819181820F931FFC018081918108
:10D5C000292F2F938F9381E89BE2892F8F9381E8F6
:10D5D0009BE28F930E9431A40F900F900F900F90B9
:10D5E000CE0186599F4FFC018081813029F58981C8
:10D5F000282F30E0C901880F991F820F931F880FD1
:10D60000991F9C01CE0189599F4FFC018081918116
:10D61000820F931FFC015581CE0185599F4F9E01BA
:10D620002D5F3F4FFC014081B901852F0E94A3600F
:10D63000CE0103960E9449A48981282F30E0C901B8
:10D64000880F991F820F931F880F991F9C01CE018D
:10D6500089599F4FFC0180819181820F931FFC01AA
:10D660008481882329F48AE090E00E9443A4D1C0F9
:10D670001A82B6C0CE0186599F4FFC01808181304D
:10D6800021F489E090E00E9443A48981282F30E0B2
:10D69000C901880F991F820F931F880F991F9C0142
:10D6A000CE0189599F4FFC0180819181820F931F88
:10D6B000FC01228133818A81482F50E061E1649F1F
:10D6C000C001659F900D1124820F931FFC016281A0
:10D6D00073818981282F30E0C901880F991F820F3B
:10D6E000931F880F991F9C01CE0189599F4FFC0100
:10D6F00080819181820F931FFC01228133818A8175
:10D70000482F50E0E1E1E49FC001E59F900D112416
:10D71000820F931FFC018481882F90E0272F2F9385
:10D72000262F2F93292F2F938F9387E89BE2892F02
:10D730008F9387E89BE28F930E9431A40F900F9004
:10D740000F900F900F900F90CE0186599F4FFC01C4
:10D750008081813009F041C08981282F30E0C901E2
:10D76000880F991F820F931F880F991F9C01CE016C
:10D7700089599F4FFC0180819181820F931FFC0189
:10D78000228133818A81482F50E061E1649FC0018A
:10D79000659F900D1124820F931FFC013581CE01EE
:10D7A00085599F4FAE014D5F5F4FFC012081632F74
:10D7B00089810E943561CE010396292F2F938F9383
:10D7C00080E99BE2892F8F9380E99BE28F930E94EF
:10D7D00031A40F900F900F900F908A818F5F8A83F2
:10D7E0008981282F30E0C901880F991F820F931F6C
:10D7F000880F991F9C01CE0189599F4FFC018081A0
:10D800009181820F931FFC0184819A81981708F4FB
:10D8100031CF89818F5F8983CE0187599F4F2981BD
:10D82000FC018081281708F4B5CE8AE090E00E94C0
:10D8300043A480E0C559DF4FCDBFDEBFDF91CF915C
:10D840000895E2EAF4E290E0A481B5812C91821778
:10D8500039F09F5F3E969630B9F780E090E00895EA
:10D860002EE0929FC00111248E559B4D089580910A
:10D87000E525811181E08093872480E0089580E090
:10D88000089580E0089580E0089580E0089580E0A4
:10D89000089580E0089580E0089580917D238111AE
:10D8A00081E08093872480E00895E0E0F6E084E062
:10D8B000868398E0968380E18583E0E2F6E09683B4
:10D8C000868380E2858380E4868380E00895E0E0BB
:10D8D000F6E084E0868398E0958380E18583E0E24A
:10D8E000F6E09683868380E2858380E4868380E009
:10D8F0000895E0E0F6E084E0858398E0968380E197
:10D900008583E0E2F6E09683868380E2858380E487
:10D91000868380E0089584E08093060698E09093E3
:10D92000060680E180930606409107225091082266
:10D930006091092270910A22411551056105710516
:10D9400041F4909326068093260680E28093250674
:10D950001DC0413051056105710561F490932606A3
:10D960008093250680E28093250680E48093250637
:10D9700080E00895423051056105710559F4909396
:10D9800026068093250680E28093260680E4809315
:10D990002606EECF433051056105710529F49093B9
:10D9A000250680932606DECF4430510561057105BA
:10D9B00029F49093250680932606E5CF453051053E
:10D9C0006105710509F0BDCF90932506809325066A
:10D9D00080E280932606C9CF80E0089580E0089514
:10D9E00080E0089580E0089580E0089580E0089543
:10D9F00080E0089580E0089580E0089580917E2081
:10DA000090917F202091F0403091F140821B930B48
:10DA100001968093F0409093F14080E00895109239
:10DA2000F0401092F14080E008951F93CF93DF9370
:10DA30004091F8405091F940A091F640B091F740E4
:10DA40001C9213E011961C93119714961C93149733
:10DA50001296ED91FC91139788E380831296ED91D5
:10DA6000FC91139711821296ED91FC91139781E02E
:10DA70008283EA011C8280910A4190910B41EC0162
:10DA8000E881F981BD0119954091F8405091F94024
:10DA9000A091F640B091F7401C9211961C931197FB
:10DAA00014961C9314971296ED91FC91139780E3B2
:10DAB00080831296ED91FC91139711821296ED914D
:10DAC000FC9113971282FA01148280910A4190917D
:10DAD0000B41EC01E881F981BD0119954091F840B5
:10DAE0005091F940A091F640B091F7401C921196E8
:10DAF0001C93119714961C9314971296ED91FC9118
:10DB0000139780E280831296ED91FC911397118216
:10DB10001296ED91FC9113978FE38283FA011482A0
:10DB200080910A4190910B41EC01E881F981BD019E
:10DB300019954091F8405091F940A091F640B0916C
:10DB4000F7401C9211961C93119714961C931497EE
:10DB50001296ED91FC91139787E080831296ED91D8
:10DB6000FC91139711821296ED91FC9113971282FA
:10DB7000FA01148280910A4190910B41EC01E881F5
:10DB8000F981BD0119954091F8405091F940A0915B
:10DB9000F640B091F7401C9211961C931197149681
:10DBA0001C9314971296ED91FC9113978FE080834C
:10DBB0001296ED91FC91139711821296ED91FC91C2
:10DBC00013971282FA01148280910A4190910B41BD
:10DBD000EC01E881F981BD01199580E0DF91CF91D9
:10DBE0001F9108951F93CF93DF939C014091F840BC
:10DBF0005091F940A091F640B091F7401C9213E08B
:10DC000011961C93119714961C9314971296ED91EC
:10DC1000FC91139787E080831296ED91FC91139706
:10DC2000C90134E0969587953A95E1F7818312967C
:10DC3000ED91FC9113972295207F2283EA011C82AB
:10DC400080910A4190910B41EC01E881F981BD017D
:10DC500019954091F8405091F940A091F640B0914B
:10DC6000F7401C9211961C93119714961C931497CD
:10DC70001296ED91FC9113978FE080831296ED91AF
:10DC8000FC91139711821296ED91FC9113971282D9
:10DC9000FA01148280910A4190910B41EC01E881D4
:10DCA000F981BD01199580E0DF91CF911F91089511
:10DCB0000F931F93CF93DF938B01A091FA40B09104
:10DCC000FB401C9291E011969C9311971296ED9156
:10DCD000FC911397808314969C9314974091FC4079
:10DCE0005091FD4080E1EA0189839C838091B84096
:10DCF0009091B940EC01E881F981BD011995E0915D
:10DD0000FC40F091FD400280F381E02D8081F8011C
:10DD1000808380E0DF91CF911F910F91089585E975
:10DD20009BE20E9449A480E0089589EA9BE20E9458
:10DD300049A480915D25811181E08093872480E052
:10DD4000089589EA9BE20E9449A480E0089589EA47
:10DD50009BE20E9449A480E0089589EA9BE20E9428
:10DD600049A480E0089589EA9BE20E9449A480E0EA
:10DD700008951F938091492490914A240E94F26D46
:10DD8000182F8823C1F080914C248F9380914B24CD
:10DD90008F9380914A248F93809149248F938AEBAB
:10DDA0009BE29F938F930E9431A40F900F900F904E
:10DDB0000F900F900F90812F1F910895CF92DF92B7
:10DDC000EF92FF921F93CF93DF938091282790913A
:10DDD0002927A0912A27B0912B27892B8A2B8B2BBF
:10DDE00049F480E0DF91CF911F91FF90EF90DF9099
:10DDF000CF9008954091F8405091F940A091F6409D
:10DE0000B091F7401C9213E011961C931197149651
:10DE10001C9314971296ED91FC91139780E28083E6
:10DE20001296ED91FC91139711821296ED91FC914F
:10DE3000139788E08283EA011C8280910A419091C5
:10DE40000B41EC01E881F981BD011995C0902827AB
:10DE5000D0902927E0902A27F0902B27C114D0E1F9
:10DE6000DD06E104F10450F083EE9BE29F938F9373
:10DE70000E9431A40F900F9081E0B4CF4091F84000
:10DE80005091F940A091F640B091F7401C92119644
:10DE90001C93119714961C9314971296ED91FC9174
:10DEA000139710831296ED91FC911397C60124E00D
:10DEB000969587952A95E1F781831296ED91FC91CD
:10DEC0001397C29430EFC322C282FA011482809168
:10DED0000A4190910B41EC01E881F981BD0119954E
:10DEE0004091F8405091F940A091F640B091F74030
:10DEF0001C9211961C93119714961C9314971296CA
:10DF0000ED91FC9113978BE080831296ED91FC913B
:10DF1000139711821296ED91FC9113971282FA01D8
:10DF2000148280910A4190910B41EC01E881F981C2
:10DF3000BD01199556CFE2E9F3E281A18F9380A14B
:10DF40008F93878D8F93868D8F938AE09CE29F932A
:10DF50008F930E9431A40F900F900F900F900F900D
:10DF60000F9080E00895CF93DF9300D00F92CDB74C
:10DF7000DEB720911E4930911F492115310511F45A
:10DF800026E239E4CE010196821B930B1F921F9269
:10DF90009F938F9388E19CE29F938F930E9431A47B
:10DFA0000F900F900F900F900F900F9080E024969D
:10DFB000CDBFDEBFDF91CF9108958091FA201F92EF
:10DFC0008F938DE29CE29F938F930E9431A4809166
:10DFD000F9201F928F9387E49CE29F938F930E9476
:10DFE00031A48091B2219091B321A091B421B0913C
:10DFF000B5212DB73EB7285F3F4F2DBF3EBF8130C3
:10E000009105A105B10501F581E08093FA20809387
:10E01000F9208091FA201F928F9381E69CE29F93D2
:10E020008F930E9431A48091F9201F928F9387E7EC
:10E030009CE29F938F930E9431A48DB79EB7089660
:10E040008DBF9EBF80E0089582309105A105B10586
:10E0500011F483E0DACF0397A105B105D1F684E08E
:10E06000D4CF8091F1408F938091F0408F938AE3D9
:10E0700094E39F938F930E9431A48091F0409091FC
:10E08000F14001968093F0409093F1400F900F90F3
:10E090000F900F9080E00895809193001F928F93CE
:10E0A00082E596E39F938F930E9431A40F900F9087
:10E0B0000F900F9080E00895EF92FF920F931F93BF
:10E0C000E0E9F0E08081E180F2801F928F930DE81B
:10E0D0001CE21F930F930E9431A41F92EF921F9393
:10E0E0000F930E9431A41F92FF921F930F930E94DF
:10E0F00031A48AE090E00E9443A48DB79EB70C96AD
:10E100008DBF9EBF80E01F910F91FF90EF9008950B
:10E110000E945C7080E008958091A0209091A120E1
:10E12000A091A220B091A3208B309105A105B1054B
:10E13000C9F085319105A105B105D9F08C30910563
:10E14000A105B10569F04697A105B10591F084EAF2
:10E150009CE20E9449A461E086EB90E40E94FF9A51
:10E1600062E001C061E086EB90E40E94FF9A80E0EB
:10E17000089581EE9CE29F938F9382E99CE29F93A6
:10E180008F930E9431A40F900F900F900F9081E019
:10E1900008958091A80680FD06C081EC9CE20E9453
:10E1A00049A480E0089562E082E091E40E94459CE9
:10E1B0008091AE409091AF40880F892F881F990BB6
:10E1C00091958770992721E030E0A90102C0440FA2
:10E1D000551F8A95E2F7CA019F934F938AEC9CE200
:10E1E0009F938F930E9431A40F900F900F900F90E8
:10E1F000D8CF60915A2870915B28677077278091FB
:10E20000392790913A27A0913B27B0913C27813044
:10E210009105A105B105D9F482E091E40E94459CE5
:10E220008091AE409091AF40880F892F881F990B45
:10E2300091959F938F9381EE9CE29F938F930E9481
:10E2400031A40F900F900F900F9080E008950297E7
:10E25000A105B10519F486E091E4E0CF8AEE9CE2D5
:10E260000E9449A481E00895CF92DF92EF92FF923D
:10E270000F931F9380915C2080FF42C08CE09DE251
:10E280009F938F930E9431A40F900F9000E010E0B5
:10E2900060E2C62E6DE2D62E71EEE72E7CE2F72EFE
:10E2A000C80183709927892B51F41F930F93DF9234
:10E2B000CF920E9431A40F900F900F900F90602F7B
:10E2C00082E091E40E94459C8091AE409091AF40E5
:10E2D000880F892F881F990B91959F938F93FF9299
:10E2E000EF920E9431A40F5F1F4F0F900F900F907D
:10E2F0000F9008301105A1F68AE090E00E9443A437
:10E3000080915C2090915D20A0915E20B0915F2073
:10E3100083709927AA27BB270397A105B10521F48C
:10E320008AE090E00E9443A480915C2081FF42C07B
:10E3300089E29DE29F938F930E9431A40F900F90EA
:10E3400000E010E030E2C32E3DE2D32E41EEE42E99
:10E350004CE2F42EC80183709927892B51F41F9346
:10E360000F93DF92CF920E9431A40F900F900F90E5
:10E370000F90602F86E091E40E94459C8091AE4012
:10E380009091AF40880F892F881F990B91959F938B
:10E390008F93FF92EF920E9431A40F5F1F4F0F9057
:10E3A0000F900F900F9008301105A1F68AE090E0D1
:10E3B0000E9443A480E01F910F91FF90EF90DF90A7
:10E3C000CF9008958091392790913A27A0913B27CB
:10E3D000B0913C2781309105A105B10531F482E06F
:10E3E00091E40E94259C80E008950297A105B10563
:10E3F00019F486E091E4F5CF8AEE9CE20E9449A4EC
:10E4000081E008958091B1209091B220A091B32035
:10E41000B091B420AC01BD014B50510961097109A3
:10E42000423051056105710560F461E00C97A1056A
:10E43000B10509F462E086EB90E40E94A19A80E0C5
:10E44000089563E0F8CF462F572FBC014150510982
:10E45000610971094115510561057105B9F7089503
:10E46000AF92BF92CF92DF92EF92FF920F931F93E2
:10E470000CE714E2F80183818F9382818F9381816D
:10E480008F9380818F938DE39DE29F938F930E9462
:10E4900031A4F801608171818281938120E038E4A8
:10E4A00048EE51E00E94BBA129513C4F4F4F5F4FB6
:10E4B0006F4F7F4F8F4F9F4FE0E8AE2EF5E2BF2E9C
:10E4C000C12CD12CE12CF12C00E010E00E9419A20B
:10E4D000B901CA010E9423720F900F900F900F9004
:10E4E0000F900F9080E01F910F91FF90EF90DF90C1
:10E4F000CF90BF90AF900895EF92FF920F931F932C
:10E5000000917F210B3070F08CE49DE29F938F93FC
:10E510000E9431A40F900F9080E01F910F91FF9007
:10E52000EF90089580E18093A60610E0000F111F80
:10E53000F12C90E1E92E8F2D90E08017910724F0C7
:10E5400080E18093A606E8CF65E176E185E090E082
:10E550000E942372E092A706F394EDCF0E94459C9F
:10E560008091AE409091AF4008958091392790916D
:10E570003A27A0913B27B0913C2781309105A10516
:10E58000B105C1F462E082E091E40E94AE72880FAE
:10E59000892F881F990B91959F938F938EEC9FE203
:10E5A0009F938F930E9431A40F900F900F900F9024
:10E5B00080E008950297A105B10521F462E086E0AC
:10E5C00091E4E3CF8AEE9CE20E9449A481E00895A1
:10E5D0008091392790913A27A0913B27B0913C2711
:10E5E00081309105A105B105C1F466E082E091E4B6
:10E5F0000E94AE72892F869590E0817099279F9333
:10E600008F938EEC9FE29F938F930E9431A40F9083
:10E610000F900F900F9080E008950297A105B1052B
:10E6200021F466E086E091E4E3CF8AEE9CE20E946A
:10E6300049A481E008958091392790913A27A091CB
:10E640003B27B0913C2781309105A105B105C1F46C
:10E6500067E082E091E40E94AE72880F892F881FE4
:10E66000990B91959F938F938EEC9FE29F938F933D
:10E670000E9431A40F900F900F900F9080E00895AA
:10E680000297A105B10521F467E086E091E4E3CFAC
:10E690008AEE9CE20E9449A481E008958091392786
:10E6A00090913A27A0913B27B0913C27813091056A
:10E6B000A105B105C9F464E082E091E40E94AE7264
:10E6C000892F8695869590E0817099279F938F93E7
:10E6D0008DED96E39F938F930E9431A40F900F903E
:10E6E0000F900F9080E008950297A105B10521F4E5
:10E6F00064E086E091E4E2CF8AEE9CE20E9449A4C5
:10E7000081E008950F931F938C0164E00E94AE7224
:10E710009F938F9384E59DE29F938F930E9431A4F2
:10E7200064E0C8010E94AE72892F90E08170992741
:10E730009F938F938EEC9FE29F938F930E9431A4BF
:10E740008DB79EB708968DBF9EBF80E01F910F9139
:10E7500008951F938091392790913A27A0913B27E4
:10E76000B0913C2781309105A105B105B1F482E05B
:10E7700091E40E948273182F8823D9F081EE9CE2E5
:10E780009F938F9381E69DE29F938F930E9431A484
:10E790000F900F900F900F900CC00297A105B1053C
:10E7A00019F486E091E4E5CF8AEE9CE20E9449A448
:10E7B00011E0812F1F9108958F929F92AF92BF9287
:10E7C000CF92DF92EF92FF920F931F93CF93DF933D
:10E7D000FC01C80102811381A091B240B091B34005
:10E7E0001296CD90DC901397E090B040F090B1403D
:10E7F00002C0440F551F2A95E2F748235923E70129
:10E80000188222E029832C83AA80BB809C01369544
:10E8100027952095E601988129234A0196948794AB
:10E820002829E5012883E7012A813B8187958827EC
:10E8300087958095E60199818923479544274795D7
:10E84000842BE9018983E7012A813B81E9018981E0
:10E850008078D8E06D9FB00111246877862BE8019D
:10E8600098819770892BE901898314961C92808185
:10E8700091814091B2405091B3406091B04070910D
:10E88000B140DC01ED91FC91DF91CF911F910F918F
:10E89000FF90EF90DF90CF90BF90AF909F908F90C0
:10E8A0001994EF92FF920F931F93809139279091C3
:10E8B0003A27A0913B27B0913C2781309105A105D3
:10E8C000B105E1F4E0904A27F0904B2786E0E81686
:10E8D000F10498F562E082E091E40E94459C03E037
:10E8E00010E020E0A70162E082E091E40E94DC7386
:10E8F00080E01F910F91FF90EF9008950297A1057E
:10E90000B105A9F4E0904A27F0904B2786E0E8167D
:10E91000F10498F462E086E091E40E94459C03E0F3
:10E9200010E020E0A70162E086E091E4DFCF8AEE0C
:10E930009CE20E9449A481E0DCCF81EE9CE29F939F
:10E940008F938EE69DE29F938F930E9431A40F9048
:10E950000F900F900F9083E0CCCF0F931F93809177
:10E96000392790913A27A0913B27B0913C278130DD
:10E970009105A105B10589F44091492850914A2893
:10E980000FEF1FEF20E06091382882E091E40E94B1
:10E99000DC7380E01F910F9108950297A105B105E6
:10E9A00061F44091492850914A280FEF1FEF20E071
:10E9B0006091382886E091E4EACF8AEE9CE20E94DA
:10E9C00049A481E0E7CF0F931F93F82FE92F9B0114
:10E9D000CB0101978032910598F428233923232B0A
:10E9E00079F40E943EA1AC010FEF1FEF20E062E03E
:10E9F0008F2F9E2F0E94DC7380E01F910F9108954E
:10EA000083E0FBCF1F938091392790913A27A09103
:10EA10003B27B0913C2781309105A105B10501F557
:10EA20006091F4277091F52782E091E40E94E374ED
:10EA3000182F882329F18DE79DE29F938F9381EE14
:10EA40009CE29F938F938EE89DE29F938F930E9409
:10EA500031A40F900F900F900F900F900F9010C057
:10EA60000297A105B10539F46091F4277091F5275B
:10EA700086E091E4DBCF8AEE9CE20E9449A411E09B
:10EA8000812F1F910895EF92FF920F931F937C01A6
:10EA90008B016230710590F01F936F9384E99DE2C2
:10EAA0009F938F930E9431A40F900F900F900F901F
:10EAB00083E01F910F91FF90EF90089564E00E9412
:10EAC000AE72880F892F881F990B9195AC01477FF3
:10EAD0005170012B09F048600FEF1FEF20E064E058
:10EAE000C7010E94DC7380E0E4CF1F938091392737
:10EAF00090913A27A0913B27B0913C278130910516
:10EB0000A105B10501F5609116287091172882E0E2
:10EB100091E40E944375182F882329F18DEB9DE223
:10EB20009F938F9381EE9CE29F938F938EE89DE25B
:10EB30009F938F930E9431A40F900F900F900F908E
:10EB40000F900F9010C00297A105B10539F46091A4
:10EB500016287091172886E091E4DBCF8AEE9CE2BC
:10EB60000E9449A411E0812F1F910895CF92DF9256
:10EB7000EF92FF920F931F937C016B016E3371052F
:10EB800060F08EEC9DE20E9449A483E01F910F91FA
:10EB9000FF90EF90DF90CF90089564E08DE3C8166A
:10EBA000D10471F4C7010E94459C00E110E024E00B
:10EBB00040E050E064E0C7010E94DC7380E0E6CFF3
:10EBC000C7010E94459C00E110E024E041E050E0D4
:10EBD00064E0C7010E94DC7367E0C7010E94459CA6
:10EBE0000FE310E020E0A60167E0E5CF1F938091DE
:10EBF000392790913A27A0913B27B0913C2781304B
:10EC00009105A105B105D1F46091B0277091B127AC
:10EC100082E091E40E94B675182F8823F9F081EE06
:10EC20009CE29F938F9384EF9DE29F938F930E942A
:10EC300031A40F900F900F900F9010C00297A10574
:10EC4000B10539F46091B0277091B12786E091E465
:10EC5000E1CF8AEE9CE20E9449A411E0812F1F912E
:10EC60000895EF92FF920F931F937C018B01623006
:10EC7000710550F083E09EE20E9449A483E01F9159
:10EC80000F91FF90EF90089564E00E94AE72482FBC
:10EC9000012B59F0426050E00FEF1FEF20E064E0DD
:10ECA000C7010E94DC7380E0EACF4D7FF4CF1F9351
:10ECB0008091392790913A27A0913B27B0913C272A
:10ECC00081309105A105B105D1F46091D2277091F1
:10ECD000D32782E091E40E943176182F8823F9F03F
:10ECE00081EE9CE29F938F9381E69DE29F938F93A9
:10ECF0000E9431A40F900F900F900F9010C00297B8
:10ED0000A105B10539F46091D2277091D32786E02F
:10ED100091E4E1CF8AEE9CE20E9449A411E0812FA8
:10ED20001F910895EF92FF920F931F937C010FEFB5
:10ED30001FEF20E041E050E061E00E94DC7320E042
:10ED400040E250E064E0C7010E94DC7320E040E153
:10ED500050E060E0C7010E94DC7380E01F910F91DA
:10ED6000FF90EF900895EF92FF920F931F937C0115
:10ED70000FEF1FEF20E040E050E060E00E94DC7306
:10ED800020E04FE050E061E0C7010E94DC7320E02A
:10ED900041E050E062E0C7010E94DC7320E04AE3FA
:10EDA00050E063E0C7010E94DC7320E04BE050E0DC
:10EDB00064E0C7010E94DC7320E040E250E065E0BF
:10EDC000C7010E94DC7320E041E050E066E0C7012B
:10EDD0000E94DC7320E040E050E067E0C7010E9441
:10EDE000DC7380E01F910F91FF90EF900895EF92F8
:10EDF000FF920F931F937C018B0166E00E94AE721D
:10EE0000482F012B79F44B7F50E00FEF1FEF20E0EC
:10EE100066E0C7010E94DC7380E01F910F91FF90B4
:10EE2000EF9008954460F0CF1F938091392790911F
:10EE30003A27A0913B27B0913C2781309105A1054D
:10EE4000B10559F460918E2770918F2782E091E48B
:10EE50006230710578F013E012C00297A105B10588
:10EE6000E9F460918E2770918F276230710598F7D1
:10EE700086E091E40E94F776182F8823A1F081EEB6
:10EE80009CE29F938F9383E29EE29F938F930E94D5
:10EE900031A40F900F900F900F9005C08AEE9CE266
:10EEA0000E9449A411E0812F1F910895CF92DF9213
:10EEB000EF92FF920F931F936C0166E00E94AE7277
:10EEC0007C01E894E0F8FF240FEF1FEF20E0A7019A
:10EED00066E0C6010E94DC73A701416020E066E0A5
:10EEE000C6010E94DC7380E01F910F91FF90EF90AC
:10EEF000DF90CF9008951F938091392790913A2702
:10EF0000A0913B27B0913C2781309105A105B10527
:10EF1000E1F482E091E40E945677182F882309F1EA
:10EF200084E39EE29F938F9381EE9CE29F938F9365
:10EF30008EE89DE29F938F930E9431A40F900F90D3
:10EF40000F900F900F900F900CC00297A105B10584
:10EF500019F486E091E4DFCF8AEE9CE20E9449A496
:10EF600011E0812F1F910895AF92BF92DF92EF922F
:10EF7000FF920F931F93D82EE92E66E00E94AE7287
:10EF8000F82EE894F1F8AF2CB12C0FEF1FEF20E032
:10EF9000A50166E08D2D9E2D0E94DC734F2D4260F1
:10EFA00050E020E066E08D2D9E2D0E94DC7320E075
:10EFB000A50166E08D2D9E2D0E94DC7380E01F91DF
:10EFC0000F91FF90EF90DF90BF90AF9008951F9347
:10EFD00080917D2790917E27A0917F27B0918027F7
:10EFE000892B8A2B8B2B41F08EE39EE20E9449A451
:10EFF00011E0812F1F9108958091392790913A2730
:10F00000A0913B27B0913C2781309105A105B10526
:10F01000B1F482E091E40E94B477182F882349F379
:10F0200081EE9CE29F938F9381E69DE29F938F9365
:10F030000E9431A40F900F900F900F90DACF02979B
:10F04000A105B10519F486E091E4E5CF8AEE9CE2D2
:10F05000CDCFBF92CF92DF92EF92FF920F931F938B
:10F06000CF93DF938C016B0140910041509101419E
:10F07000A091FE40B091FF401C9293E0F92E1196B2
:10F08000FC9211971496FC9214971296ED91FC91B4
:10F090001397BB24B394B0821296ED91FC91139711
:10F0A0002FE5E22EE1821296ED91FC9113978BE30E
:10F0B0008283EA011C82F80180819181EC01E88160
:10F0C000F981BD011995F80180819181409100413C
:10F0D000509101416091FE407091FF40DC01ED9143
:10F0E000FC911995811167C0A0910041B091014137
:10F0F0006091FE407091FF40EB011882F9821C8202
:10F10000C6019F711C9222E111962C9311971496BF
:10F11000FC9214971296ED91FC911397906890834E
:10F120001296ED91FC91139781831296ED91FC91CB
:10F1300013971282F80180819181EC01E881F981B5
:10F14000AD0119954091004150910141DA011296AB
:10F15000ED91FC91D280A091FE40B091FF401C92B5
:10F160001196FC9211971496FC9214971296ED91B9
:10F17000FC911397B0821296ED91FC911397E18266
:10F180001296ED91FC9113978AE38283EA011C8227
:10F19000F80180819181EC01E881F981BD01199527
:10F1A0008D2DDF91CF911F910F91FF90EF90DF9008
:10F1B000CF90BF90089582E0D82EF2CF1F930E9487
:10F1C000AB9B182F65E377EB8CE090E00E942372F5
:10F1D00063E070E086EB90E40E9429786AE171E4D4
:10F1E00080E090E00E942372812F1F9108951F9369
:10F1F0000E94419B182F65E377EB8CE090E00E9422
:10F20000237263E070E084EB90E40E9429786AE165
:10F2100071E480E090E00E942372812F1F91089595
:10F220000F931F930E944699082F60E573EC80E0CE
:10F2300090E00E9423720E94AB9B182F100F65E391
:10F2400077EB8CE090E00E94237263E070E086EB45
:10F2500090E40E9429786AE171E480E090E00E94E5
:10F2600023720E947699180F60E573EC80E090E0BD
:10F270000E9423720E94419B180F65E377EB8CE09C
:10F2800090E00E94237263E070E084EB90E40E94BF
:10F2900029786AE171E480E090E00E942372812F76
:10F2A0001F910F9108951F9380918F269091902622
:10F2B000A0919126B09192260197A105B10509F080
:10F2C00055C08091A026EFEFE80FEE3010F480FDDE
:10F2D00020C08FE39AE29F938F9383E59AE29F93F6
:10F2E0008F938CE59EE29F938F930E9431A481EED1
:10F2F0009CE29F938F9386E69EE29F938F930E945A
:10F3000031A48DB79EB70A968DBF9EBF83E01F9133
:10F31000089560E070E0CB01ED3039F0F0E0EE0FE1
:10F32000FF1FE453F64D6081718186EB90E40E94EB
:10F330002978182F187F1F921F9389E79EE29F93C9
:10F340008F930E9431A489E1189F102D11241F92E0
:10F350001F9387E89EE29F938F930E9431A48DB7FD
:10F360009EB708968DBF9EBF80E0D1CF8BE99EE20D
:10F370000E9449A481E0CBCF1F9380918F2690916A
:10F380009026A0919126B09192260197A105B105F2
:10F3900009F045C0E091A0268FEF8E0F8E3020F44B
:10F3A0001E2F11701123E1F08FE39AE29F938F9348
:10F3B00083E59AE29F938F938EEB9EE29F938F93C8
:10F3C0000E9431A489EC9EE20E9449A40F900F9004
:10F3D0000F900F900F900F9013E0812F1F910895C1
:10F3E000E25060E070E0CB01ED3038F4F0E0EE0F79
:10F3F000FF1FEE54F64D6081718186EB90E40E9410
:10F4000029788F701F928F938DEE9EE29F938F933A
:10F410000E9431A40F900F900F900F90DECF8BE9D8
:10F420009EE20E9449A411E0D8CF0F931F93E8EE0B
:10F43000F6E2068D178D1F930F9381E09FE29F9355
:10F440008F930E9431A4B80186EB90E40E94297842
:10F450001F928F9387E19FE29F938F930E9431A425
:10F460008DB79EB708968DBF9EBF80E01F910F910C
:10F4700008951F9380918724813059F08DE29FE297
:10F480009F938F930E9431A40F900F9080E01F9163
:10F4900008950E944699182F65E377EB8CE090E081
:10F4A0000E9423720E94AB9B180F65E377EB8CE000
:10F4B00090E00E94237263E070E086EB90E40E948B
:10F4C000297860E573EC80E090E00E9423721123BC
:10F4D000E9F2D4CFEF92FF920F931F9386E49FE25D
:10F4E0000E9449A40E94F79982E69FE29F938F931E
:10F4F0000E9431A40E94C97084EA9CE20E9449A43F
:10F5000061E086EB90E40E94FF9A62E086EB90E473
:10F510000E94FF9A85E79FE20E9449A461E086EB82
:10F5200090E40E94A19A62E086EB90E40E94A19A86
:10F5300000E816E0F801808581701F928F9383E9BF
:10F540009FE29F938F930E9431A461E082E091E457
:10F550000E94459CF090AE40E090AF4061E082E0B8
:10F5600091E40E94459CEF92FF928091AF408F936F
:10F570008091AE408F9381EB9FE29F938F930E9487
:10F5800031A461E086E091E40E94459CF090AE4099
:10F59000E090AF4061E086E091E40E94459CEF92EC
:10F5A000FF928091AF408F938091AE408F9386ED14
:10F5B0009FE29F938F930E9431A463E070E086EBFB
:10F5C00090E40E9429781F928F938BEF9FE29F9384
:10F5D0008F930E9431A48AE190E30E9449A461E0E4
:10F5E00084EB90E40E94FF9A62E084EB90E40E9436
:10F5F000FF9A86E390E30E9449A461E084EB90E4E3
:10F600000E94A19A62E084EB90E40E94A19AF80122
:10F610008085829581701F928F9383E590E39F93FD
:10F620008F930E9431A463E070E084EB90E40E9429
:10F6300029781F928F9380E790E39F938F930E9486
:10F6400031A48DB79EB74E968DBF9EBF80E01F91AF
:10F650000F91FF90EF900895EF92FF920F931F93F9
:10F6600080914B2080FF3BC08EE890E30E9449A42C
:10F6700000E010E0C80101967C0104978D3F9105E0
:10F6800010F48701F7CFC80183709927892B61F4A3
:10F690001F930F9380E29DE29F938F930E9431A46A
:10F6A0000F900F900F900F90B80186EB90E40E949E
:10F6B00029781F928F9382EA90E39F938F930E9401
:10F6C00031A487010F900F900F900F9099E8E916E1
:10F6D00091E0F90679F68FE590E40E9449A48091C3
:10F6E0004B2081FF3BC08AEA90E30E9449A400E0DE
:10F6F00010E0C80101967C0104978D3F910510F43C
:10F700008701F7CFC80183709927892B61F41F9374
:10F710000F9380E29DE29F938F930E9431A40F90FC
:10F720000F900F900F90B80184EB90E40E9429781D
:10F730001F928F9382EA90E39F938F930E9431A44C
:10F7400087010F900F900F900F9098E8E91691E0C5
:10F75000F90679F68FE590E40E9449A480E01F91B4
:10F760000F91FF90EF900895FF920F931F93F82E43
:10F77000192F63E070E00E94297801E025E041E064
:10F7800063E471E08F2D912F0E94189B25E040E0EB
:10F7900063E471E08F2D912F0E94189B80E01F91F0
:10F7A0000F91FF90089586EB90E40E94B47B8DEB5F
:10F7B00090E30E9449A480E008951F9386EB90E4B3
:10F7C0000E94B47B182F65E377EB8CE090E00E94F9
:10F7D000237263E070E086EB90E40E9429786AE18E
:10F7E00071E480E090E00E942372812F1F910895C0
:10F7F0001F9384EB90E40E94B47B182F65E377EBB2
:10F800008CE090E00E94237263E070E084EB90E46F
:10F810000E9429786AE171E480E090E00E942372FE
:10F82000812F1F9108951F936DE371E086EB90E4A3
:10F830000E942978182F6CE371E086EB90E40E9417
:10F8400029788F7190E0982F8827092E000CAA0B39
:10F85000BB0B812BBF93AF939F938F938FEC90E360
:10F860009F938F930E9431A40F900F900F900F9051
:10F870000F900F9080E01F9108951F93EFEFE80F16
:10F88000EE3010F480FD17C08FE39AE29F938F93C0
:10F8900083E59AE29F938F938CE59EE29F938F93EB
:10F8A0000E9431A40F900F900F900F900F900F9027
:10F8B00083E01F91089560E070E0CB01ED3039F0F6
:10F8C000F0E0EE0FFF1FEC55F74D6081718186EB84
:10F8D00090E40E942978182F82958F701F928F9341
:10F8E00080EE90E39F938F930E9431A41F701F922C
:10F8F0001F938AEF90E39F938F930E9431A48DB75B
:10F900009EB708968DBF9EBF80E0D3CFDF92EF9267
:10F91000FF920F931F93CF93DF937C018B01D42E23
:10F9200063E070E00E9429784091004150910141CC
:10F93000A091FE40B091FF401C9283E011968C9301
:10F94000119714968C9314971F711296ED91FC9158
:10F95000139710831296ED91FC91139701831296E1
:10F96000ED91FC911397D282EA011C82F70180810C
:10F970009181EC01E881F981BD01199580E0DF9169
:10F98000CF911F910F91FF90EF90DF9008958F928C
:10F990009F92AF92BF92CF92DF92EF92FF920F931E
:10F9A0001F93CF93DF93CDB7DEB72897CDBFDEBFD0
:10F9B00080915D2590915E25A0915F25B091602595
:10F9C0004091B2255091B3256091B4257091B52531
:10F9D000452B462B472B09F06EC00197A105B105B9
:10F9E00009F054C068E671E086EB90E40E94297843
:10F9F000082F67E671E086EB90E40E942978182FC3
:10FA000066E671E086EB90E40E942978482F437007
:10FA1000812F90E0982F8827A0E0B0E0A42B802BC6
:10FA2000BF93AF939F938F9383E191E39F938F93C2
:10FA30000E9431A465E671E086EB90E40E9429788B
:10FA4000082F64E671E086EB90E40E942978182F75
:10FA500063E671E086EB90E40E942978482F4370BA
:10FA6000812F90E0982F8827A0E0B0E0A42B802B76
:10FA7000BF93AF939F938F9384E291E39F938F9370
:10FA80000E9431A4CDBFDEBF80E005C08BE99EE2BD
:10FA90000E9449A481E02896CDBFDEBFDF91CF91BF
:10FAA0001F910F91FF90EF90DF90CF90BF90AF909C
:10FAB0009F908F9008950197A105B10539F768E1EE
:10FAC00071E086EB90E40E9429788F71B82E811145
:10FAD00002C040E2B42EC090B225D090B325E09091
:10FAE000B425F090B525D701C6010197A109B10948
:10FAF0008F3F9F4FA340B105F0F083E89AE29F93B8
:10FB00008F9389E391E39F938F930E9431A40F9089
:10FB10000F900F900F9081EE9CE29F938F9381E95D
:10FB200091E39F938F930E9431A40F900F900F90B9
:10FB30000F9083E0B0CF1F92BF9282E591E39F9335
:10FB40008F930E9431A462E671E086EB90E40E94FC
:10FB50002978182F082F0295069507701695169587
:10FB6000AB2DB0E0A70196010E9458A169837A836A
:10FB70008B839C83802E912CA12CB12C0F900F9005
:10FB80000F900F90A50194010E9414A16D837E83B4
:10FB90008F839887672B682B692B21F51F920F9312
:10FBA0008BE591E39F938F930E9431A4412F440FE3
:10FBB000440F4C710F900F900F900F90A0E20A9F8E
:10FBC000C0011124482B31C0083039F48BE79AE288
:10FBD0009F938F9384E691E396CF8FEF881A980ACC
:10FBE000A80AB80A082D69817A818B819C81A501B8
:10FBF00094010E9414A16D837E838F839887672B65
:10FC0000682B692B09F71F928F928BE591E39F93E5
:10FC10008F930E9431A4412F440F440F4C710F90D9
:10FC20000F900F900F90083049F662E671E086EB76
:10FC300090E40E94867C202F30E040E050E0698113
:10FC40007A818B819C810E9414A149015A01BF9243
:10FC5000AF929F922F9384E891E39F938F930E949A
:10FC600031A4A5016627772763E671E086EB90E46F
:10FC70000E94867C77276B2D5A2D492D64E671E012
:10FC800086EB90E40E94867C482D65E671E086EB69
:10FC900090E40E94867CA7016627772766E671E0DC
:10FCA00086EB90E40E94867C77276F2D5E2D4D2D8C
:10FCB00067E671E086EB90E40E94867C4C2D68E656
:10FCC00071E086EB90E40E94867C0F900F900F907D
:10FCD0000F900F900F90D8CE2F923F924F925F923D
:10FCE0006F927F928F929F92AF92BF92CF92DF924C
:10FCF000EF92FF920F931F93C090C325D090C4251D
:10FD0000E090C525F090C62580915D2590915E25F7
:10FD1000A0915F25B0916025C114D104E104F104E4
:10FD200009F064C00197A105B10509F059C080919F
:10FD30006E258F3010F480FD24C08FE39AE29F93EC
:10FD40008F9383E59AE29F938F938CE59EE29F9336
:10FD50008F930E9431A40F900F900F900F900F90EF
:10FD60000F9081EE9CE29F938F938CEA91E39F9397
:10FD70008F930E9431A40F900F900F900F9083E00B
:10FD80001EC0EFEFE80F8E3039F0F0E0EE0FFF1FEE
:10FD9000EB5DF54DC080D180B60186EB90E40E940A
:10FDA00029788F711F928F9384EC91E39F938F93A7
:10FDB0000E9431A40F900F900F900F9080E01F9140
:10FDC0000F91FF90EF90DF90CF90BF90AF909F90FA
:10FDD0008F907F906F905F904F903F902F900895FD
:10FDE0008BE99EE20E9449A481E0E9CF0197A10539
:10FDF000B105B1F790916E259F3008F09ECF90FF2E
:10FE00009CCF8FEF890F412C512C3201812C912CEA
:10FE100054019E3069F090E0880F991FFC01EB5D62
:10FE2000F54D808091808453964DFC014080518037
:10FE3000F1E2CF16D104E104F10478F083E89AE20C
:10FE40009F938F938EE991E39F938F930E9431A4A8
:10FE50000F900F900F900F9084CF8401120181E0DA
:10FE6000C816D104E104F10459F5B40186EB90E41D
:10FE70000E9429788074B4018832D0F086EB90E437
:10FE80000E942978482F4C7F4160B20186EB90E4B4
:10FE90000E94867CB80186EB90E40E942978807EDF
:10FEA000482F4C29B80186EB90E40E94867C86CFCF
:10FEB00086EB90E40E942978482F4C7F4260E5CF82
:10FEC000E0E2CE16D104E104F10419F4C12CD12CE6
:10FED0007601B10186EB90E40E942978482F4C7F8F
:10FEE000B101D4CFCF92DF92EF92FF921F93C090D7
:10FEF000D425D090D525E090D625F090D7258091B7
:10FF00005D2590915E25A0915F25B0916025C1147B
:10FF1000D104E104F10459F50197A105B10509F5F2
:10FF20006BE371E086EB90E40E942978182F6AE376
:10FF300071E086EB90E40E9429788F708F931F9375
:10FF40008DEB91E39F938F930E9431A40F900F90BC
:10FF50000F900F9080E01F91FF90EF90DF90CF9077
:10FF600008958BE99EE20E9449A481E0F4CF0197B5
:10FF7000A105B105B1F7D701C6010897A109B109DB
:10FF8000883F9F41A105B105D8F083E89AE29F938D
:10FF90008F9381ED91E39F938F930E9431A481EE23
:10FFA0009CE29F938F9381EE91E39F938F930E94A6
:10FFB00031A48DB79EB708968DBF9EBF83E0CBCF8F
:10FFC00077276F2D5E2D4D2D6AE371E086EB90E46F
:10FFD0000E94867C4C2D6BE371E086EB90E40E94DE
:10FFE000867CB8CF2F923F924F925F926F927F9212
:10FFF0008F929F92AF92BF92CF92DF92EF92FF9239
:020000021000EC
:100000000F931F93F090F6259090182600912926C3
:1000100080906D268091072690910826A091092650
:10002000B0910A260097A105B105C9F58091E52593
:100030009091E625A091E725B091E8250197A105CB
:10004000B105B1F48F2D0E943D7C182F882309F44F
:10005000BCC081EE9CE29F938F9386E69EE29F93C5
:100060008F930E9431A40F900F900F900F9005C0B6
:100070008BE99EE20E9449A411E0812F1F910F910C
:10008000FF90EF90DF90CF90BF90AF909F908F90B8
:100090007F906F905F904F903F902F9008950197C1
:1000A000A105B10509F078C18091E5259091E6257B
:1000B000A091E725B091E8250197A105B105C1F60A
:1000C000192D602E89EF91E30E9449A48FE292E3FB
:1000D0000E9449A41F92FF9286E892E39F938F9318
:1000E0000E9431A41F929F928EE892E39F938F9378
:1000F0000E9431A41F920F9387E992E39F938F93FD
:100100000E9431A48FEF8F0D2DB73EB7245F3F4F74
:100110002DBF3EBF8E3010F4F0FC16C08FE39AE284
:100120009F938F9383E59AE29F938F938CE59EE252
:100130009F938F930E9431A40F900F900F900F9078
:100140000F900F9013E085CF712CC12CD12C76012C
:10015000212C312C21018D3091F090E09C01220F57
:10016000331FF901EC55F74D20803180255F354D67
:10017000F901C080D1808250964DFC017080F0E181
:10018000F91510F0013178F083E89AE29F938F938C
:100190008FE992E39F938F930E9431A40F900F9069
:1001A0000F900F90CFCF560121E0921210C0013076
:1001B00071F4B60186EB90E40E942978482F4068DC
:1001C000B60186EB90E40E94867C10E056CF63E493
:1001D00071E086EB90E40E942978482F4C7D4160C5
:1001E00063E471E086EB90E40E94867C69E371E051
:1001F00086EB90E40E942978482F4C7F69E371E0F8
:1002000086EB90E40E94867C60E471E086EB90E4EB
:100210000E942978482F497F60E471E086EB90E4E2
:100220000E94867CB50186EB90E40E942978482FD5
:100230004F77B50186EB90E40E94867C63E471E021
:1002400086EB90E40E942978482F406163E471E0D6
:1002500086EB90E40E94867C60E471E086EB90E49B
:100260000E942978482F4E7F60E471E086EB90E48D
:100270000E94867C6EE371E086EB90E40E94297810
:10028000482F437041606EE371E086EB90E40E947A
:10029000867C63E471E086EB90E40E942978482F25
:1002A000406863E471E086EB90E40E94867C30E174
:1002B000931201C010E0003109F4612C412F4295E6
:1002C000407F4629B10186EB90E40E94867C61E480
:1002D00071E086EB90E40E94297801E010E001C013
:1002E000000F7A94EAF7482F402B61E471E086EB27
:1002F00090E40E94867C64E471E086EB90E40E94C6
:1003000029780095402F482364E471E086EB90E45F
:100310000E94867C63E471E086EB90E40E94297879
:10032000182F482F406263E471E086EB90E40E944E
:10033000867C412F4F7D63E471E086EB90E40E9460
:10034000867C63E471E086EB90E40E942978182FA4
:100350001C7F482F436063E471E086EB90E40E94C9
:10036000867C412F426063E471E086EB90E40E945A
:10037000867C69E371E086EB90E40E942978482F3F
:100380004C7F426069E371E086EB90E40E94867CDA
:10039000482D62E471E015CF8BEA92E30E9449A4F4
:1003A00011E057CE3F924F925F926F927F928F9261
:1003B0009F92AF92BF92CF92DF92EF92FF920F93F4
:1003C0001F93CF93DF930F920F92CDB7DEB7F090CC
:1003D000F625D09018260091292680917E269091AE
:1003E0007F26A0918026B09181260097A105B105B6
:1003F000E1F58091E5259091E625A091E725B09162
:10040000E8250197A105B105B1F48F2D0E943D7C2F
:10041000182F882309F4C3C081EE9CE29F938F9329
:1004200086E69EE29F938F930E9431A40F900F90D7
:100430000F900F9005C08BE99EE20E9449A411E045
:10044000812F0F900F90DF91CF911F910F91FF900F
:10045000EF90DF90CF90BF90AF909F908F907F9064
:100460006F905F904F903F9008950197A105B1055F
:1004700009F04FC18091E5259091E625A091E725EF
:10048000B091E8250197A105B105A9F61D2D302EE3
:1004900082EE92E30E9449A486E193E30E9449A47C
:1004A0001F92FF9286E892E39F938F930E9431A45C
:1004B0001F92DF928EE892E39F938F930E9431A464
:1004C0001F920F9387E992E39F938F930E9431A429
:1004D0008FEF8F0DCDBFDEBF8E3010F4F0FC16C055
:1004E0008FE39AE29F938F9383E59AE29F938F9392
:1004F0008CE59EE29F938F930E9431A40F900F9002
:100500000F900F900F900F9013E086CF8D3051F128
:1005100090E0FC01EE0FFF1FDF01AC55B74D4D9091
:100520005C90DF01A55FB54D8D909C908250964DFB
:10053000DC01CC90E453F64DE080F180B0E1BD15D4
:1005400010F00131C8F083E89AE29F938F938FE90E
:1005500092E39F938F930E9431A40F900F900F907E
:100560000F90D2CFE12CF12CC12C812C912C540175
:10057000412C512C3201E2CF89829A8221E0D212A1
:1005800010C0013071F4B40186EB90E40E94297828
:10059000482F4068B40186EB90E40E94867C10E00E
:1005A0004FCF63E471E086EB90E40E942978482FF6
:1005B0004F7D63E471E086EB90E40E94867C69E302
:1005C00071E086EB90E40E942978482F4C7F69E324
:1005D00071E086EB90E40E94867C63E471E086EB38
:1005E00090E40E942978482F406163E471E086EB33
:1005F00090E40E94867CB70186EB90E40E94297803
:10060000482F4C7FB70186EB90E40E94867C61E422
:1006100071E086EB90E40E94297821E030E07901D6
:1006200001C0EE0CCA94EAF7482F4E2961E471E04C
:1006300086EB90E40E94867C30E1D31201C010E08A
:10064000003109F4312C412F4295407F4329B201FA
:1006500086EB90E40E94867C69817A8186EB90E447
:100660000E942978482F4F7769817A8186EB90E440
:100670000E94867C64E471E086EB90E40E94297815
:100680004E2D4095482364E471E086EB90E40E948F
:10069000867C63E471E086EB90E40E942978182F51
:1006A000482F406263E471E086EB90E40E94867C10
:1006B000412F4F7D63E471E086EB90E40E94867CDD
:1006C00064E471E086EB90E40E942978482F4E297B
:1006D00064E471E086EB90E40E94867C63E471E060
:1006E00086EB90E40E942978482F4F7D426063E4B6
:1006F00071E086EB90E40E94867C69E371E086EB12
:1007000090E40E942978482F4C7F426069E371E0B1
:1007100042CF8BEA92E30E9449A411E07DCEEF9292
:10072000FF920F931F938091E5259091E625A0916C
:10073000E725B091E8250197A105B10509F06FC043
:100740000091F62510915C268BE693E30E9449A464
:1007500089E993E30E9449A48FEF800F8E3020F146
:100760008FE39AE29F938F9383E59AE29F938F930F
:100770008EEB9EE29F938F930E9431A40F900F9077
:100780000F900F900F900F9081EE9CE29F938F93AC
:100790008DE094E39F938F930E9431A40F900F906C
:1007A0000F900F9083E030C0EDEFE00F64E071E058
:1007B00080E090E0EC3038F4F0E0EE0FFF1FEA51FB
:1007C000F64D60817181123078F083E89AE29F9350
:1007D0008F9388EE93E39F938F930E9431A40F90A1
:1007E0000F900F900F90D0CF7B0186EB90E40E948A
:1007F000297800FD0EC08E7F412F482BB70186EB74
:1008000090E40E94867C80E01F910F91FF90EF9012
:1008100008958F7B90E4199FA0011124EECF8BE9FE
:100820009EE20E9449A481E0EFCF8F929F92AF9207
:10083000BF92DF92EF92FF920F931F931091A02629
:100840000091B12680918F2690919026A0919126BB
:10085000B09192260197A105B10509F09AC0D02E5A
:100860001F921F9387E294E39F938F930E9431A47A
:10087000412F4170B42E1F924F9384E394E39F93D2
:100880008F930E9431A4E02EF12C1F920F938EE3E0
:1008900094E39F938F930E9431A411508DB79EB71C
:1008A0000C968DBF9EBF1E3010F4B11024C08FE394
:1008B0009AE29F938F9383E59AE29F938F938CE5BF
:1008C0009EE29F938F930E9431A40F900F900F9000
:1008D0000F900F900F9081EE9CE29F938F9383E592
:1008E00094E39F938F930E9431A40F900F900F90E9
:1008F0000F9083E037C060E070E0CB01812C912C39
:1009000054011D3071F0812F90E0880F991FFC0178
:10091000E453F64D80809180855F954DFC016081A8
:100920007181083178F083E89AE29F938F9389E48C
:1009300094E39F938F930E9431A40F900F900F9098
:100940000F90C9CF011118C003E024E043E086EB0B
:1009500090E40E94189B4D2DB40186EB90E40E9418
:10096000867C80E01F910F91FF90EF90DF90BF9009
:10097000AF909F908F900895970183E0220F331FCF
:100980008A95E1F7F22FF760DF2E03E024E040E0E4
:10099000DECF8BE99EE20E9449A481E0E3CFCF92B3
:1009A000DF92EF92FF9280918F2690919026A091F6
:1009B0009126B09192260197A105B10509F07AC060
:1009C0008091A0264091D3265091D4266091D526BF
:1009D0007091D626EFEFE80FEE3010F480FD24C0C2
:1009E0008FE39AE29F938F9383E59AE29F938F938D
:1009F0008CE59EE29F938F930E9431A40F900F90FD
:100A00000F900F900F900F9081EE9CE29F938F9329
:100A100083E594E39F938F930E9431A40F900F90EE
:100A20000F900F9083E041C020E030E0ED3039F0CE
:100A3000F0E0EE0FFF1FEE54F64D20813181DB0117
:100A4000CA019927AA27BB276A017B01E0EFCE22C2
:100A5000DD24EE24FF24CD28CE28CF28D1F0BF936B
:100A6000AF939F938F9385E694E39F938F930E9418
:100A700031A483E89AE29F938F9387E794E39F934F
:100A80008F930E9431A48DB79EB70A968DBF9EBFEB
:100A9000BBCF4061892B8A2B8B2B09F440E0B90135
:100AA00086EB90E40E94867C80E0FF90EF90DF90E0
:100AB000CF9008958BE99EE20E9449A481E0F5CF92
:100AC000EF92FF920F931F93E8EEF6E2068D178DDB
:100AD000F7A4E0A81F930F9381E894E39F938F936B
:100AE0000E9431A4EF92FF9288E994E39F938F9341
:100AF0000E9431A44F2DB80186EB90E40E94867CC1
:100B00008DB79EB708968DBF9EBF80E01F910F9155
:100B1000FF90EF9008950F931F930091872421E099
:100B200020938724892BB1F043E069E371E086EBE1
:100B300090E40E94867C182F8FEA94E39F938F9312
:100B40000E9431A40F900F9000938724812F1F9152
:100B50000F91089542E069E371E086EB90E40E9412
:100B6000867C182F8DEC94E3E9CF80911624909128
:100B700017240C948B850F931F938C0140E860E041
:100B800070E00E94867C40E160E070E0C8010E9455
:100B9000867C40E062E070E0C8010E94867C43E011
:100BA00069E471E0C8010E94867C4BE36FE571E067
:100BB000C8010E94867C80E01F910F910895CF921A
:100BC000DF92EF92FF921F93CF93DF937C0186E039
:100BD000C82EDD24D394B601C7010E942978182FAE
:100BE000482F4860B601C7010E94867C88E0C80E85
:100BF000D11CCEE3CC16C1E0DC0669F74091004180
:100C000050910141A091FE40B091FF401C9283E0C1
:100C100011968C93119714968C9314971296ED91CC
:100C2000FC91139781E080831296ED91FC911397CC
:100C300088E381831296ED91FC9113971F7E1860D3
:100C40001283FA011482E70188819981EC01E8811D
:100C5000F981BD01199591E0811101C090E0892FC2
:100C6000880FDF91CF911F91FF90EF90DF90CF9091
:100C700008950F931F9380919F239091A023A0919B
:100C8000A123B091A223892B8A2B8B2B99F10E944F
:100C90004699082F0E94AB9B182F100F0E9476993F
:100CA000180F0E94419B180F112341F087EE94E327
:100CB0009F938F930E9431A40F900F908091A22355
:100CC0008F938091A1238F938091A0238F93809104
:100CD0009F238F938FEE94E39F938F930E9431A471
:100CE0000F900F900F900F900F900F90812F1F91EA
:100CF0000F91089586EB90E40E94DF85182F84EB16
:100D000090E40E94DF85CFCFCF92DF92EF92FF92E7
:100D10006B017C018DEF94E30E9449A48DE295E381
:100D20000E9449A4D701C6010897A109B109883FCB
:100D30009F41A105B105A0F083E89AE29F938F93AC
:100D40008EE795E39F938F930E9431A40F900F90AD
:100D50000F900F9083E0FF90EF90DF90CF90089579
:100D600077276F2D5E2D4D2D6CE371E086EB90E4BF
:100D70000E94867C4C2D6DE371E086EB90E40E942E
:100D8000867C80E0E8CF1F93CF93DF9300D00F9253
:100D9000CDB7DEB780914B2690914C26A0914D2681
:100DA000B0914E2689839A83AB83BC83892B8A2B8F
:100DB0008B2BD9F40E94137C182F882371F081EEBD
:100DC0009CE29F938F938DE094E39F938F930E9477
:100DD00031A40F900F900F900F90812F2496CDBFCC
:100DE000DEBFDF91CF911F91089569817A818B8158
:100DF0009C810E948486E0CF1F93CF93DF9300D025
:100E00000F92CDB7DEB720914B2630914C26409102
:100E10004D2650914E2629833A834B835C838091E3
:100E2000E5259091E625A091E725B091E825232BB3
:100E3000242B252B29F50197A105B105A1F40E94CA
:100E4000137C182F8823A1F081EE9CE29F938F934F
:100E50008DE094E39F938F930E9431A40F900F90A5
:100E60000F900F9005C08BE99EE20E9449A411E00B
:100E7000812F2496CDBFDEBFDF91CF911F910895C2
:100E80000197A105B10579F769817A818B819C81F0
:100E90000E948486D6CFCF92DF92EF92FF926B01B1
:100EA0007C01D701C6010197A109B1098F3F9F407D
:100EB000A105B105A0F083E89AE29F938F938AE899
:100EC00095E39F938F930E9431A40F900F900F9002
:100ED0000F9083E0FF90EF90DF90CF9008957727F9
:100EE0006F2D5E2D4D2D60E671E086EB90E40E9443
:100EF000867C4C2D61E671E086EB90E40E94867C56
:100F000080E0E8CF1F93CF93DF9300D00F92CDB74F
:100F1000DEB72091A1253091A2254091A3255091C3
:100F2000A42529833A834B835C8380915D2590912E
:100F30005E25A0915F25B0916025232B242B252BC6
:100F400069F50197A105B10519F561E671E086EB38
:100F500090E40E942978182F60E671E086EB90E417
:100F60000E9429788F708F931F938AE995E39F934E
:100F70008F930E9431A40F900F900F900F9010E06C
:100F8000812F2496CDBFDEBFDF91CF911F910895B1
:100F90008BE99EE20E9449A411E0F2CF81309105D5
:100FA000A105B105C1F469817A818B819C810E9480
:100FB0004B87182F112319F381EE9CE29F938F9397
:100FC00081E991E39F938F930E9431A40F900F903A
:100FD0000F900F90D5CF0397A105B105C9F683E017
:100FE0008093872469817A818B819C810E944B87C1
:100FF000182F81E080938724DDCFCF92DF92EF928C
:10100000FF926B017C01D701C6010197A109B109CB
:101010008F3F9F43A105B105A0F083E89AE29F931B
:101020008F938AEA95E39F938F930E9431A40F9048
:101030000F900F900F9083E0FF90EF90DF90CF9094
:10104000089577276F2D5E2D4D2D69E571E086EBB4
:1010500090E40E94867C4C2D6AE571E086EB90E47A
:101060000E94867C80E0E8CF1F93CF93DF9300D06F
:101070000F92CDB7DEB72091902530919125409108
:1010800092255091932529833A834B835C838091E9
:101090005D2590915E25A0915F25B0916025232B61
:1010A000242B252B69F50197A105B10519F56AE5F2
:1010B00071E086EB90E40E942978182F69E571E0D1
:1010C00086EB90E40E9429788F738F931F938AEBAD
:1010D00095E39F938F930E9431A40F900F900F90F0
:1010E0000F9010E0812F2496CDBFDEBFDF91CF910E
:1010F0001F9108958BE99EE20E9449A411E0F2CF6E
:1011000081309105A105B105C1F469817A818B8196
:101110009C810E94FD87182F112319F381EE9CE218
:101120009F938F938AEC95E39F938F930E9431A4B2
:101130000F900F900F900F90D5CF0397A105B10599
:10114000C9F683E08093872469817A818B819C81B1
:101150000E94FD87182F81E080938724DDCFCF92F6
:10116000DF92EF92FF926B017C01D701C6010197DC
:10117000A109B1098F3F9F43A105B105A0F083E804
:101180009AE29F938F9387ED95E39F938F930E94AD
:1011900031A40F900F900F900F9083E0FF90EF908D
:1011A000DF90CF90089577276F2D5E2D4D2D65E54B
:1011B00071E086EB90E40E94867C4C2D66E571E040
:1011C00086EB90E40E94867C80E0E8CF1F93CF936B
:1011D000DF9300D00F92CDB7DEB720917F253091FD
:1011E0008025409181255091822529833A834B8324
:1011F0005C8380915D2590915E25A0915F25B091E3
:101200006025232B242B252B61F50197A105B10522
:1012100011F566E571E086EB90E40E942978182FBD
:1012200065E571E086EB90E40E9429788F931F9327
:1012300084EE95E39F938F930E9431A40F900F90BB
:101240000F900F9010E0812F2496CDBFDEBFDF916D
:10125000CF911F9108958BE99EE20E9449A411E06D
:10126000F2CF81309105A105B105C1F469817A8180
:101270008B819C810E94AF88182F112319F381EE76
:101280009CE29F938F938AEC95E39F938F930E94A8
:1012900031A40F900F900F900F90D5CF0397A10519
:1012A000B105C9F683E08093872469817A818B81B7
:1012B0009C810E94AF88182F81E080938724DDCF26
:1012C000613071F462E871E00E942978869585703A
:1012D000823028F084EF95E30E9449A480E00895CD
:1012E00063E871E0F1CF9F92AF92BF92CF92DF920D
:1012F000EF92FF920F931F93CF93DF9324E02093FD
:10130000A50698E09093A50680E48093A50602E0E8
:101310000093060600938506209386069093850623
:1013200020E2A22EA09285068093860680E8809314
:10133000850665E377EB8CE090E00E9423720093D2
:10134000A5066AE67EE689E190E00E9423728AEDB6
:1013500094E280930C4190930D4137E1C32E39E420
:10136000D32EC092F440D092F54042E0E42E49E4FE
:10137000F42EE092F240F092F3408AE10E94216C58
:1013800080930A4190930B41C092F840D092F9406B
:10139000E092F640F092F7400E94156DB82E409111
:1013A000F8405091F940A091F640B091F7401C925E
:1013B00013E011961C93119714961C931497129690
:1013C000ED91FC91139788E380831296ED91FC9147
:1013D000139711821296ED91FC9113971282EA01F4
:1013E0001C8280910A4190910B41EC01E881F981C6
:1013F000BD0119950E94156D4091F8405091F9403A
:10140000A091F640B091F7401C9211961C93119751
:1014100014961C9314971296ED91FC91139787E004
:1014200080831296ED91FC9113978FE7818312963A
:10143000ED91FC91139780EF8283FA0114828091E1
:101440000A4190910B41EC01E881F981BD011995A8
:101450004091F8405091F940A091F640B091F7408A
:101460001C9211961C93119714961C931497129624
:10147000ED91FC9113976FE0962E90821296ED916C
:10148000FC91139711821296ED91FC9113971282A1
:10149000FA01148280910A4190910B41EC01E8819C
:1014A000F981BD0119954091F8405091F940A09102
:1014B000F640B091F7401C9211961C931197149628
:1014C0001C9314971296ED91FC911397A08212969B
:1014D000ED91FC91139711821296ED91FC91139767
:1014E0009282FA01148280910A4190910B41EC01A1
:1014F000E881F981BD0119958BE795E00E94F26DB5
:10150000182F1B0D65E372E880E090E00E942372C3
:101510000093050665E372E880E090E00E94237284
:101520008DE10E94216C9C0183E02115310599F029
:1015300089E894E280930841909309412093064101
:1015400030930741C092B240D092B340E092B04095
:10155000F092B14080E0180F86E091E40E9492760C
:10156000180F86E091E40E94B376180F80E2809312
:101570006606809365066AE171E480E090E00E946F
:1015800023728CE10E94216C9C0183E021153105BE
:10159000B9F088E894E28093044190930541209348
:1015A00002413093034187E199E48093B2409093E4
:1015B000B34082E099E48093B0409093B14080E0E2
:1015C000180F82E091E40E949276180F82E091E475
:1015D0000E94B376180F80E18093660680936506BB
:1015E0006AE171E480E090E00E94237202E00093DF
:1015F0000606009305066AE171E480E090E00E942F
:10160000237287E1C82E89E4D82EC092FC40D09284
:10161000FD4092E0E92E99E4F92EE092FA40F09232
:10162000FB4087EA9AE28093B8409093B94088E102
:101630000E94216C8093B6409093B740C0920041C5
:10164000D0920141E092FE40F092FF400093860666
:101650006AE171E480E090E00E94237286EB90E4FE
:101660000E94BB85180F89E10E94216C8093B440D1
:101670009093B540C0920041D0920141E092FE406B
:10168000F092FF4080E2809386066AE171E480E098
:1016900090E00E94237284EB90E40E94BB85180FB7
:1016A00061E070E082E091E40E94E374180F01E0D1
:1016B0000093A50680E88093A5060E941079180F74
:1016C00065E176E185E090E00E94237261E086EBBF
:1016D00090E40E946089813071F162E070E082E004
:1016E00091E40E94E374F82E0E941079F80E1F0D09
:1016F00065E176E185E090E00E94237261E086EB8F
:1017000090E40E9460898130B1F00093A6060E94A7
:101710001079180F65E176E185E090E00E94237270
:1017200061E086EB90E40E9460898823E1F08130DB
:1017300029F0180F03C088E08093A60681E090E0AE
:101740000E948B858AE090E00E9443A4812FDF9164
:10175000CF911F910F91FF90EF90DF90CF90BF90AE
:10176000AF909F9008951F5FE9CF0E947389E0EAD0
:10177000F6E094E0958398E0958392E0968320E4E8
:1017800026839093060608950E94B58B882341F026
:1017900087EE94E39F938F930E9431A40F900F9054
:1017A00080E008950E947389882341F087EE94E3D6
:1017B0009F938F930E9431A40F900F9080E0089523
:1017C000809187248093802481E0809387244091B6
:1017D0002724509128246091292470912A24452B94
:1017E000462B472B51F18093A50688E08093A606EF
:1017F00080E88093A5066CE370E080E090E00E94B2
:10180000237261E086EB90E40E946089813041F0B0
:101810000E94107965E176E185E090E00E942372F4
:1018200061E086EB90E40E94FF9A0E94C97080916B
:1018300080248093872480E0089594E09093A50607
:1018400098E09093A5068093A606D5CF8EE296E306
:101850009F938F9383E396E39F938F930E9431A48A
:101860000F900F900F900F9022E040913A206FE080
:1018700086EF94E20C94926AEF92FF920F931F937B
:1018800000E010E086E4E82E86E3F82E802F0E9428
:1018900075501F928F931F930F93FF92EF920E94A8
:1018A00031A40F5F1F4F0F900F900F900F900F906C
:1018B0000F900630110551F780E01F910F91FF90B6
:1018C000EF9008950E943C8C80E00895CF92DF92C3
:1018D000EF92FF920F931F93CF93DF93CDB7DEB7B5
:1018E0002B97CDBFDEBFCE0101960E94564B8E01D5
:1018F0000F5F1F4F6E018CE0C80ED11C8DE8E82EE3
:101900008CE2F82EF80181918F011F928F93FF9244
:10191000EF920E9431A40F900F900F900F900C1532
:101920001D0581F78AE090E00E9443A480E02B9699
:10193000CDBFDEBFDF91CF911F910F91FF90EF9050
:10194000DF90CF9008951F930E94F7998EE296E35F
:101950009F938F9383E396E39F938F930E9431A489
:1019600088E596E39F938F938FE596E39F938F93FC
:101970000E9431A48BE696E39F938F9380E996E3D0
:101980009F938F930E9431A48EE996E39F938F9348
:1019900082EB96E39F938F930E9431A41F9282E083
:1019A0008F931F928CE08F9380EC96E39F938F939D
:1019B0000E9431A48CEC96E30E9449A41F9286E019
:1019C0008F9388ED96E39F938F930E9431A481EECD
:1019D00096E39F938F930E9431A40E94668C182FE8
:1019E00085EF96E39F938F930E9431A40E945C70D1
:1019F000180F82E097E39F938F930E9431A4809108
:101A000093002DB73EB7205E3F4F2DBF3EBF1F92C4
:101A10008F9382E596E39F938F930E9431A481E197
:101A200097E30E9449A40E943C8C0F900F900F9066
:101A30000F90810F1F9108950E94A38C882341F07D
:101A400087EE94E39F938F930E9431A40F900F90A1
:101A500080E008950E94668C80E0089581E0809384
:101A6000872482E091E40E94FA9C86E091E40E943F
:101A7000FA9C63E070E086EB90E40E94297863E0D2
:101A800070E084EB90E40E942978E0EAF6E084E0DC
:101A9000858388E0858382E0868390E496838093C3
:101AA00006060E94074A80E008950E942E8D882332
:101AB00041F087EE94E39F938F930E9431A40F909F
:101AC0000F9080E008951F938CE197E30E9449A452
:101AD0000E942E8D182F882341F083E497E39F9373
:101AE0008F930E9431A40F900F90812F1F91089522
:101AF000CF93DF930F920F92CDB7DEB7AE014F5F5A
:101B00005F4F61E080E092E00E9410438A818F93F2
:101B100089818F938EE597E39F938F930E9431A4E1
:101B2000AE014F5F5F4F62E080E092E00E941043A1
:101B30008A818F9389818F938CE697E39F938F930C
:101B40000E9431A4CDBFDEBF80E00F900F90DF91E7
:101B5000CF910895682F8DE798E20E945D3280E072
:101B600090E008951F920F920FB60F9211240BB6BA
:101B70000F922F933F934F935F936F937F938F9326
:101B80009F93AF93BF93EF93FF938DE798E20E94EB
:101B9000BA30FF91EF91BF91AF919F918F917F915B
:101BA0006F915F914F913F912F910F900BBE0F90CE
:101BB0000FBE0F901F9018951F920F920FB60F92A5
:101BC00011240BB60F922F933F934F935F936F9314
:101BD0007F938F939F93AF93BF93EF93FF9320E0F7
:101BE00040E050E060E070E08DE798E20E9449300C
:101BF000FF91EF91BF91AF919F918F917F916F91E5
:101C00005F914F913F912F910F900BBE0F900FBEA0
:101C10000F901F901895BF92CF92DF92EF92FF9294
:101C20000F931F93CF93DF930F92CDB7DEB78C0145
:101C3000CE0101967C01BC0180E00E94586ED82E36
:101C4000CE2CBF2C882381F0F801108294E0D92E8D
:101C50008D2D0F90DF91CF911F910F91FF90EF90FD
:101C6000DF90CF90BF90089589818A3A69F781E02B
:101C7000F8018083B7010E94586E8981F801818341
:101C8000B70182E00E94586E8981F8018283B70112
:101C900083E00E94586E8981F8018383B70185E053
:101CA0000E94586E8981F8018483158280E1F82EA4
:101CB0006C2D7B2D8F2D0E94586E898181508E3F17
:101CC00020F481E0F8018583C3CFF394F0E6FF129E
:101CD000EFCFBECFEF92FF920F931F93CF93DF937F
:101CE000CDB7DEB72A97CDBFDEBF0E94F799CE01F0
:101CF00001960E940B8E8A87882399F08BEC97E3DC
:101D00009F938F930E9431A40F900F9080E02A96AA
:101D1000CDBFDEBFDF91CF911F910F91FF90EF906C
:101D20000895EA81E1508DEB97E3E43038F4F0E078
:101D3000EE0FFF1FE253F74D808191819F938F93A8
:101D400083E69EE29F938F930E9431A4EB81E15042
:101D50000F900F900F900F908DEB97E3E83038F4D1
:101D6000F0E0EE0FFF1FE254F74D808191819F93C9
:101D70008F9383E69EE29F938F930E9431A48C8180
:101D80001F928F938CEF97E39F938F930E9431A4C0
:101D90002D81CDBFDEBF2F3F19F1AE01495F5F4FEF
:101DA0002B3108F451C0822F6AE10E9408A19111E1
:101DB00001C09AE1822F891B905C98876AE10E949A
:101DC00008A1805C8F8319865F934F9384E098E32A
:101DD0009F938F930E9431A40F900F900F900F90BC
:101DE0008FE098E39F938F930E9431A40F900F9000
:101DF0008E81882369F100E110E08BE1E82E88E311
:101E0000F82EBE01665F7F4F802F0E94586E8A8534
:101E10009FEF980F9E3F70F41F928F931F930F9325
:101E2000FF92EF920E9431A40F900F900F900F90AD
:101E30000F900F900F5F1F4F0036110511F78AE0CA
:101E400090E00E9443A462CF205C2F831886BCCF11
:101E50008DE298E39F938F930E9431A40F900F908F
:101E6000EECFCF93DF93A091F440B091F540609115
:101E7000F2407091F340EB01188291E099831C824B
:101E80001C9292E111969C93119793E014969C9367
:101E900014971296ED91FC911397806880831296A7
:101EA000ED91FC91139711821296ED91FC9113978D
:101EB000128280910C4190910D41EC01E881F981F1
:101EC000AD011995E091F440F091F5400280F38165
:101ED000E02D81819281982789279827DF91CF91E2
:101EE0000895CF93DF934091F4405091F540A09135
:101EF000F240B091F3401C9293E011969C9311979D
:101F000014969C9314971296ED91FC9113978F77EA
:101F100080831296ED91FC91139771831296ED9147
:101F2000FC9113976283EA011C8280910C4190918D
:101F30000D41EC01E881F981BD01DF91CF91199448
:101F4000CF92DF92EF92FF920F931F936BE078E0B6
:101F500081E00E94718F82E398E30E9449A4C12C22
:101F6000D12C7601C39400E010E0980141E050E0EC
:101F700060E070E08BE30E94AA99CC24CA94DC2C28
:101F8000E12CF12C00E010E0980148EE53E060E015
:101F900070E08CE30E94AA998EE60E94318F8C013A
:101FA000812F8695877081112EC08EE398E30E9461
:101FB00049A485E0169507958A95E1F70770011108
:101FC00042C083EA98E30E9449A48FE60E94318FC1
:101FD00090E09F938F938BEC98E39F938F930E9455
:101FE00031A480E70E94318F91709F938F9383EE8D
:101FF00098E39F938F930E9431A48DB79EB7089664
:102000008DBF9EBF13C0813019F48CE598E3CFCF0C
:10201000823019F483E798E3CACF833019F484E857
:1020200098E3C5CF83EA98E30E9449A463E078E08F
:1020300081E00E94718F80E01F910F91FF90EF90DF
:10204000DF90CF9008951F920F938CEB98E39F93AE
:102050008F930E9431A40F900F900F900F90B5CFE7
:10206000CF92DF92EF92FF920F931F936BE078E095
:1020700081E00E94718F8DEF98E30E9449A400E0F7
:1020800010E080E2C82E8DE2D82E92EAE92E90E38D
:10209000F92EC80183709927892B51F41F930F9350
:1020A000DF92CF920E9431A40F900F900F900F906B
:1020B000802F0E94318F9F938F93FF92EF920E9407
:1020C00031A40F5F1F4F0F900F900F900F900137AB
:1020D0001105F9F68AE090E00E9443A463E078E0FD
:1020E00081E00E94718F80E01F910F91FF90EF902F
:1020F000DF90CF9008950F931F936BE078E081E01D
:102100000E94718F0AE312E2F8016081F0E16F9F93
:10211000B001112468608BE00E94718FF801838107
:102120008F9382818F9381818F9380818F938BE0B6
:1021300099E39F938F930E9431A48BE00E94318F8B
:102140009F938F9384E299E39F938F930E9431A48E
:1021500063E078E081E00E94718F8DB79EB70A96A8
:102160008DBF9EBF80E01F910F910895CF92DF92A7
:10217000EF92FF926BE078E081E00E94718FC09057
:102180004B22D0904C22E0904D22F0904E22B6018E
:1021900084E20E94718FB7016770772782E20E9404
:1021A000718F63E078E081E00E94718F80E0FF90A2
:1021B000EF90DF90CF9008952F923F924F925F92D1
:1021C0006F927F928F929F92AF92BF92CF92DF9247
:1021D000EF92FF920F931F93CF93DF93CDB7DEB7AC
:1021E0006497CDBFDEBF6BE078E081E00E94718F25
:1021F00080915F228F9380915E228F9380915D22E8
:102200008F9380915C228F9386E399E39F938F93C2
:102210000E9431A4809170228F9380916F228F93BE
:1022200080916E228F9380916D228F9384ED90E345
:102230009F938F930E9431A4809181228F938091EC
:1022400080228F9380917F228F9380917E228F9323
:1022500088E191E39F938F930E9431A48091922211
:102260008F93809191228F93809190228F93809170
:102270008F228F9383E499E39F938F930E9431A4DD
:102280008091A3228F938091A2228F938091A1228B
:102290008F938091A0228F938FE499E39F938F93E4
:1022A0000E9431A484E08093060698E0909306068D
:1022B00080E180930506909326068093250680E2B0
:1022C0008093250680E4809325068CE599E30E949F
:1022D00049A42091F5223091F6224091F7225091A5
:1022E000F8222D833E834F83588780910623909157
:1022F0000723A0910823B091092389839A83AB8394
:10230000BC8340905C2250905D2260905E22709071
:102310005F22A0908F22B090902220916D22309168
:102320006E2240916F2250917022298B3A8B4B8BF9
:102330005C8B80917E2290917F22A0918022B0912F
:1023400081228D879E87AF87B88B4C97A109B109F1
:10235000CDBFDEBF843E9F4FA740B10520F187E788
:1023600099E39F938F930E9431A40F900F9063E0A5
:1023700078E081E00E94718F80E06496CDBFDEBF7F
:10238000DF91CF911F910F91FF90EF90DF90CF9051
:10239000BF90AF909F908F907F906F905F904F9085
:1023A0003F902F90089589899A89AB89BC890197BC
:1023B000A109B1098F3F9105A105B10518F08FE77B
:1023C00099E3CFCF87E899E341E0A41643E0B40650
:1023D00040F68FE899E359E345165AE4550661043F
:1023E000710408F0BECF69817A818B819C810E9443
:1023F000E99F962E872E382E292E20E030E040E0EF
:102400005EE369877A878B879C8769857A858B8568
:102410009C850E94519F87FD09C089819A81AB816B
:10242000BC8181399140A105B10518F08AE999E391
:1024300098CF3D8184EA99E3303408F092CF49E99E
:1024400044164AE354066104710440F08EEA99E3AD
:102450009F938F930E9431A40F900F9080E00E9471
:10246000318F9C01892B21F023703327232B29F0F6
:1024700068E176E680E00E94718FC12CD12C760154
:10248000C39409E010E020E030E041E050E060E07B
:1024900070E080E00E94AA990EE010E020E030E0B9
:1024A00040E050E0BA0187E00E94AA990EE010E0F7
:1024B00020E030E041E050E060E070E080E00E9429
:1024C000AA9959E945165AE3550661047104C8F002
:1024D00000E010E0980141E050E060E070E08BE146
:1024E0000E94AA99F3E0CF2ED12CE12CF12C0BE025
:1024F00010E020E030E042E050E060E070E08DE28B
:102500002DC08CE448168DE158066104710408F46E
:10251000A1C0C12CD12C7601C39400E010E0980139
:1025200040E050E0BA018BE10E94AA99E3E0CE2E90
:10253000D12CE12CF12C0BE010E020E030E041E068
:1025400050E060E070E08DE20E94AA9900E010E0A7
:10255000980141E050E060E070E08EE20E94AA99AC
:102560008BE1C82ED12CE12CF12C03E010E020E00F
:1025700030E040E050E0BA018CE20E94AA992D813F
:102580003E814F8158853327442755272D833E832D
:102590004F8358879FE3C92ED12CE12CF12C08E002
:1025A00010E020E030E04D815E816F8178858CE223
:1025B0000E94AA9900E010E098014D815E816F8130
:1025C00078858DE20E94AA9927E0C22ED12CE12CB9
:1025D000F12C00E010E0980140E050E0BA018CE2FC
:1025E0000E94AA993FE3C32ED12CE12CF12C08E0E4
:1025F00010E020E030E041E050E060E070E085E293
:102600000E94AA9931E0A316B10409F49AC140E4EA
:10261000A416B10409F48FC108F05FC18CE0A816BC
:10262000B10409F48AC108F05AC0A6E0AA16B104A0
:1026300009F485C108F04CC022E0A216B10409F4E7
:1026400080C141E034E0A316B10409F45AC087EE1A
:1026500099E387CE9AE0491651046104710498F118
:10266000C12CD12C7601C39400E010E0980140E029
:1026700050E0BA018BE10E94AA9963E0C62ED12CEA
:10268000E12CF12C0BE010E020E030E040E050E0E5
:10269000BA018DE20E94AA9900E010E0980140E0A2
:1026A00050E0BA018EE20E94AA9943E0C42ED12CD8
:1026B000E12CF12C0BE010E020E030E043E050E0B2
:1026C00060E070E01CCF85ED99E30E9449A4EDCF56
:1026D00048E0A416B10409F0BACF43E012C050E2BA
:1026E000A516B10409F42FC108F0F0C090E1A916B5
:1026F000B10409F42AC146E0A8E1AA16B10409F020
:10270000A6CF50E060E070E01FE1C12ED12CE12C9B
:10271000F12C06E010E020E030E08BE40E94AA9962
:10272000C12CD12C7601C3940EE010E020E030E003
:102730004DE444164DE154066104710408F00FC1E4
:1027400041E050E060E070E08FE10E94AA99C12C66
:10275000D12C7601CA9404E010E020E030E04989F1
:102760005A896B897C898BE00E94AA9989819A8118
:10277000AB81BC8185369105A105B10508F0F3C098
:10278000A3E0CA2ED12CE12CF12C07E010E020E0D0
:1027900030E040E050E0BA0180E00E94AA9929812F
:1027A0003A814B815C812A3031054105510508F49D
:1027B00014C173E0C72ED12CE12CF12C05E010E000
:1027C00020E030E040E050E0BA0180E00E94AA99A9
:1027D00039E943163AE3530661047104F0F0C12C61
:1027E000D12C7601C39400E010E0980141E050E064
:1027F00060E070E08BE10E94AA9933E0C32ED12CF7
:10280000E12CF12C0BE010E020E030E042E050E061
:1028100060E070E08DE20E94AA996D857E8584E279
:102820000E94718F2D853E854F855889BA01882772
:10283000992782E20E94718F60E070E08BE20E9433
:10284000718F60E070E08AE20E94718FC12CD12C00
:102850007601C39403E010E020E030E041E050E076
:1028600060E070E080E00E94AA9903E010E020E0C0
:1028700030E040E050E0BA0180E00E94AA9903E015
:1028800010E020E030E041E050E060E070E080E007
:102890000E94AA990EE010E020E030E040E050E015
:1028A000BA0180E00E94AA990EE010E020E030E03A
:1028B00041E050E060E070E080E00E94AA9960E1B1
:1028C00077E280E090E00E94237251CD48E0B0E3CF
:1028D000AB16B10409F415CFBACEA11421E0B206AB
:1028E000B1F1B8F440E8A416B10499F158F488E4C1
:1028F000A816B10481F14BE090E6A916B10409F4E1
:1029000000CFA5CE4DE0A0ECAA16B10409F4F9CE93
:102910009ECEA114B2E0BB0601F141E1A11423E077
:10292000B20609F4EECE4FE030E8A31631E0B3066C
:1029300009F4E7CE8CCE49E0E4CE44E0E2CE42E0BA
:10294000E0CE40E0DECE47E0DCCE45E0DACE4EE041
:10295000D8CE4CE0D6CE4AE0D4CE40E1D2CE40E054
:1029600050E0BA01F1CE89819A81AB81BC81855654
:102970009109A109B109F3E0CF2ED12CE12CF12C62
:1029800007E010E020E030E041E050E060E070E07F
:10299000C297A105B105E8F089819A81AB81BC811C
:1029A00087599109A109B109E3E0CE2ED12CE12C80
:1029B000F12C07E010E020E030E042E050E060E081
:1029C00070E0C297A105B10520F043E050E060E05F
:1029D00070E080E00E94AA99ECCE89819A81AB8157
:1029E000BC810597A109B10963E0C62ED12CE12C69
:1029F000F12C05E010E020E030E041E050E060E044
:102A000070E00597A105B10508F4DFCE20E030E0C5
:102A100040E250E499828A823B822C8269817A81E9
:102A20008B819C810E949BA053E0C52ED12CE12C70
:102A3000F12C05E010E020E030E042E050E060E002
:102A400070E087FFC2CE20E030E040E250E499829F
:102A50008A823B822C8269817A818B819C810E944F
:102A6000519F87FFB5CE43E0C42ED12CE12CF12C31
:102A700005E010E020E030E043E050E060E070E08E
:102A8000A4CE0F931F936BE078E081E00E94718FDA
:102A9000E1EBF2E210810181812F0E94318F9F933F
:102AA0008F930F931F9380E09AE39F938F930E94DD
:102AB00031A463E078E081E00E94718F0F900F9065
:102AC0000F900F900F900F9080E01F910F9108953D
:102AD000CF92DF92EF92FF920F931F936BE078E01B
:102AE00081E00E94718F1091C2221F921F938AE190
:102AF0009AE39F938F930E9431A40F900F900F90B1
:102B00000F90123009F494C040F51111C0C0C12CCF
:102B1000D12C7601C39400E010E0980141E050E030
:102B200060E070E08BE10E94AA9906E010E020E0EE
:102B300030E040E050E0BA018CE20E94AA9923E024
:102B4000C22ED12CE12CF12C0BE010E020E030E083
:102B500042E050E060E070E08EC0133009F445C000
:102B6000143009F0B9C0C12CD12C7601C39400E017
:102B700010E0980140E050E0BA018BE10E94AA9970
:102B800007E010E020E030E040E050E0BA018CE2E5
:102B90000E94AA99B3E0CB2ED12CE12CF12C00E0BD
:102BA00010E0980141E050E060E070E08EE20E94A9
:102BB000AA99C12CD12C7601C39406E010E020E044
:102BC00030E041E050E060E070E08CE20E94AA99C1
:102BD00063E078E081E00E94718F80E01F910F91A7
:102BE000FF90EF90DF90CF900895C12CD12C76010B
:102BF000C39400E010E0980140E050E0BA018BE19E
:102C00000E94AA9907E010E020E030E040E050E0A8
:102C1000BA018CE20E94AA99F3E0CF2ED12CE12CCC
:102C2000F12C00E010E0980140E050E0BA01BECF86
:102C3000C12CD12C7601C39400E010E0980140E053
:102C400050E0BA018BE10E94AA9906E010E020E072
:102C500030E040E050E0BA018CE20E94AA9963E0C3
:102C6000C62ED12CE12CF12C0BE010E020E030E05E
:102C700040E050E0BA018DE20E94AA99C12CD12C0B
:102C80007601C39407E010E020E030E09ACFC12C39
:102C9000D12C7601C39400E010E0980140E050E0B0
:102CA000BA018BE10E94AA9906E010E020E030E032
:102CB00040E050E0BA018CE20E94AA9943E0C42EA1
:102CC000D12CE12CF12C0BE010E020E030E041E0D1
:102CD00050E060E070E0CFCF86E29AE30E9449A422
:102CE00077CFEF92FF920F931F9303ED12E2F8015B
:102CF00083818F9382818F9381818F9380818F9342
:102D00008EE59AE39F938F930E9431A484EEE82E80
:102D100082E2F82EF70183818F9382818F938181E4
:102D20008F9380818F938BE694E39F938F930E9480
:102D300031A4F70160817181F80180810E94718F57
:102D40008DB79EB70C968DBF9EBF80E01F910F91EF
:102D5000FF90EF900895AF92BF92CF92DF92EF92E3
:102D6000FF920F931F936BE078E081E00E94718FD8
:102D700085EFA82E82E2B82EF50183818F938281A0
:102D80008F9381818F9380818F9389E69AE39F93BC
:102D90008F930E9431A4F50140815181628173813A
:102DA0009FE3C92ED12CE12CF12C08E010E020E0AB
:102DB00030E08CE20E94AA99F50183818F93828191
:102DC0008F9381818F9380818F938BE79AE39F9379
:102DD0008F930E9431A4F5014081518162817381FA
:102DE00000E010E098018DE20E94AA9963E078E08B
:102DF00081E00E94718F8DB79EB70C968DBF9EBFEC
:102E000080E01F910F91FF90EF90DF90CF90BF90E7
:102E1000AF900895CF92DF92EF92FF920F931F939E
:102E20006BE078E081E00E94718FC0905B23D090CE
:102E30005C23E0905D23F0905E23DD24EE24FF24EC
:102E400000916C2310916D2320916E2330916F239C
:102E5000112722273327409117235091182360917F
:102E6000192370911A23662777278091D3220E9415
:102E7000AA9963E078E081E00E94718F80E01F9161
:102E80000F91FF90EF90DF90CF900895EF92FF9217
:102E90001F936AE176E680E00E94718F65E07DE035
:102EA00080E090E00E94237268E176E680E00E9474
:102EB000718F65E07DE080E090E00E94237282EBFC
:102EC000E82E89E2F82E1EE61150F7017291629108
:102ED0007F01812F0E94718F1111F6CF65E372E897
:102EE00080E090E00E94237268E176E680E00E9434
:102EF000718F65E07DE080E090E00E94237263E0E6
:102F000078E081E00E94718F80E01F91FF90EF9048
:102F10000895CF92DF92EF92FF920F931F936BE091
:102F200078E081E00E94718F8091392381111EC069
:102F3000C12CD12C7601C39401E010E020E030E0F8
:102F400040E050E0BA010E94AA998DE89AE30E94FD
:102F500049A463E078E081E00E94718F80E01F91D6
:102F60000F91FF90EF90DF90CF900895813091F412
:102F7000C12CD12C7601C39401E010E020E030E0B8
:102F800041E050E060E070E080E00E94AA9988E9AA
:102F90009AE3DDCF84EA9AE3DACFCF92DF92EF9221
:102FA000FF920F931F936BE078E081E00E94718F96
:102FB00080914A2381111DC0C12CD12C7601C3946C
:102FC00000E010E0980140E050E0BA010E94AA99A8
:102FD0008BEC9AE30E9449A463E078E081E00E94D0
:102FE000718F80E01F910F91FF90EF90DF90CF9055
:102FF0000895813089F4C12CD12C7601C39400E06E
:1030000010E0980141E050E060E070E080E00E9454
:10301000AA9988ED9AE3DECF86EE9AE3DBCFCF92D2
:10302000DF92EF92FF920F931F936BE078E081E0C5
:103030000E94718F80918E2381111EC0C12CD12CD2
:103040007601C3940EE010E020E030E040E050E074
:10305000BA010E94AA9982E19BE30E9449A463E01D
:1030600078E081E00E94718F80E01F910F91FF90C6
:10307000EF90DF90CF900895813091F4C12CD12C46
:103080007601C3940EE010E020E030E041E050E033
:1030900060E070E080E00E94AA9981E29BE3DDCFCE
:1030A0008FE29BE3DACFBC01643581E0780750F111
:1030B0006B3581E0780790F0FB01EB55F140EE3283
:1030C000F10508F008958827E456F5458F4F0C94D4
:1030D00036A143E386EB90E40C94867C9B01245557
:1030E0003140922F81E001C0880F2A95EAF7282FFE
:1030F0002A72211149C08571811148C041E496307E
:1031000049F30895FB01FA95E435F10508F042C052
:103110008827E653F5458F4F0C9436A140ECDACF63
:103120004BE1D8CF4AEAD6CF45E1D4CF4DEBD2CF51
:103130004FE1D0CF41E5CECF44E4CCCF4BE3CACF73
:103140004AE0C8CF4EE1C6CF46E1C4CF48E1C2CF86
:103150004FE7C0CF4EE5BECF46E0BCCF40E8BACF88
:1031600049E0B8CF43E0B6CF4DE0B4CF42E0B2CFB4
:1031700045E5B0CF42EBAECF48E2ACCF48E8AACFAE
:1031800048E0A8CF40E5A6CF40E0A4CF41E0A2CFE1
:1031900040E1A0CF0895BC016B3581E07807A0F530
:1031A000643581E07807D8F4FB01FA95E435F10540
:1031B00008F06BC08827E25EF4458F4F0C9436A16F
:1031C00048E184EB90E40C94867C8827EE58F44523
:1031D0008F4F0C9436A14BE3F4CF4EE1F2CF9B011D
:1031E00024553140922F81E001C0880F2A95EAF7DB
:1031F000282F2A72211147C0857141E08111E1CF4A
:1032000045E09630F1F20895FB01EB55F140EE32C6
:10321000F105D8F2089546E1D4CF40ECD2CF4FE784
:10322000D0CF44E0CECF44EACCCF43E0CACF49E58B
:10323000C8CF4FE1C6CF4DEBC4CF4BE1C2CF4AEA76
:10324000C0CF42E0BECF4AE0BCCF45E1BACF43E3B6
:10325000B8CF46E0B6CF40E5B4CF4DE5B2CF40E8B9
:10326000B0CF49E0AECF4FE0ACCF41E2AACF45E5C9
:10327000A8CF42EBA6CF48E0A4CF48E8A2CF40E1D8
:10328000A0CF4DE09ECF40E09CCF0895CF93DF9339
:10329000C0E0D1E0CE010E9453982196C63681E06D
:1032A000D807C1F785E491E00E94539881E791E047
:1032B0000E94539882E791E00E94539884E791E03E
:1032C0000E9453988CE791E00E9453988DE791E01B
:1032D0000E945398CE010E9453982196C93881E0EC
:1032E000D807C1F780E0DF91CF910895CF93DF93A6
:1032F00084E791E00E94CB98C0E0D1E0CE010E942B
:10330000CB982196C63681E0D807C1F785E491E0D5
:103310000E94CB9881E791E00E94CB9882E791E0F0
:103320000E94CB9884E791E00E94CB988CE791E0D3
:103330000E94CB988DE791E00E94CB98CE010E942D
:10334000CB982196C93881E0D807C1F780E0DF919A
:10335000CF9108954F925F926F927F928F929F923A
:10336000AF92BF92CF92DF92EF92FF920F931F9393
:10337000CF93C82F2A013B01460157010E94318F8C
:10338000A0E0B0E075016401002E04C0CC0CDD1C8F
:10339000EE1CFF1C0A94D2F7C094D094E094F094F1
:1033A000C822D922EA22FB2284209520A620B72019
:1033B000C501B40104C0660F771F881F991F0A95C5
:1033C000D2F76C297D298E299F298C2FCF911F91AF
:1033D0000F91FF90EF90DF90CF90BF90AF909F90B4
:1033E0008F907F906F905F904F900C94718FCF93E0
:1033F000DF9300D000D0CDB7DEB788EB90E4892B07
:1034000009F496C0CE0101960E940B8EE0918224B1
:10341000882309F1E230B1F480918424843048F4A7
:1034200080918324883009F483C08150833008F46C
:103430007FC085E49FE32696CDBFDEBFDF91CF91AD
:103440000C9449A4E130A9F780918424883088F74E
:1034500080918324EACF8A818E1741F1E1502DEBD0
:1034600037E3E43038F4F0E0EE0FFF1FE253F74D9E
:10347000208131818150843008F060C0E82FF0E075
:10348000EE0FFF1FE253F74D808191813F932F9301
:103490009F938F9382E69FE39F938F930E9431A423
:1034A0000F900F900F900F900F900F90EB81A091C5
:1034B0008324EA1741F1A1502DEB37E3A83038F40B
:1034C000B0E0AA0FBB1FA254B74D2D913C91E15023
:1034D0008DEB97E3E83038F4F0E0EE0FFF1FE25495
:1034E000F74D808191813F932F939F938F938CEB26
:1034F0009FE39F938F930E9431A40F900F900F90A2
:103500000F900F900F908C8190918424891781F0F7
:103510001F929F931F928F9380E190E49F938F93CC
:103520000E9431A40F900F900F900F900F900F906A
:103530002696CDBFDEBFDF91CF9108958DEB97E347
:10354000A5CFFF920F931F93CF93DF93182FD92FFF
:10355000062FC62FC170862F8270F82EC1111EC093
:10356000882309F447C063E871E0812F9D2F0E94F2
:10357000297890E09595879582709927C80F41E04A
:1035800063E871E0812F9D2F0E94867C40E063E814
:1035900071E0812F9D2F0E94867C18C062E871E047
:1035A000812F0E94297882FBCC27C0F941E062E894
:1035B00071E0812F9D2F0E94867C40E062E871E0DF
:1035C000812F9D2F0E94867CF110CDCFCC2391F0CE
:1035D0001F920F9381E690E49F938F930E9431A4F2
:1035E0000F900F900F900F90DF91CF911F910F913F
:1035F000FF9008951F920F9389E790E4EDCFCF934A
:10360000C62F0E946089813071F41F92CF9380E9A8
:1036100090E49F938F930E9431A40F900F900F908E
:103620000F90CF9108951F92CF938EE990E4F1CF40
:10363000DF92EF92FF920F931F93CF93DF93182F98
:10364000D92F7B01C42FD22E0E942978E02F0D2C78
:1036500001C0EE0F0A94EAF7E095E823C0234C2F4F
:1036600001C0440FDA94EAF74E2BB701812F9D2F4A
:10367000DF91CF911F910F91FF90EF90DF900C940D
:10368000867C0F9363E070E084EB90E40E942978DD
:1036900049E563E471E084EB90E40E94867C40E0BD
:1036A00069E371E084EB90E40E94867C8AE391E018
:1036B0000E94CB988BE391E00E94CB9840E060E4BD
:1036C00071E084EB90E40E94867C49ED63E471E054
:1036D00084EB90E40E94867C40E064E471E084EB3B
:1036E00090E40E94867C49EF63E471E084EB90E40F
:1036F0000E94867C49ED63E471E084EB90E40E94D3
:10370000867C4FEF64E471E084EB90E40E94867C59
:1037100049E563E471E084EB90E40E94867C83E4F5
:1037200091E00E94CB9880E491E00E94CB9889E3DD
:1037300091E00E94CB9801E025E041E063E471E074
:1037400084EB90E40E94189B83E491E00E94CB9864
:1037500080E00F9108950F9363E070E086EB90E4B2
:103760000E94297841E563E471E086EB90E40E94D1
:10377000867C41E069E371E086EB90E40E94867C00
:1037800040E060E471E086EB90E40E94867C41EDCD
:1037900063E471E086EB90E40E94867C65E07DE066
:1037A00080E090E00E94237240E064E471E086EBE8
:1037B00090E40E94867C65E07DE080E090E00E94DD
:1037C000237241EF63E471E086EB90E40E94867C13
:1037D0006AE171E480E090E00E94237241ED63E4CD
:1037E00071E086EB90E40E94867C4FEF64E471E028
:1037F00086EB90E40E94867C41E563E471E086EB11
:1038000090E40E94867C83E491E00E94539889E3CF
:1038100091E00E9453986AE171E480E090E00E9498
:10382000237280E491E00E94539801E025E041E09A
:1038300063E471E086EB90E40E94189B83E491E0DE
:103840000E94539880E00F91089562E00E94AE724A
:10385000880F892F881F990B91958770992721E0F0
:1038600030E0A90102C0440F551F8A95E2F7CA0152
:103870009F934F938AE394E39F938F930E9431A485
:103880000F900F900F900F900895AF92BF92CF922C
:10389000DF92EF92FF920F931F93CF93DF935C0120
:1038A000F62E0FEF1FEF20E040E150E065E00E94B0
:1038B000DC73D50112964D915C91A091B240B0910C
:1038C000B340E091B040F091B140108282E081833A
:1038D0008483828193812F2D2695EC012883228178
:1038E0003381EA0188818770D0E8FD9EB001112400
:1038F000682BE90169831C9282E111968C931197E0
:1039000083E014968C93149712968D919C91139743
:1039100022813381E9012881EC01288312968D915F
:103920009C91139722813381E9012981EC0129833C
:1039300012960D90BC91A02D0280F381E02D818123
:1039400012968C93F501808191814091B240509103
:10395000B3406091B0407091B140DC01ED91FC91B9
:103960001995E090B240F090B340E701EA81FB8105
:10397000808190E0982F8827990F218130E0220FD5
:10398000331F822B932B2281221F2227221F822B5F
:103990008093AE409093AF401282EA81FB819C01FC
:1039A000220F232F221F330B31952795222727958E
:1039B0002183EA81FB819083C090B040D090B140D8
:1039C00020E040E250E065E0C5010E94DC73E09237
:1039D000B240F092B340C092B040D092B140DF917B
:1039E000CF911F910F91FF90EF90DF90CF90BF90FC
:1039F000AF9008950F931F93CF93DF93D82FC92FC4
:103A00000FEF1FEF20E041E050E061E00E94DC7327
:103A100020E040E250E064E08D2F9C2F0E94DC7398
:103A2000DF91CF911F910F9108950F92CDB7DEB71F
:103A300019828FE698E2809322499093234987E088
:103A400099E48093194990931A4982EF98E48093FE
:103A50000449909305498091500082608093500002
:103A60008091510081FFFCCF88ED84BFEE24E39468
:103A7000E092400007E00093A200F89484BFE09237
:103A8000960061E083EC9AE20E940824182F66E019
:103A900082EA94E20E940B25180F23EF31E041E007
:103AA00050E06AEE76E48EED98E40E94ED502BED46
:103AB00035E041E050E06EE071E488EE98E40E9469
:103AC000ED5061E08DE798E20E94ED30D82E61E084
:103AD0008AE894E20E945719F82E0093A200909170
:103AE000A20090689093A20078940E94AF498AE067
:103AF0000E94464920E148E061E080E092E00E94B7
:103B0000664220E149E062E080E092E00E94664285
:103B100000E10093A10690E29093A106E0922206B4
:103B200042E0409322064093610600938206909300
:103B3000810620E42093810660E860938106E0928C
:103B4000610654E05093610600936106909361060C
:103B5000609361062093610638E030936206E0923C
:103B60008206409381065093810630938106E0924D
:103B7000A1066093A1064093A1065093A10630933D
:103B8000A1062093A10640930106609301062093AD
:103B90000106209306069093010690930606309343
:103BA000210600932106909321062093210650932D
:103BB000010630930106009301068981180F1F0D3D
:103BC0001D0D1983A8950093A1069093A10600935B
:103BD000A5069093A606A8950E9473899981980FCF
:103BE0009983A8950093A60616E065E176E185E045
:103BF00090E00E9423720093A70611501111F5CF97
:103C00000093A60680E28093A60616E000E265E136
:103C100076E185E090E00E9423720093A7061150A0
:103C20001111F5CF0093A606A8950E94A38C898355
:103C3000882361F01F928F938AE797E39F938F9376
:103C40000E9431A40F900F900F900F908DEE9AE28A
:103C50009F938F930E9431A419820E94DD7B0E9462
:103C6000DD7B0E94DD7B0F900F9083E0F82E9FE0BC
:103C7000E92E21E1C22E30E1D32EA89588EE98E4FA
:103C80000E947851892B09F486C08E010F5F1F4F67
:103C90002FE046EF54E26EED78E488EE98E40E945F
:103CA0002E598150803178F422E040E06FE086EFB9
:103CB00094E20E94926A8DEE9AE29F938F930E9403
:103CC00031A40F900F90F0925D2510925E25109216
:103CD0005F2510926025E0926E2510926F2510925C
:103CE000702510927125F092E5251092E62510922C
:103CF000E7251092E825E092F6251092F72510921C
:103D0000F8251092F9251092182610921926109273
:103D10001A2610921B261092292610922A261092FB
:103D20002B2610922C2610925C2610925D26109263
:103D30005E2610925F26F092F5261092F6261092DB
:103D4000F7261092F826F0928F2610929026109265
:103D5000912610929226E092A0261092A12610920F
:103D6000A2261092A326C092B1261092B2261092DB
:103D7000B3261092B426C092D3261092D426109265
:103D8000D5261092D6261092392710923A271092F3
:103D90003B2710923C27898181110AC080918806B7
:103DA00080FF03C0D092A60668CFD092A50665CF4B
:103DB0000E94B58B8DE897E30E9449A4898190E029
:103DC0000F9008954091CA01E62FF72F8093CA0102
:103DD00084914093CA0108955058BB27AA270ED05A
:103DE00070C161D130F066D120F031F49F3F11F401
:103DF0001EF456C10EF4E095E7FB4CC1E92F72D1D9
:103E000080F3BA17620773078407950718F071F4F7
:103E10009EF58AC10EF4E0950B2EBA2FA02D0B0152
:103E2000B90190010C01CA01A0011124FF27591BFF
:103E300099F0593F50F4503E68F11A16F040A22F05
:103E4000232F342F4427585FF3CF46953795279576
:103E5000A795F0405395C9F77EF41F16BA0B620B75
:103E6000730B840BBAF09150A1F0FF0FBB1F661FBC
:103E7000771F881FC2F70EC0BA0F621F731F841FFF
:103E800048F4879577956795B795F7959E3F08F025
:103E9000B3CF9395880F08F09927EE0F97958795E4
:103EA0000895D4D008F481E008950CD00AC102D15D
:103EB00040F0F9D030F021F45F3F19F0EBC0511120
:103EC00034C1EEC00FD198F39923C9F35523B1F350
:103ED000951B550BBB27AA2762177307840738F079
:103EE0009F5F5F4F220F331F441FAA1FA9F333D0D8
:103EF0000E2E3AF0E0E830D091505040E695001C8C
:103F0000CAF729D0FE2F27D0660F771F881FBB1F47
:103F1000261737074807AB07B0E809F0BB0B802D21
:103F2000BF01FF2793585F4F2AF09E3F510568F06D
:103F3000B1C0FBC05F3FECF3983EDCF3869577950C
:103F40006795B795F7959F5FC9F7880F911D96956F
:103F5000879597F90895E1E0660F771F881FBB1FCB
:103F6000621773078407BA0720F0621B730B840B78
:103F7000BA0BEE1F88F7E0950895BCD088F09F57E4
:103F800090F0B92F9927B751A0F0D1F0660F771FA5
:103F9000881F991F1AF0BA95C9F712C0B13081F085
:103FA000C3D0B1E00895C0C0672F782F8827B85FCD
:103FB00039F0B93FCCF3869577956795B395D9F7E6
:103FC0003EF490958095709561957F4F8F4F9F4FF0
:103FD0000895E89409C097FB3EF4909580957095FC
:103FE00061957F4F8F4F9F4F9923A9F0F92F96E945
:103FF000BB279395F695879577956795B795F111BA
:10400000F8CFFAF4BB0F11F460FF1BC06F5F7F4F56
:104010008F4F9F4F16C0882311F096E911C0772368
:1040200021F09EE8872F762F05C0662371F096E871
:10403000862F70E060E02AF09A95660F771F881F40
:10404000DAF7880F9695879597F90895990F0008E4
:10405000550FAA0BE0E8FEEF16161706E807F9075A
:10406000C0F012161306E407F50798F0621B730BF5
:10407000840B950B39F40A2661F0232B242B252B76
:1040800021F408950A2609F4A140A6958FEF811D19
:10409000811D089597F99F6780E870E060E00895BA
:1040A0009FEF80EC089500240A9416161706180650
:1040B0000906089500240A9412161306140605062C
:1040C0000895092E0394000C11F4882352F0BB0FBD
:1040D00040F4BF2B11F460FF04C06F5F7F4F8F4F20
:1040E0009F4F089557FD9058440F551F59F05F3F5B
:1040F00071F04795880F97FB991F61F09F3F79F00A
:1041000087950895121613061406551FF2CF46958B
:10411000F1DF08C0161617061806991FF1CF86950D
:104120007105610508940895E894BB2766277727F1
:10413000CB0197F908958ADF08F48FEF08950BD02B
:10414000C0CFB1DF28F0B6DF18F0952309F0A2CF79
:10415000A7CF1124EACFC6DFA0F3959FD1F3950F27
:1041600050E0551F629FF001729FBB27F00DB11DFB
:10417000639FAA27F00DB11DAA1F649F6627B00D8B
:10418000A11D661F829F2227B00DA11D621F739F74
:10419000B00DA11D621F839FA00D611D221F749F82
:1041A0003327A00D611D231F849F600D211D822FC9
:1041B000762F6A2F11249F5750408AF0E1F0882310
:1041C0004AF0EE0FFF1FBB1F661F771F881F91501D
:1041D0005040A9F79E3F510570F05CCFA6CF5F3FDE
:1041E000ECF3983EDCF3869577956795B795F79550
:1041F000E7959F5FC1F7FE2B880F911D96958795D8
:1042000097F908951BBEFC0128ED24BF6083089533
:10421000991B79E004C0991F961708F0961B881F18
:104220007A95C9F780950895A1E21A2EAA1BBB1BA7
:10423000FD010DC0AA1FBB1FEE1FFF1FA217B30772
:10424000E407F50720F0A21BB30BE40BF50B661F88
:10425000771F881F991F1A9469F76095709580954C
:1042600090959B01AC01BD01CF010895EE0FFF1F9A
:10427000881F8BBF0790F691E02D19940E9448A1EA
:104280008F93892F0E9448A199270F90800D089540
:10429000082E817006940694811D0694811D069453
:1042A000811D0694811D0694811D0694801D08952C
:1042B0000E94E2A2A59F900DB49F900DA49F800D37
:1042C000911D11240895DF93CF931F930F939A9D0F
:1042D000F02D219FF00D8B9DF00D8A9DE02DF10DAD
:1042E000039FF00D029FE00DF11D4E9DE00DF11DAD
:1042F0005E9DF00D4F9DF00D7F936F93BF92AF9237
:104300005F934F93D5010E94E2A28B01AC01D701CC
:104310000E94E2A2EB01E80FF91FD6010E94B2A1B0
:104320002F913F91D6010E94E2A2C60FD71FE81F2E
:10433000F91FAF91BF910E94B2A12F913F910E94AE
:10434000E2A2C60FD71FE81FF91FD6010E94E2A202
:10435000E60FF71F9801BE01CF010F911F91CF917A
:10436000DF9108950E94E2A2460F571FC81FD91F70
:1043700008F431960895E894DF93CF93FC01DB01B4
:104380000E94E2A27F936F93E9019A01AC01BF936F
:10439000AF933F932F93DF010E94E2A226F46C1BA0
:1043A0007D0B820B930B9E01EB01FC010E94B2A1DD
:1043B000AF91BF912F913F910E94B2A1BE01CF0159
:1043C000F9012F913F91CF91DF910895689401C039
:1043D000E894F92FF12B12F00C941AA2A0E0B0E0AF
:1043E000E4EFF1EA0C948CA2092E059422F40E94C9
:1043F00076A2112392F4F0E80F26FFEFE094F094F8
:1044000000951095B094C094D094A194BF0ACF0A9F
:10441000DF0AEF0AFF0A0F0B1F0B0E9425A207FC01
:104420000E9476A2CDB7DEB7ECE00C94A5A268940A
:1044300001C0E8948F929F92CF93DF930E9425A2B0
:10444000DF91CF919F908F90089588249924F40153
:10445000E401B0E49F93AA279A158B049C04ED0510
:10446000FE05CF05D007A10798F4AD2FDC2FCF2F85
:10447000FE2FE92D982C892E982F872F762F652FC8
:10448000542F432F322F2227B85031F7BF9127C026
:104490001B2EBF91BB27220F331F441F551F661FC2
:1044A000771F881F991F881C991CEE1FFF1FCC1FA8
:1044B000DD1FAA1FBB1F8A149B04EC05FD05CE055A
:1044C000DF05A007B10748F08A189B08EC09FD0931
:1044D000CE09DF09A00BB10B21601A94E1F62EF48E
:1044E0009401AF01BE01CD01000C08956095709557
:1044F0008095909530954095509521953F4F4F4F21
:104500005F4F6F4F7F4F8F4F9F4F08952F923F9276
:104510004F925F926F927F928F929F92AF92BF92D3
:10452000CF92DF92EF92FF920F931F93CF93DF937F
:10453000CDB7DEB7CA1BDB0BCDBFDEBF19942A880F
:10454000398848885F846E847D848C849B84AA84A7
:10455000B984C884DF80EE80FD800C811B81AA8134
:10456000B981CE0FD11DCDBFDEBFED010895002E64
:10457000083090F0982F872F762F652F542F432FD8
:10458000322F22270850F4CF220F331F441F551F0C
:10459000661F771F881F991F0A95B2F7002D08958F
:1045A0002A0D3B1D4C1D5D1D6E1D7F1D801F911F23
:1045B00008952A193B094C095D096E097F09800B92
:1045C000910B0895A29FB001B39FC001A39F700DEE
:1045D000811D1124911DB29F700D811D1124911D0B
:1045E00008950F931F93CF93DF939C01029710F4CC
:1045F00022E030E0E0911C49F0911D4990E080E01C
:10460000B0E0A0E0309791F4009709F445C0821B18
:10461000930B84309105B8F58A819B8161157105F2
:1046200069F1FB0182839383FE0111C040815181B6
:104630000281138142175307F0F04217530799F490
:10464000109761F012960C93129713961C93329662
:10465000CF01DF91CF911F910F91089500931C49D5
:1046600010931D49F4CF009719F04817590718F413
:10467000CA01BD01EF01DF01F801C4CF80931C49DD
:1046800090931D49D1CFFE01E80FF91F219331937B
:10469000029788839983DCCF80911E4990911F49AE
:1046A000892B41F4809193289091942880931E49FE
:1046B00090931F498091912890919228009741F4FE
:1046C0008DB79EB74091952850919628841B950BE5
:1046D00040911E4950911F494817590708F0B8CF1B
:1046E000841B950B8217930708F4B2CFB9016E5F54
:1046F0007F4F8617970708F4ABCF640F751F609341
:104700001E4970931F49FA0121933193A1CFCF9392
:10471000DF939C010097E9F0FC013297128213822B
:10472000C0911C49D0911D49DE0190E080E02097A6
:10473000A1F480819181280F391F80911E499091A9
:104740001F498217930709F067C0E0931E49F09351
:104750001F49DF91CF910895DA01AE17BF0708F026
:1047600041C012964D915C911397CD0141155105B1
:1047700099F7DC011296ED93FC9313974D915D919F
:10478000A40FB51FEA17FB0781F4208131812E5F4A
:104790003F4F240F351FDC012D933C93119722814D
:1047A000338112962D933C931397B0E0A0E08A8159
:1047B0009B810097B1F5FE0181919191E80FF91F5E
:1047C00080911E4990911F498E179F0711F61097EF
:1047D00059F510921C4910921D49C0931E49D0935F
:1047E0001F49B7CFA283B38340815181240F351F66
:1047F000A217B30771F44E5F5F4F2D913C91119753
:10480000240F351F2083318312962D913C912283F2
:104810003383009709F0ADCFE0931C49F0931D4915
:1048200098CFDE01EC01C3CF12961D921C92139714
:10483000D4CFFB01DC014150504048F005900D926F
:104840000020C9F701C01D9241505040E0F7089583
:10485000FB01DC0102C001900D9241505040D8F79D
:104860000895CF93DF93CDB7DEB7FE013696619101
:104870007191AF0180912249909123490E9491A4A6
:10488000DF91CF91089560912249709123490C9452
:10489000D0A90F931F93CF93DF93E0912249F0911A
:1048A0002349238100E010E021FD0EC00FEF1FEF30
:1048B000C801DF91CF911F910F9108951995892B10
:1048C00011F00FEF1FEFCE01EC01899160912249A9
:1048D00070912349DB011896ED91FC918111EECF87
:1048E0008AE01995892B21F3E1CFCF93DF93CDB7E0
:1048F000DEB72E97CDBFDEBF85E08C838C899D8986
:1049000089839A83AE01485E5F4F6E897F89CE01AD
:1049100001960E942EA82E96CDBFDEBFDF91CF91CB
:1049200008952F923F924F925F926F927F928F9253
:104930009F92AF92BF92CF92DF92EF92FF920F932E
:104940001F93CF93DF93CDB7DEB72F97CDBFDEBFD9
:104950007C013B018A01DC0116961D921C9217977F
:1049600013968C9181FFD0C19AE0292EFE013196D9
:104970004F01D70113969C91F30193FD859193FF0D
:1049800081913F01882309F444C1853239F493FDB4
:10499000859193FF81913F01853229F4B70190E021
:1049A0000E94D0A9E6CFB12C412C512CBFE1B51506
:1049B00038F08B3209F188F4803201F1833221F131
:1049C00057FC3AC020ED280F2A3040F556FE1FC094
:1049D000B29C200D1124B22E06C08D3291F080338E
:1049E00079F7689450F8F30193FD859193FF8191D5
:1049F0003F018111DBCF20C0689451F8689452F8D0
:104A0000F2CF689453F8EFCF689454F8ECCF429CFF
:104A1000200D1124422E689455F8E5CF8E3229F4EA
:104A200056FCF7C0689456F8DECF8C3619F46894BB
:104A300057F8D9CF8836B9F2982F9F7D9554933087
:104A4000C0F0833681F18337A1F1833509F05BC073
:104A5000D801CD90DD908D016B2D70E056FC02C029
:104A60006FEF7FEFC6010E947CA95C01689457F844
:104A70000AC00C5F1F4FEFE3E983AA24A394B12C73
:104A80006401E89457F853FE29C0342CA114B104F2
:104A900051F5332009F46DCFB70180E290E00E9418
:104AA000D0A93A94F6CFD8018C9189830E5F1F4F1D
:104AB000E4CFF801C190D1908F016B2D70E056FCCE
:104AC00002C06FEF7FEFC6010E9487A95C01D9CFBA
:104AD000B70180E290E00E94D0A94A944A141B04D6
:104AE00009F0B0F7D2CFF60157FC859157FE8191BE
:104AF0006F01B70190E00E94D0A931103A94B1E063
:104B0000AB1AB108C3CF843619F0893609F071C0E9
:104B1000F80157FE67C061917191819191918F0168
:104B2000E52DEF76DE2E97FF09C090958095709564
:104B300061957F4F8F4F9F4F6894D7F82AE030E000
:104B4000A4010E9418AAC82EC818AC2C5D2CD6FE51
:104B50000CC0E89450F8CB1440F4D4FE05C0D2FC4D
:104B600003C05D2D5E7E552EAB2C54FEA5C0FE010C
:104B7000EC0DF11D8081803309F097C0652D697EB1
:104B8000562E752D7870372E53FCA5C050FE9FC051
:104B9000BC2CA41410F4B40CBA1854FEA2C0B70173
:104BA00080E390E00E94D0A952FE07C088E751FC44
:104BB00088E590E0B7010E94D0A9CB1408F49DC00D
:104BC000CA94D12C8FEFC81AD80AC80CD91CD601A8
:104BD0008E916D01B70190E00E94D0A98C149D04C4
:104BE000B1F757CF61917191072E000C880B990B8B
:104BF00096CFD52CE894D4F82AE08537B9F1F52D75
:104C0000F97FDF2E803731F1E8F4883531F18F36C6
:104C100061F1F701868197812F96CDBFDEBFDF91CD
:104C2000CF911F910F91FF90EF90DF90CF90BF90A9
:104C3000AF909F908F907F906F905F904F903F903C
:104C40002F900895883729F7D4FE02C06894D2F8CF
:104C500020E10CC06894D4F8F7CF54FE03C02F2F86
:104C60002660D22E20E132E002C028E030E0F801D8
:104C7000D7FE15C041915191619171914C875D872B
:104C80006E877F878F01A4016C857D858E859F85CA
:104C90000E9418AAC82EC818E894D7F856CF819158
:104CA0009191AC0170E060E0E9CF52FC02C0A394A6
:104CB00068CFA394A39465CF852D867809F461CF3E
:104CC000F6CFB70180E290E00E94D0A9A394A4148B
:104CD000C0F3312C62CF342C3A18A41408F45DCF01
:104CE000F8CF852D867809F468CF8BE251FE80E2FB
:104CF00057FC8DE2B70190E05ECFB70180E390E012
:104D00000E94D0A9BA9459CF8FEF9FEF85CFFC01B5
:104D1000CA01DB0120FD08C023FD05C022FF02C03F
:104D2000B383A283918380830895CF92DF92EF9221
:104D3000FF92CF93DF9300D00F92CDB7DEB76B0118
:104D40007C0183E044FD10C084E046FD0DC0D60127
:104D5000F701AA0FBB1FEE1FFF1F1094D1F7CA0E59
:104D6000DB1EEE1EFF1E81E0CC0CDD1CEE1CFF1CCA
:104D70008150D1F7D701C601820F911DA11DB11D30
:104D8000BC01CD012496CDBFDEBFDF91CF91FF9056
:104D9000EF90DF90CF9008950F931F93CF93DF9301
:104DA0008C01C8010E9492A9EC0197FD08C00E94E5
:104DB00068A9892BB1F7B801CE010E9400AACE01E3
:104DC000DF91CF911F910F910895AF92BF92CF9233
:104DD000DF92EF92FF920F931F93CF93DF938C019B
:104DE000C62F5A01F22E0E9492A9FC019927EB329C
:104DF00021F08D97B1F46894F7F8C15061F480E028
:104E0000DF91CF911F910F91FF90EF90DF90CF90A6
:104E1000BF90AF900895C8010E9492A9FC0197FD30
:104E2000EECFDF2DDD7F8F2D807309F5E033F9F4B0
:104E3000EE24EA94EC0EC13091F0C8010E9492A9D0
:104E4000FC0197FD0CC08F7D883569F4D264C25097
:104E500031F0C8010E9492A9FC0197FF08C0C12C43
:104E6000D12C76011CC0F6FE2CC0D260CE2DC12CF8
:104E7000D12C760120ED2E0F283030F1D4FD09C061
:104E80002A3010F1D6FF05C02F7D8FEE820F8630BD
:104E9000D0F0B801CF010E9400AAD1FFB0CFD7FF58
:104EA00008C0F094E094D094C094C11CD11CE11CC3
:104EB000F11C2D2FB701A601C5010E9487A681E034
:104EC0009FCFD261D3CF27504D2FC701B6010E948B
:104ED00095A66B017C01D260C15009F3C8010E9404
:104EE00092A9FC0197FFC6CFDACF8F929F92AF9223
:104EF000BF92CF92DF92EF92FF920F931F93CF93C7
:104F0000DF93CDB7DEB7A097CDBFDEBF6C01962E85
:104F10007A01CE0101965C0180E2F50111928A9539
:104F2000E9F7F6018380890150E040E0B0E020E03D
:104F3000A0E061E070E0F80183FC959183FE91911F
:104F4000892F8F01911113C010E000E0C801A096D5
:104F5000CDBFDEBFDF91CF911F910F91FF90EF90FA
:104F6000DF90CF90BF90AF909F908F9008959E3527
:104F700019F44115510531F1A4171506ECF49D35CE
:104F800049F19D32C9F4222309F1982F96959695FF
:104F90009695F501E90FF11D982F97709B0101C0BF
:104FA000220F9A95EAF79081922B90838B1781F0CC
:104FB0008B1730F48F5FE9CF2111E7CFB92FE5CF01
:104FC0008150E3CFA1E04F5F5F4FB5CF21E0FBCF32
:104FD00020E0F9CF222319F08E8180628E83AA23EC
:104FE00061F0F5019E012F5D3F4F8081DF01319619
:104FF00080958C93E217F307C1F788248394C60148
:105000000E9492A997FD16C0282F269526952695D1
:10501000F501E20FF11D208130E0AC01477055270A
:1050200002C0359527954A95E2F720FD06C0B601E6
:105030000E9400AA882059F087CFE114F10419F0EA
:10504000F70181937F019A94812C9110D8CFE114BC
:10505000F10409F47BCFF701108278CF6F927F9231
:105060008F929F92AF92BF92CF92DF92EF92FF9278
:105070000F931F93CF93DF9300D000D0CDB7DEB74F
:105080005C016D837E83742E652EDC0116961D9265
:105090001C921797C12CD5011396FC90ED81FE81CF
:1050A000F3FC8591F3FE8191182FED83FE83882315
:1050B000F9F090E00E9468A9892B21F0C5010E94B7
:1050C000CCA6E9CF153251F4ED81FE81F3FC1591A8
:1050D000F3FE1191ED83FE83153269F4C5010E9440
:1050E00092A997FDA3C01817B1F2B5010E9400AABA
:1050F0008C2D90E09FC000E01A3249F4ED81FE81D2
:10510000F3FC1591F3FE1191ED83FE8301E0D12CA8
:1051100020ED210F2A3060F101FF42C0DD2041F374
:10512000183609F440C01C3609F449C0112301F3B4
:10513000612F70E080EE94E00E9471A9892BC1F28A
:10514000E12CF12C00FD06C0E72DF62DE190F19049
:105150007E2E6F2E1E3609F03CC0D50116964D915D
:105160005C9170E060E0202FC7010E9487A693CF7A
:1051700002608D2D90E0B0E0A0E089839A83AB833C
:10518000BC8340E2BC01CD010E9495A6D62EED81E4
:10519000FE81F3FC1591F3FE1191ED83FE83B8CFF0
:1051A000DD24DA94BDCFED81FE81F3FC1591F3FE91
:1051B0001191ED83FE83183609F0B8CF08600460C2
:1051C000ED81FE81F3FC1591F3FE1191ED83FE83D9
:1051D000ADCF1336B1F401FD02C0DD24D394C50177
:1051E0000E9492A997FD22C0E114F10419F0F70181
:1051F00081937F01DA94D110F2CF00FD4CCFC3949C
:105200004ACF1B3549F52D813E81A7016D2DC50182
:105210000E9475A78D839E83ED81FE81EF2B69F738
:10522000D50113968C91807309F462CF8FEF9FEFB5
:10523000C1105ECF2696CDBFDEBFDF91CF911F910B
:105240000F91FF90EF90DF90CF90BF90AF909F9025
:105250008F907F906F900895C5010E94CCA697FD16
:10526000E5CF1F3699F130F4143641F0193639F094
:10527000006405C01337A9F01537D1F70062202F5D
:10528000A7016D2DC5010E94E5A68111B6CFC8CF3B
:10529000E114F10419F0F70181927F01DA94DD2025
:1052A00071F0C5010E9492A94C0197FD08C00E94AF
:1052B00068A9892B69F3B501C4010E9400AAE11411
:1052C000F10409F49ACFF701108297CF0061D7CF8C
:1052D00091110C9476AA803219F089508550C8F744
:1052E0000895FC010590061621F00020D9F7C001B1
:1052F00008953197CF010895FC01059061507040E9
:105300000110D8F7809590958E0F9F1F0895FC018E
:105310006150704001900110D8F7809590958E0FE4
:105320009F1F0895CF93DF93EC018B8180FF33C0E3
:1053300086FF0CC08F7B8B838E819F8101968E832D
:105340009F838A8190E0DF91CF91089582FF15C0FD
:10535000E881F9819081292F092E000C330B80629E
:105360009923C1F03196E883F9838E819F8101965C
:105370008E839F83C9019927E6CFEA85FB85CE01FD
:1053800019959C0197FFF1CF9B812F3F3F4F31F043
:1053900080E2892B8B838FEF9FEFD5CF80E1F9CF10
:1053A0000F931F93CF93DF93182F092FEB018B815E
:1053B00081FD09C01FEF0FEF812F902FDF91CF915B
:1053C0001F910F91089582FF14C02E813F818C811F
:1053D0009D81281739073CF4E881F981CF010196B6
:1053E0008883998310838E819F8101968E839F830A
:1053F000E3CFE885F985812F1995892BA1F3DACFC1
:10540000FB01238120FF11C026FD0FC08F3F9807AD
:1054100071F082832F7D2064238326813781215080
:10542000310926833783992708958FEF9FEF0895D9
:10543000FA01AA27283051F1203181F1E8946F93C5
:105440006E7F6E5F7F4F8F4F9F4FAF4FB1E03ED06B
:10545000B4E03CD0670F781F891F9A1FA11D680F09
:10546000791F8A1F911DA11D6A0F711D811D911D3C
:10547000A11D20D009F468943F912AE0269F1124B1
:105480003019305D3193DEF6CF010895462F477015
:10549000405D4193B3E00FD0C9F7F6CF462F4F7070
:1054A000405D4A3318F0495D31FD4052419302D0CE
:1054B000A9F7EACFB4E0A695979587957795679574
:1054C000BA95C9F700976105710508959B01AC0174
:1054D0000A2E06945795479537952795BA95C9F79B
:1054E000620F731F841F951FA01D08959927882799
:1054F0000895F894FFCFD83FDA3FDC3FEA3FDE3F24
:10550000EA3FEA3FEA3FE03FEA3FEA3FEA3FEA3F5D
:10551000EA3FEA3FEA3FE23FEA3FEA3FEA3FEA3F4B
:10552000EA3FEA3FEA3FEA3FEA3FEA3FEA3FEA3F33
:10553000EA3FEA3FEA3FE43FA2989098A098C498D7
:105540009E98C498C6989C98C498C498B498C498D7
:10555000C498B4989A989898969890989498909897
:10556000CA98CA989298B698C498A098CA98CA98A7
:10557000CA98CA98CA98CA98CA9894986998CA98B2
:10558000CA98CA98CA98AC98AC98C298B498CA9865
:10559000CA98C498C098BE98CA98C498BC98909865
:1055A000BA98B898C098BE98CA98C498BC98909871
:1055B000BA98B898C098BE98CA98C498BC98909861
:1055C000BA98B898C098BE98CA98C498BC98909851
:1055D000BA98B898C098BE98CA98C498BC98909841
:1055E000BA98B898C098BE98CA98C498BC98909831
:1055F000BA98B898C098BE98CA98C498BC98909821
:10560000BA98B898C498B698B698C498C498B498FC
:10561000B298B098C498AE98AC98AA98C498A89834
:10562000C898A698B698B698C498A498C498C498F0
:105630008E98A898B298B698C498C49833993D9912
:10564000459943993B9943993999379933993D99AC
:10565000459943993B9943993999379933993D999C
:10566000459943993B9943993999379933993D998C
:10567000459943993B9943993999379933993D997C
:10568000459943993B9943993999379933993D996C
:10569000459943993B9943993999379933993D995C
:1056A000459943993B994399399937993599159972
:1056B00043993399439941991599319915992F999E
:1056C00029992D9943990F993F99E098219921990A
:1056D00043990B99439943990D990F9915992199DC
:1056E00043994399ED981D9923994399EB984399D0
:1056F0001199139943994399159943994399159988
:10570000179919991B99439943991D994599459959
:105710001F99219943992399459945994599459907
:1057200045994599459925992799459945994599C7
:105730004599299929992B994199459945994399D1
:105740006B54061D1F1E1B1C1A191800005D3B2DF3
:10575000000001000000000000000000638D603BBD
:1057600065000000000000000000000000268C66BC
:105770003B760000010000000000000000002C7BD0
:105780006E3B6C00000300000000000000000034CD
:1057900071773B680000030000000000000000007B
:1057A0003170803B68000000000000000000000035
:1057B00000FE6C8A3B720100000000000000000047
:1057C00000000F6D9A3B780200000000000000000E
:1057D0000000008C70A93B6C03000000000000007A
:1057E000000000000272B83B6F04000000000000DF
:1057F00000000000008870C63B6405000000000047
:105800000000000000004C70D33B76050000000053
:1058100000000000000000628CE03B660500000014
:1058200000000000000000002A8DEA3B7305000024
:105830000000000000000000000101D28BA43B69C1
:10584000000000000000000000000000397A433C26
:10585000640100000000000000000000006A7A48B7
:105860003C65020000000000000000000000558DB3
:10587000943B72030000000000000000000000C420
:105880008B4D3C6B04000000000000000000000095
:10589000FC6C523C7005000000000000000000009D
:1058A000001C8D583C76060000000000000000003F
:1058B00000007C722B3B6C0700030000000000001E
:1058C000000000788D603C740800000000000000BB
:1058D00000000000B36F653C61090000000000009B
:1058E0000000000000DD6F693C670A000000000056
:1058F0000000000000006A8E6D3C6800000000009F
:1059000000000000000000556C733C690C000000B2
:105910000000000000000000676CD43A6C0C00002E
:10592000000000000000000000796C773C6D0C0066
:10593000000000000000000000008B6C7B3C460C67
:105940000000000000000000000000A08F813C4C1F
:105950000C00000000000000000000003090873CB8
:10596000440C00000000000000000000007B908E4E
:105970003C520C0000000000000000000000B69047
:10598000963C4E0C0000000000000000000000DC0F
:10599000909E3C660C00000000000000000000002B
:1059A000EC6C8539720C0000000000000000000063
:1059B00000EE6C7D396E0C0000000000000000005D
:1059C0000000F06C8D39640C000000000000000045
:1059D000000000F26CA63C760C0000000000000005
:1059E000000000004195AA3C670C00000000000088
:1059F00000000000006895B13C4A0C000300000064
:105A0000000000000000F46C1D3F610C000300006A
:105A1000000000000000007196B83C770C00030005
:105A20000000000000000000AB96BE3C700C0000BF
:105A3000000000000000000000F66CC53C6F0C0088
:105A4000000000000000000000000A97CC3C530C4E
:105A500000000000000000000000004697D33C6BEF
:105A60000C00000000000000000000008997DC3CF2
:105A7000510C0000000000000000000000CD97E283
:105A80003C500C0000000000000000000000F86C1A
:105A9000E93C4D0C0000000000000000000000FA8E
:105AA0006CEE3C4F0C000000000000000000000005
:105AB0004D6CF23C630C0000000000000000000090
:105AC000000F989A3E730C000000000000000000D8
:105AD00000003986713D63000000000000000000F6
:105AE0000000009B6FFA3C6601000000000000000F
:105AF00000000000DD7BFE3C6B00000000000000A9
:105B00000000000000F87B113D7100000000000063
:105B1000000000000000DE78233D6A000000000065
:105B200000000000000000F778323D700000000027
:105B300000000000000000001079403D72010000EC
:105B4000000000000000000000B585493D63000032
:105B500000000000000000000000E08B593D7400D0
:105B60000000000000000000000000D37B9A3E7996
:105B7000010000000000000000000000B96E603D60
:105B800078020000000000000000000000C97066FC
:105B90003D690200000000000000000000008F6E60
:105BA0006E3D6402000000000000000000000030B4
:105BB00072753D620200E803000000000000000072
:105BC0000101010106010001010280044006A086D6
:105BD00001000000000020000000000000000000A4
:105BE00000009F29C32A0A2087240100EF400000FB
:105BF0009F29C32A092087240100EE4000009F2925
:105C0000C32A082087240148ED4000009F29C32AA9
:105C1000072087240100FA2004209F29C32A03209B
:105C200087240100F92004209F29C32A0220872409
:105C30000100EC400420713D1A2406009A3EB42372
:105C400006014B3ED8250A027B3D82260603ED3D28
:105C500050250804803D2C271305843DC7211B0CCB
:105C6000883DE82604068E3DFB200C07BF3B6020E4
:105C70000908943D3E200208993D922302099F3D68
:105C80001C20010A482B0B20010BA43D2D20010CE8
:105C9000956EA93D6C0000000000000000000000AF
:105CA00000A76EB43D63010000000000000000008A
:105CB0000000E688BF3D5202000000000000000026
:105CC0000000003488C63D4E0300000000000000C4
:105CD000000000008287CD3D72020000000000003D
:105CE0000000000000C77CD43D6E030000000000EF
:105CF0000000000000006C7EDB3D6404000000003A
:105D000000000000000000727FE63D730400000008
:105D10000000000000000000376CA93D6C0000008E
:105D2000000000000000000000AD6EB43D63010003
:105D300000000000000000000000F27FF13D64025E
:105D400000000000000000000000003F6C003E4822
:105D5000020000000000000000000000416C0A3E4C
:105D60004C020000000000000000000000C3861389
:105D70003E71020000000000000000000000FC86F0
:105D8000223E730200000000000000000000008FAF
:105D9000832F3E68020000000000000000000000A9
:105DA000436C363E6E020000000000000000000060
:105DB00000D281413E6602000000000000000000A9
:105DC0000000A16EA93D6C00000000000000000072
:105DD000000000B36EB43D6301000000000000004D
:105DE000000000001584513E640200000000000025
:105DF00000000000005379603E44020000000000F3
:105E0000000000000000CF84503E7302000000003C
:105E100000000000000000BC795F3E53020000005B
:105E20000000000000000000456CA93D6C0000006F
:105E3000000000000000000000157A6E3E720103B1
:105E4000000000000000000000006085B83C770101
:105E50000300000000000000000000DE6E733E6FD3
:105E6000010000000000000000000000476C7C3EC4
:105E70006800000000000000000000000051748B6A
:105E80003E73010000000000000000000000B57239
:105E9000873E530100000000000000000000007B6E
:105EA00077963E790200000000000000000000002C
:105EB000E7779F3E70020000000000000000000035
:105EC000001477AC3E6C03000000000000000000EE
:105ED0000000E872A83E4C03000000000000000033
:105EE000000000F675BD3E640400000000000000E4
:105EF000000000001B73B93E4404000000000000D5
:105F000000000000005776C93E7404000000000045
:105F1000000000000000A973D93E540400000000F6
:105F2000000000000000000275E93E760500000058
:105F30000000000000000000E271F53E5605000080
:105F40000000000000000000007575013F620600BF
:105F5000000000000000000000004E730A3F4206EF
:105F60000000000000000000000000496C133F61C9
:105F7000060000000000000000000000AD74223F99
:105F800072060000000000000000000000F97031FF
:105F90003F520600000000000000000000004B6CB3
:105FA0003A3F690600000000000000000000000009
:105FB00000000200000000AA8D0000000000A00800
:105FC00003100203020200C20100030000E848DEE1
:105FD0004800002649200065786974006C730073DE
:105FE00075646F000101000009010000110100004B
:105FF0001901000021010000290100003101F53BD9
:10600000FB3BFF3B033C083C0C3C113C193C203C57
:10601000293C2F3C393C1866080800054206430A13
:10602000C80002C8B20000200406D81018000150B1
:106030000040701E4F0680002C016400B72748A066
:10604000010401007C001A072B0CB00D020088042B
:106050008C318C31EC039303211E000004007E0080
:106060000402000000000000000000000000A01F6B
:10607000DFC8FD0700030003804100008000200806
:106080000000000000000000200001920100E80371
:10609000A8002203000088130000F4010000E803B8
:1060A000000050C3810000003F00000000080C0009
:1060B00000000300000000000000000000000000DD
:1060C00000000000000000000000000000000000D0
:1060D0000000000000000000880800000000000030
:1060E00000000000000000000100000000000000AF
:1060F0000000050100000D010000150100001D0158
:106100000000250100002D01000035010301000001
:106110000B010000130100001B010000230100001F
:106120002B01000033010C010C01140114011C01AE
:106130001C01240124012C012C0134013401000034
:106140000100020003000400050006060100000E25
:10615000010000160100001E010000260100002EB3
:1061600001000036010001000008010000100100DC
:106170000018010000200100002801000030016328
:106180006C6F636B206265747765656E20312D31AD
:10619000340A004552524F523A20496E76616C697A
:1061A0006420636C6F636B207370656369666965F7
:1061B000642E2053656C65637420004552524F5223
:1061C0003A20004552524F523A2056616C75652074
:1061D0006F7574206F66206C6567616C2072616EEC
:1061E0006765206F662000E91B8004012087240179
:1061F0000000000000E91B8004002087240100004B
:10620000000000C008400640420F00005468697357
:10621000206973206E6F7420616E206F70657261EB
:1062200074696E672073797374656D21000A3E008E
:10623000596F752068617665206265656E206772AA
:10624000616E74656420726F6F74207065726D6921
:106250007373696F6E732100256C750025630025CB
:1062600030346C78006572726F723A20756E7265A8
:10627000636F676E697A656420636F6D6D616E64CC
:10628000206F7074696F6E00657869740055736172
:1062900067653A205B636D645D205B2D7C2D2D5D11
:1062A0005B617267315D205B2D7C2D2D5D5B6172C2
:1062B00067325D2E2E2E00436F6D6D616E64733AF2
:1062C000000A20252D7300205B25637C25735D006B
:1062D0000925730A00444556434C4B3A2033323566
:1062E000303030303030487A0046756E6374696FF4
:1062F0006E2072656D6F766564004552524F523A5A
:10630000204144353632345220696E76616C6964BE
:106310002072657475726E20636F646528256C75D4
:10632000290A004552524F523A20616435363234C0
:10633000206D617820636F6E74726F6C20776F725E
:10634000642069732034303935007077725F66617C
:106350006E28256C75290A00467265652072616D8C
:106360003A20256C752062797465730A0043757252
:1063700072656E74207068695F7265665F6D6F64C8
:10638000653A2025640A0043757272656E74207048
:1063900068695F6578745F6D6F64653A2025640A8B
:1063A000004E6577207068695F7265665F6D6F6427
:1063B000653A2025640A004E6577207068695F653C
:1063C00078745F6D6F64653A2025640A0025303269
:1063D0007800257320636F72726563742076616C38
:1063E00075652E004A455344204C4D4B204C6F633D
:1063F0006B20446574656374205374617475733ADB
:1064000000696E7465726E616C0065787465726E99
:10641000616C206469766964652062792025750A5B
:10642000002030782530347820004552524F523ABF
:106430002053656C656374205265662028313A45A7
:1064400078742C20323A20496E74290045787420E3
:106450005265662048434D3938384C5033453A0030
:106460000A3078253032783A00496E7420526566D9
:106470002048434D3938384C5033453A00776169EC
:1064800074696E6720256C756D730A004552524F12
:10649000523A20007265673A203078253034780A05
:1064A0000025732073706920736C69700A0025736E
:1064B0002073796E632064656C61790A0064697683
:1064C000696465722076616C7565732E0A002573A8
:1064D000202573004552524F523A20426961732081
:1064E00076616C7565206D7573742062652030204F
:1064F0006F7220312C206E6F742025750072782009
:1065000062756666657220626961732E0A00455283
:10651000524F523A2044656C6179206D7573742036
:106520006265206265747765656E203020616E64F7
:106530002036300025732064656C6179206C696EAB
:10654000650A004552524F523A2054726967206DD5
:106550006F6465206D7573742062652031206F72E1
:106560002030002573206C61756E6368207068614F
:1065700073650A007370692073796E630A004E4F69
:1065800054453A205350492053594E432074616B6F
:106590006573206E6F20696E707574002573206FAF
:1065A0006464202573002573206469676974616CD5
:1065B0002064656C61792E0A0061646C793A203040
:1065C00078253034780A0061646C7920696E207017
:1065D000733A203078253034780A004552524F52B1
:1065E0003A2053656C65637420504C4C2028313A36
:1065F0004A4553442C20323A2052454629002573FF
:10660000206576656E202573004552524F523A2020
:106610004661696C656420746F20726561642061F5
:106620006E616C6F672064656C61792E00736463C2
:106630006C6B2064646C793A203078253034780AA9
:10664000005265616420416464726573733A20305E
:1066500078253034580A00526561642056616C75A3
:106660006520203A203078253032580A0065727251
:106670006F723A20426F6172642064656D6F2066AC
:1066800061696C65640053796E7468206469616740
:106690006E6F7374696320696E697469617465648F
:1066A0003A005265666572656E636520536F757258
:1066B00063653A20004A455344204C4D4B204C6FB3
:1066C0007373206F66204C6F636B20537461747515
:1066D000733A004A455344204C4D4B2050696E207C
:1066E0004C44205374617475733A20253034780A11
:1066F0000050686920496E74207265673120283324
:1067000069293A2025336920283078293A203078C1
:10671000253034780A005068692045787420726505
:10672000673120283369293A2025336920283078B9
:10673000293A203078253034780A004A45534420DD
:106740004C4D4B2052656733205265616428307888
:10675000293A3078253034780A00504C4C204C4D82
:106760004B204C6F636B20446574656374205374D5
:10677000617475733A00504C4C204C4D4B204C6F5B
:106780007373206F66204C6F636B20537461747554
:10679000733A00504C4C204C4D4B2050696E204CAD
:1067A00044205374617475733A20253034780A009C
:1067B000504C4C204C4D4B20526567332052656144
:1067C00064283078293A3078253034780A004C4DE6
:1067D0004B3034383238204A4553442064756D704C
:1067E0003A0020307825303478004C4D4B30343826
:1067F000323820504C4C2064756D703A004A455335
:1068000044205359535245462050756C73650070AF
:106810006C6C3220723A2030782530346C780A0063
:10682000646576636C6B2064646C79206869676862
:106830003A203078253034780A00646576636C6BD2
:106840002064646C79206C6F773A2030782530347E
:10685000780A00706C6C32206E3A20307825303423
:106860006C780A00706C6C32206E5F63616C3A2049
:1068700030782530346C780A004552524F523A2015
:106880002573203120616E64203236323134332E4C
:106890000A0044203D202575200A0050203D202577
:1068A00075200A00257320666F72204E20616E6489
:1068B00020442E20556E61626C6520746F206C6FD1
:1068C000636B2E004E63616C203D20256C75200AA1
:1068D00000257320504C4C32206469760A002573E1
:1068E000203120616E642033322E0A00257320632C
:1068F0006C6B20646976696465722E0A0073797323
:10690000726566206469763A203078253034780ADA
:10691000002573203820616E6420383139312E0A09
:106920000025732073797372656620636C6B206435
:106930006976696465722E0A005741524E494E4786
:106940003A206C6D6B30343832785F64636C6B5F07
:1069500064646C795F7365745F64796E616D69639B
:10696000282920697320756E7465737465640057F7
:1069700041524E494E473A206C6D6B303438327874
:106980005F64636C6B5F64646C795F7365745F6490
:10699000796E616D6963282920757365732072654E
:1069A000616472656720616E6420777269746572D4
:1069B000656720726174686572207468616E207307
:1069C000657472656700434C4B3A20257500484951
:1069D00047483A202575004C4F573A202575002529
:1069E000732032202D2031362E0A004552524F524C
:1069F0003A2044444C592074616B65732030206602
:106A00006F7220726561646261636B20616E6420E5
:106A10003120746F2073657420612076616C756518
:106A20002E005741524E494E473A206C6D6B303420
:106A30003832785F64636C6B5F64646C795F736534
:106A4000745F6669786564282920697320756E749F
:106A50006573746564005741524E494E473A206C45
:106A60006D6B30343832785F64636C6B5F64646C78
:106A7000795F7365745F666978656428292075732A
:106A80006573207265616472656720616E6420774A
:106A900072697465726567207261746865722074CA
:106AA00068616E20736574726567005741524E4984
:106AB0004E473A206C6D6B30343832785F68616CC9
:106AC000665F737465705F7365742829206973202D
:106AD000756E746573746564005741524E494E4734
:106AE0003A206C6D6B30343832785F68616C665F69
:106AF000737465705F7365742829207573657320DE
:106B00007265616472656720616E64207772697472
:106B10006572656720726174686572207468616E61
:106B200020736574726567002573203120282D302D
:106B30002E35206379636C657329206F72203020B5
:106B40002830206379636C6573292E0A0025732031
:106B5000737973726566206469676974616C206417
:106B6000656C61792E0A00636C6B206E756D3A203E
:106B700025750A006D6F64323A2025750A00646538
:106B80006C61793A2025750A00257320302D323347
:106B90002E0A00257320616E616C6F672064656C3E
:106BA00061792E0A0064656C61792076616C756587
:106BB0003A20256C750A00257320302D31352E0AB8
:106BC00000577269746520416464726573733A207A
:106BD0003078253034580A00577269746520566140
:106BE0006C756520203A203078253034580A0053DF
:106BF000657474696E672053595352454620746F0B
:106C000020436F6E74696E756F75732E00536574D3
:106C100074696E672053595352454620746F205053
:106C2000756C7365642E006572726F723A20007025
:106C300077725F636C6B28256C75290A0057415287
:106C40004E494E473A206C6D6B30343832785F7362
:106C500079737265665F64646C795F736574282903
:106C600020697320756E74657374656400574152B2
:106C70004E494E473A206C6D6B30343832785F7332
:106C800079737265665F64646C795F7365742829D3
:106C90002075736573207265616472656720616E2B
:106CA00064207772697465726567207261746865C3
:106CB00072207468616E2073657472656700257355
:106CC00020382D383139312E0A00257320312061CA
:106CD0006E6420343039352E0A00706C6C322072AC
:106CE0003A203078253034780A002573203120741A
:106CF0006F2031363338332E0A00706C6C31206EC1
:106D00003A203078253034780A00257320504C4CD6
:106D100031206469760A00257320312D31363338ED
:106D2000332E0A00706C6C3120723A203078253096
:106D300034780A004552524F52286C6D6B3034380B
:106D400032785F706C6C5F6C645F676574293A20A1
:106D500062616420726561642C20756E657870656F
:106D600063746564206869676820626974005469A7
:106D70006D6500426F6172642056657273696F6E53
:106D80003A2025730A0046757365253032783A201B
:106D90003078253032780A006D6173746572004274
:106DA00072616E63683A2025730A006D63752D73F6
:106DB0007461626C652D74357631306C312D332EF3
:106DC000362D3133332D6738316430636133310010
:106DD0005265766973696F6E3A2025730A00323006
:106DE00032362D30372D31372D32313A31333A3278
:106DF0003000446174653A202573205554430A00DD
:106E00004743433A2025642E25640A0050524F44DC
:106E10003A205641554E540052544D3A2025690AA5
:106E2000004D43552053657269616C204E756D624B
:106E300065723A20004D4355204465766963653A92
:106E400020004D4355205265766973696F6E3A2074
:106E5000004D43552046757365733A002D20636CD1
:106E60006F73652073657269616C20706F72742036
:106E70006265666F72652070726F6772616D6D69B1
:106E80006E67004552524F523A205265626F6F74DE
:106E900020756E73756365737366756C2E0054652B
:106EA0006D70303A2025336920430A0054656D70B7
:106EB000313A2025336920430A00426F6F7420570E
:106EC00061726E696E67733A2025690A0053796EA4
:106ED000746820426F6172643A20466174616C206C
:106EE0006572726F722C20736166656C79207368AD
:106EF000757474696E6720646F776E2E00556E72BC
:106F000065636F676E697A65642000554E4B4E4F1E
:106F1000574E3A20454550524F4D206E6F742070A9
:106F2000726F6772616D6D6564206F7220646F654A
:106F300073206E6F742065786973740052544D200D
:106F40002575200053455249414C20257320002DC2
:106F50002046656174757265733A0020726567201A
:106F600030782578203D20307825783B004E6F6EB4
:106F700065000A504C4C20535441545553004C4D1D
:106F80005820504C4C3A20556E6C6F636B65642CE6
:106F9000205674756E65204C6F7720004C4D58203C
:106FA000504C4C3A20496E76616C69642073746170
:106FB0007465004C4D5820504C4C3A204C6F636B1C
:106FC000656420004C4D5820504C4C3A20556E6C56
:106FD0006F636B65642C205674756E652048696715
:106FE0006820004552524F523A204C4D5820476578
:106FF0006E65726963204572726F720056434F3A34
:107000002056433025303478200A00434150435401
:10701000524C20636170636F64653A2025303458A8
:10702000200A004441434953455420616D706C6906
:10703000747564653A2025303458200A004C4D5848
:10704000323539352064756D703A006C6D7820707A
:107050006C6C20736574206E3A2030782530346C67
:1070600078200A00726567203078423A203078250F
:10707000303478200A00666F75743A203078256CB9
:10708000780A00643A2030782530346C780A00663B
:1070900076636F3A203078256C780A0053747261F9
:1070A00069676874207468726F7567682073656CAF
:1070B000656374656420006572726F72206E00658E
:1070C00072726F722072006572726F722064006556
:1070D00072726F7220666F7574006572726F7220C3
:1070E000667064006572726F7220707772006572EC
:1070F000726F72206368616E204220667265712033
:1071000063616E206E6F74206578636565642031FD
:107110003547487A00536F6D657468696E672773E9
:1071200020616D697373004552524F523A20696E67
:1071300076616C69642064206469766964657200B4
:107140007265676973746572203078253032783AD9
:1071500020307825303478200A006D757876616C9F
:107160003A2025750A004552524F523A205F5F4639
:10717000494C455F5F3A5F5F4C494E455F5F206910
:107180006E205F5F66756E635F5F3A20696E766141
:107190006C6964206D757876616C202829006164C3
:1071A00064723A20256C750A00736574204D7578F9
:1071B0004120746F3A20256C750A00736574204D68
:1071C00075784220746F3A20256C750A0052455339
:1071D00045543A206C6F770052455345543A206825
:1071E00069676800496E76616C696420696E7075C4
:1071F000742E206D757374206265203120287265AD
:1072000073657429206F7220302E0050575220442D
:10721000574E3A206C6F77005057522044574E3AE1
:10722000206869676800496E76616C696420696EE0
:107230007075742E206D757374206265203120285E
:10724000706F77657220646F776E29206F722030BF
:107250002E0053594E433A2064697361626C656431
:107260000053594E433A20656E61626C6564004973
:107270006E76616C696420696E7075742E206D7510
:1072800073742062652031202873796E6320656EE7
:1072900061626C656429206F7220302E002D2D00F4
:1072A000656E74657200766572626F7365006C6DF1
:1072B0006B5F7265677300686D635F72656773000B
:1072C0006865617274626561740068656172746298
:1072D0006561745F7265736574006865617274627C
:1072E0006561745F696E697400706C6C5F6C6F636C
:1072F0006B64657465637400706C6C5F6C6F6C7349
:107300007461747573006D63755F64657669636538
:107310006964006D63755F7265766973696F6E008D
:107320006D63755F6675736573006D63755F736517
:107330007269616C0054696D6520005458200052D8
:1073400058200044696720004250200050575220C6
:107350000046454354524C20004C4F47454E2000B8
:107360004372696D736F6E20004379616E20004334
:10737000616C616D696E65200043686573746E753C
:1073800074200064656D6F0064696167006B696CEF
:107390006C0070616E69630076657273696F6E0070
:1073A00074656D700072616D00676C65006877765A
:1073B00065720069736F006D696400666273656C65
:1073C00000706C6C4C4400726567646D7000706C8A
:1073D0006C5273657400706C6C4E736574007365E9
:1073E00074467265710076636F00676574726567D5
:1073F000007365746D7578007772697465006C6DE3
:1074000078507772006C6D785265660073657456BB
:10741000616C00696E6974526567730052657365CB
:10742000740050777244776E006D61736B006F6605
:1074300066006368616E6E656C0066616E00746FF5
:1074400067676C655F6A6573645F7379737265669D
:1074500000746F67676C655F706C6C5F73797372D3
:1074600065660073796E635F6A6573645F65646700
:10747000650073796E635F706C6C5F65646765004F
:1074800073796E635F616C6C0073796E635F636FB9
:107490006E74696E756F75730074656E72656600E3
:1074A000786F72656600696E666F72656600646506
:1074B00076636C6B0062656E63680061646C790072
:1074C000484D43006C6D7800646562756700626FBB
:1074D0006172640064756D7000706F776572006230
:1074E0006F6F740068656C70006C6D6B5F73656CBA
:1074F00065637400636C6B5F73656C6563740070C7
:107500006C6C315F7200706C6C315F6E00706C6C13
:10751000325F7200706C6C325F6E00646576636C13
:107520006B5F64697600737973636C6B5F64697613
:10753000007365745F64796E616D5F64646C79007B
:1075400064646C795F686967680064646C795F6C17
:107550006F77007364636C6B5F64646C795F7365F1
:1075600074007379735F64646C795F736574006829
:10757000735F73657400737465705F636F756E74A9
:10758000007365745F66697865645F64646C790034
:107590007364636C6B5F61646C795F7365740073B3
:1075A00064636C6B5F61646C795F676574007265BE
:1075B0006164006F63786F5F64616300686D635F2F
:1075C00073656C656374006765745F73796E635F80
:1075D00064656C6179007370695F73796E630073C1
:1075E00070695F736C6970006765745F6C61756E5C
:1075F00063685F7068617365006765745F64656C7C
:1076000061795F6C696E6573007365745F6578742A
:107610005F74726967676572006765745F65787427
:107620005F74726967676572007365745F64697619
:1076300069646572006765745F6469766964657220
:10764000007365745F62696173006765745F626986
:1076500061730077726974655F7265675F61646406
:10766000720077726974655F7265675F64617461E7
:1076700000726561645F72656700363833325F6936
:107680006E73656C004552524F523A20756E6162BE
:107690006C6520746F207265616420454550524FBF
:1076A0004D00454550524F4D205741524E494E478F
:1076B0003A2070726F64756374206D69736D6174C4
:1076C00063680A20454550524F4D2050726F6475D3
:1076D0006374204E616D653A2025730A20466C6103
:1076E000736865642050726F6475637420466972B4
:1076F0006D776172653A2025730A0A00454550523C
:107700004F4D205741524E494E473A20626F6172A9
:1077100064206D69736D617463680A204545505239
:107720004F4D20426F617264204E616D653A202595
:10773000730A20466C617368656420426F617264ED
:10774000204669726D776172653A2025730A0A00D6
:10775000454550524F4D205741524E494E473A20D1
:1077600072746D206D69736D617463680A2045459C
:1077700050524F4D2052544D3A2052544D202564C2
:107780000A20466C61736865642052544D20466936
:10779000726D776172653A2052544D2025640A0A51
:1077A00000504C4C257520496E746572727570746A
:1077B0006564204C6F636B0A00504C4C2575204368
:1077C0006F6E74696E756F7573204C6F636B0A0012
:1077D000504C4C2575204C6F636B65640A00504C0F
:0E77E0004C257520556E6C6F636B65640A0056
:00000001FF
