:100000000C9439160C945A160C945A160C945A16D1
:100010000C945A160C945A160C945A160C945A16A0
:100020000C945A160C945A160C945A160C945A1690
:100030000C945A160C94AA1C0C945A160C945A162A
:100040000C945A160C945A160C945A160C945A1670
:100050000C945A160C945A160C945A160C945A1660
:100060000C945A160C9452790C945A160C942879C4
:100070000C945A160C945A160C945A160C945A1640
:100080000C945A160C945A160C945A160C945A1630
:100090000C945A160C945A160C945A160C945A1620
:1000A0000C945A160C945A160C945A160C945A1610
:1000B0000C945A160C945A160C94D91C0C945A167B
:1000C0000C945A160C945A160C945A160C945A16F0
:1000D0000C945A160C945A160C945A160C945A16E0
:1000E0000C945A160C945A160C945A160C945A16D0
:1000F0000C945A160C945A160C945A160C945A16C0
:100100000C945A160C945A160C945A160C945A16AF
:100110000C945A160C945A160C945A160C945A169F
:100120000C945A160C945A160C945A160C945A168F
:100130000C945A160C945A160C945A160C945A167F
:100140000C945A160C945A160C945A160C945A166F
:100150000C945A160C945A160C945A160C945A165F
:100160000C945A160C945A160C945A160C945A164F
:100170000C945A160C945A160C945A160C945A163F
:100180000C945A160C945A160C945A160C945A162F
:100190000C945A160C945A160C945A160C945A161F
:1001A0000C945A160C945A160C945A160C945A160F
:1001B0000C945A160C945A160C945A160C945A16FF
:1001C0000C945A160C945A160C945A160C945A16EF
:1001D0000C945A160C945A160C945A160C945A16DF
:1001E0000C945A160C945A160C94E88B0C941A6CB6
:1001F0000C94046C0C94646E0C94BF740C9458961C
:100200000C9422780C947D710C94DE6C0C94749692
:100210000C94AC920C94BD6C0C94B0920C94909293
:100220000C94A8920C94E1860C94706E0C94438309
:100230000C94A4920C9432750C945D290C947B85DB
:100240000C94026C0C94DC910C94D9700C94D788AB
:100250000C9466730C94E7810C9494920C94C36C88
:100260000C94F96E0C94A67B0C9432910C94486C0F
:100270000C94AD6E0C94DE800C94DC780C94A83F4A
:100280000C942C7C0C949C920C94AA8E0C946696E4
:100290000C94A2920C9442710C94B8920C949A9281
:1002A0000C94C56C0C948C920C9499700C94B4962C
:1002B0000C943D8F0C94B6920C94A5720C94A71BD1
:1002C0000C9468920C94E6930C94CE6F0C948890E6
:1002D0000C94BC820C94106C0C94963F0C94C692B7
:1002E0000C94A23F0C94FD930C94C16C0C94207957
:1002F0000C94166C0C9400700C949D850C942A70D0
:100300000C94CE890C94AA920C94826E0C94BF6CBF
:100310000C94349E0C942B720C94246C0C94066CEC
:100320000C94186C0C94C76C0C949E3F0C94B37591
:100330000C9438770C94766E0C9498920C940B7302
:100340000C94126C0C94468A0C946A740C94CD6CC8
:100350000C94E9860C941C6C0C94CD8F0C949692A2
:100360000C94B66F0C947C6E0C948C8F0C9450870C
:100370000C94F17B0C940E6C0C94983F0C94EA78DE
:100380000C9485830C9480820C94AE920C942485FA
:100390000C94167B0C949E920C94366C0C94D17633
:1003A0000C94A8840C9419860C94BE920C94A47797
:1003B0000C9412710C94CB6C0C94C2920C949A3FD6
:1003C0000C94A03F0C94EE780C945E6E0C949C3FC1
:1003D0000C94BB6C0C94E0790C94F58D0C94D57056
:1003E0000C948E920C945D930C94A0920C94929227
:1003F0000C94E6770C94A6920C94B7800C94C96C7C
:100400000C94C0920C94FF820C940E740C94BA92CB
:100410000C94C8920C9472720C949A840C945A6C3A
:100420000C94B2920C947E700C94C4920C944B7207
:100430000C94527C0C94BD840C94886E0C941476AD
:100440000C94D8720C9421820C94146C0C94BC9271
:100450000C94B4920C9406900C94738D6364696E42
:100460006F70737578585B00BCE5ACC59C859603CE
:1004700092C1912190961D03ED01DCFDCCF5BCE508
:10048000ACC5A86EBCE5ACC59C85960392C1912114
:1004900090961D03ED01DCFDCCF5BCE5ACC5A86E66
:1004A000436F6D6D616E647320666F722074686552
:1004B0002041445246363531382076617269616296
:1004C0006C65206761696E20616D706C6966696535
:1004D000722E00436F6E74726F6C732074686520A7
:1004E00066726F6E74656E6420524620737769740D
:1004F000636865732E005265676973746572206462
:10050000756D707320666F722072657370656374A9
:10051000697665207065726970686572616C732EAA
:10052000004578656375746573207465737420760F
:100530006563746F72732E00436F6E74726F6C73A9
:100540002074686520626F617264206C6576656CEA
:100550002066756E6374696F6E732E2053657175B6
:10056000656E7469616C2065786563206F662061D3
:100570007267756D656E74732E0053746174757354
:1005800020616E642066756E6374696F6E7320758A
:1005900073656420666F7220636865636B696E675C
:1005A0002074686520626F6172642E20004F4E2FA8
:1005B0004F46462073776974636865732C20283032
:1005C000206973204F46462C2031206973204F4EFE
:1005D0002900426F6F746C6F61646572206F707474
:1005E000696F6E732E0045786974732066726F6D43
:1005F000207468697320626F617264206261636B4A
:1006000020746F20746865204449474954414C2048
:10061000626F6172642E005072696E7473206F7520
:1006200074207468652068656C70206D656E752037
:10063000666F722074686520626F6172642E00A01C
:1006400004D304F604210538057A05AD05D205E684
:100650000517065370656369667920776869636872
:10066000206368616E6E656C20612C622C632C6463
:10067000204F5220626974206D61736B2E204D559E
:100680005354207370656369667920666972737468
:100690002E004E756C6C2074686520564741277398
:1006A000206F7574707574204443206F666673659F
:1006B00074732E203120746F20656E61626C652E1C
:1006C0000042797061737320746865205647412732
:1006D00073204C502066696C7465722E2031207432
:1006E0006F20656E61626C652E00536574205647FD
:1006F000412773204C5020636F726E6572206672C2
:10070000657120696E204D487A2E0053657420561D
:1007100047412773206761696E2E202843616C6C06
:100720007320646761696E20616E6420616761692E
:100730006E292E20496E7075743A2030202D203994
:100740003520282D36306442202D2033356442294F
:1007500000476574205647412773206761696E2EF4
:100760000053656C65637420564741204368616E91
:100770006E656C2028303A20426F74682C20493A0C
:1007800020312C20513A20322900436865636B20C8
:10079000696620564741206761696E20697320743D
:1007A0006F6F204869676820666F722074686520E3
:1007B0004144432E2028303A204E6F2C20313A20DD
:1007C0005965732900536574205647412773206487
:1007D00069676974616C206761696E2E20336442B9
:1007E00020696E6372656D656E74732C20496E703E
:1007F00075743A2030202D2038202834326442206D
:100800002D2036366442290053657420564741270F
:100810007320616E616C6F67206761696E2E203096
:100820002E31644220636F6E74726F6C6C65642C41
:1008300020496E7075743A2030202D2037323020D8
:10084000282D3130326442202D202D33306442294E
:100850000053657420564741277320706F737420CE
:10086000616D70206761696E2E20302D313A203322
:100870002F3964422E005365742056474127732058
:10088000696E70757420616E616C6F67206174743D
:10089000656E756174696F6E20696E2064422E20EA
:1008A000476F6573207468726F75676820414435BF
:1008B000363234522E005365742056474127732038
:1008C0007077722D6D6F6465206261736564206F4F
:1008D0006E204C5020636F726E6572206672657177
:1008E0002E20312069662066696C746572206D6FF8
:1008F000646520616E642033314D487A203C20428B
:10090000572C20656C7365203630204D487A203C8A
:100910002042570053069206C106EA060B0751070C
:1009200061078A07C507080851087608B6084368B2
:100930006F6F736520746865206869676820283068
:100940002E352D362047487A29206F72206C6F771C
:1009500020284443202D20302E352047487A292056
:1009600062616E642E2048696768283129206F72A1
:10097000206C6F772830292E0042797061737320C4
:10098000746865204C4E41206F6E20746865206845
:100990006967682062616E642E20427970617373AA
:1009A00028312920746865204C4E41206F72206EDA
:1009B0006F742830292E0053657473206672657138
:1009C000206F6620484D43383333206F757470753F
:1009D000742C20696E204B487A2E00537765657021
:1009E0007320484D43383333206672657175656EE8
:1009F00063792066726F6D20302E3247487A2074FA
:100A00006F203647487A20776974682061207374B4
:100A10006570206F662031304D487A00504C4C2074
:100A2000496E707574205265666572656E636520E7
:100A30004672657175656E63790053657473204203
:100A40006173652042616E64205661726163746FE8
:100A50007220766F6C746167652028302D343039D0
:100A60003629203056202D20322E35560053656C05
:100A700065637420746865207461726765742050C2
:100A80004C4C2028302920484D4338333020283121
:100A90002920484D433833330053657420504C4C63
:100AA00020496E7075742044697669646572207699
:100AB000616C75652E203120746F203136333833E8
:100AC0000053657420504C4C204665656462616338
:100AD0006B20446976696465722076616C75652E59
:100AE00020313620746F203532343235350053656D
:100AF0007420504C4C2056434F204F7574707574C1
:100B000020446976696465722076616C75652E2073
:100B1000312C20322C20342C2036202E2E20363220
:100B200000456E61626C652F44697361626C65207B
:100B300056434F204F7574707574204672657175F9
:100B4000656E637920446F75626C65720053656CE5
:100B5000656374732074686520636F727265637473
:100B60002046696C7465722042616E6B20666F72FC
:100B7000206120676976656E206672657175656EA5
:100B8000637920696E206B487A004D757465732017
:100B9000746865204C4F204672657175656E637987
:100BA0002053796E74686573697A65722077686519
:100BB0006E20757365640053656C65637420504CDA
:100BC0004C204F757470757420506F7765722028B3
:100BD000303A202D3464426D2C20313A202D31647E
:100BE000426D2C20323A203264426D2C20333A2060
:100BF0003564426D290053656C65637473204453FA
:100C00004120417474656E756174696F6E2C202883
:100C1000303A203064426D202D3E203132373A2068
:100C200033312E373564426D290041444634333523
:100C3000352F414446353335352044697265637438
:100C400020526567697374657220416363657373CD
:100C5000203C3C323862697420646174613E3C34EB
:100C600062697420616464726573733E3E0041443E
:100C700046343335352F414446353335352061759B
:100C8000746F63616C20656E61626C652028312031
:100C9000666F7220656E61626C65293E3E00530688
:100CA0002E097909B709DB091C0A3A0A6D0A990A63
:100CB000C10AEE0A210B4D0B8A0BB70BF60B2A0C5F
:100CC0006E0C44756D707320616C6C2074686520C7
:100CD00072656769737465727320666F72207468D9
:100CE0006520414443313644583337302E00447533
:100CF0006D707320746865207265676973746572BE
:100D00007320666F722074686520726567756C6108
:100D10007220616E64205246204750494F5800446B
:100D2000756D707320616C6C2074686520726567E6
:100D300069737465727320666F72207468652041F0
:100D400044524636353138005306C20CEE0C1F0DA6
:100D5000536574207468652073706563696669659E
:100D600064204750494F582070696E206869676851
:100D70002E00436C65617220746865207370656332
:100D80006966696564204750494F582070696E2034
:100D90006C6F772E0052756E732073706563696691
:100DA000696564207465737420766563746F72205E
:100DB0006F662074686520504341393533382E0002
:100DC00052756E732073706563696669656420741B
:100DD00065737420766563746F72206F6620746823
:100DE0006520414443313644583337300052756EE4
:100DF00073207370656369666965642074657374D4
:100E000020766563746F72206F6620746865204178
:100E100044524636353138005306500D720D950D4B
:100E2000C00DED0D5265777269746520616C6C20A0
:100E30007265677320666F7220656E7469726520D3
:100E4000626F6172642E005475726E206F6E206F37
:100E50007574707574732028706572206368616E94
:100E60006E656C292E0052756E7320646961676E21
:100E70006F73746963206F6E207065726970686546
:100E800072616C2028706572206368616E6E656C9B
:100E9000292E2053686F756C64207072696E7420FF
:100EA000616C6C207265676973746572732E00548F
:100EB00075726E206F6666206F757470757473201E
:100EC00028706572206368616E6E656C292E005013
:100ED0006F776572206379636C65207065726970E5
:100EE000686572616C7320616E642072756E732028
:100EF000626F61726420696E697420287065722067
:100F00006368616E6E656C292E005475726E206F79
:100F10006666207065726970686572616C732E0018
:100F20005475726E732065766572797468696E6740
:100F3000206F66662E005072696E7473206F757430
:100F40002074686520736F66747761726520616EC6
:100F50006420686172647761726520766572736976
:100F60006F6E2E0050726F766964657320746865C9
:100F700020616D6F756E74206F662052414D206C3C
:100F800065667420286279746573292E005468653B
:100F9000204144432077696C6C20656E61626C650A
:100FA0002074686520535953524546206465746522
:100FB0006374696F6E206761746520666F72204A82
:100FC00045534420696E697469616C697A6174691A
:100FD0006F6E2E00546865204144432077696C6C25
:100FE000206F7574707574204A455344205465739E
:100FF00074205061747465726E732E20303A206FC5
:1010000066662C20313A204432312E352C20323A7B
:10101000204B32382E352C20333A20727074204900
:101020004C412C20343A2072616D702C20353A20CE
:10103000484947482E00456E61626C696E672074AE
:10104000686520535953524546206465746563743E
:10105000696F6E20676174652E203120746F206582
:101060006E61626C652C203020746F20646973613E
:10107000626C65004F757470757473206120313631
:101080002D62697420726570656174696E67207382
:10109000657175656E6365205B302C2032363238A1
:1010A000302C20302C202D32363332385D206672C1
:1010B0006F6D207468652041444320636F72652E14
:1010C0000050726F7669646573207468652074657A
:1010D0006D70657261747572652028302D31292E0E
:1010E00000426C696E6B7320746865204C45442027
:1010F0006120737065636966696564206E756D62F1
:101100006572206F662074696D65732E0053656C7F
:101110006563747320474C45206D6F64653A204DBC
:1011200043555F474C45283129206F722046504770
:10113000415F474C4520283229005306240E470EB4
:10114000660EAF0ECF0E0A0F200F360F640F8D0FF5
:10115000D40F36107410C110E1100D11436F6D6D76
:10116000616E6420666F72207072696E74696E675A
:10117000207468652063757272656E74206865619D
:101180007274626561742076616C7565206F66208B
:1011900074686520525820626F61726400436F6DFD
:1011A0006D616E6420666F72207265736574746918
:1011B0006E67207468652068656172746265617429
:1011C0002076616C756520666F72207468652052A8
:1011D0005820626F61726400486561727462656173
:1011E0007420696E7469616C697A6174696F6E20CC
:1011F00066756E6374696F6E20746F2073657420FA
:10120000636F756E74657220746F203000504C4CA3
:10121000204C6F636B20446574656374696F6E2046
:101220004D656368616E69736D2E005265747572E9
:101230006E73204D43552064657669636520696E41
:10124000666F726D6174696F6E2E0053065C119D3E
:1012500011D8110D122B12484D433833784C5036AB
:101260004700414452463635313800414443313617
:101270004458333730005306571262126B124E6FC8
:1012800020617267756D656E74206E65636573733A
:101290006172792E007E12456E74657220746865E5
:1012A00020626F6F746C6F616465722E00971250CC
:1012B00072696E7473206F757420696E2076657222
:1012C000626F7365206D6F64652E203120746F200E
:1012D000656E61626C652E00AF12436F6D6D616E5D
:1012E000647320666F72207468652044414333380C
:1012F0004A38342E00436F6E74726F6C73207468BA
:10130000652066726F6E74656E6420524620737736
:101310006974636865732E005265676973746572DA
:101320002064756D707320666F72207265737065CE
:101330006374697665207065726970686572616C46
:10134000732E0050726F766964657320746865202F
:10135000737461747573206F662074686520626FA2
:101360006172642E00436F6E74726F6C73207468C8
:101370006520626F617264206C6576656C206675AD
:101380006E6374696F6E732E2053657175656E742C
:1013900069616C2065786563206F6620617267758E
:1013A0006D656E74732E004F4E2F4F464620737737
:1013B0006974636865732C202830206973204F4658
:1013C000462C2031206973204F4E2900426F6F74E4
:1013D0006C6F61646572206F7074696F6E732E003C
:1013E00045786974732066726F6D20746869732024
:1013F000626F617264206261636B20746F20746835
:1014000065204449474954414C20626F6172642E03
:10141000005072696E7473206F7574207468652053
:1014200068656C70206D656E7520666F72207468DB
:101430006520626F6172642E00DA12F51218134390
:10144000136513A713CC13E013111453706563696C
:101450006679207768696368206368616E6E656C81
:1014600020612C622C632C642C204F522062697402
:10147000206D61736B2E204D55535420737065633E
:101480006966792066697273742E005370656369AA
:10149000667920776869636820696E7465726E6129
:1014A0006C20444143206368616E6E656C3A20286D
:1014B000302D332920412D442E005365742074684B
:1014C000652066726571206F7574707574206F6623
:1014D0002065787465726E616C2044414320636CB2
:1014E0006B20616674657220696E7465726E616CE2
:1014F00020434C4B206369726375697420284D4802
:101500007A292E0053657420746865204E434F205D
:1015100075707065722033322D6269747320726544
:101520006769737465722E00536574207468652052
:101530004E434F206C6F7765722033322D62697491
:10154000732072656769737465722C207772697491
:101550006520746F2075707065722033322D62695A
:10156000747320666972737421212A2A005365748A
:101570002074686520284C29206C616E657320708A
:101580006572206C696E6B2E0053657420746865FB
:1015900020284D2920636F6E766572746572732002
:1015A000706572206C696E6B2E00536574207468D0
:1015B0006520284629206672616D6573207065720A
:1015C000206D756C74692D6672616D652E005365B2
:1015D000742074686520636D6420696E7075742072
:1015E00066726F6D204A455344283029206F72205F
:1015F0005350492831292E00456E61626C65207474
:101600006865206D697865722E203120746F2065C1
:101610006E61626C652E00456E61626C6520746857
:10162000652050412028706F77657220616D706C65
:101630006966696572292070726F74656374696F79
:101640006E20636972637569742E203120746F2077
:10165000656E61626C652E00536574207468652048
:10166000696E746572706F6C6174696F6E20317829
:101670002830292C2032782831292C20347828321F
:10168000292C203878283429206F72203136782888
:1016900038292E0045786563757465207468652067
:1016A00073657264657320746573742E2028302D01
:1016B00035292074657374207061747465726E2EA0
:1016C0000047657473207468652074656D70657279
:1016D0006174757265206F662074686520444143AB
:1016E0002E0044756D70206F757420616C6C206FD6
:1016F0006620746865207265676973746572732EFD
:1017000000496E697469616C697A657320616E6401
:1017100020636F6E666967757265732074686520F3
:101720004A455344206C696E6B2E004269742062F6
:10173000616E672061646472657373206F66204414
:1017400041432E004269742062616E6720646174B7
:1017500061206F66204441432E004269742062611B
:101760006E67206F7065726174696F6E2E20313AFA
:1017700020777269746520303A2072656164005187
:101780004D43204443206F66667365742C203133CB
:10179000626974732C206D6561737572656420696C
:1017A0006E20444143204C5342277300514D432047
:1017B0006761696E206F66667365742C20313162D3
:1017C0006974732C20646563696D616C20706E743C
:1017D0002040206C656674206F6620626974392C25
:1017E0002072616E67652030202D20312E39393905
:1017F000302C204C53423D302E3030303937363685
:1018000000514D43207068617365206F6666736593
:10181000742C203132626974732C202D302E3520C7
:101820002D20302E34393937352C2072656665729B
:1018300020746F20646174617368656574004C6125
:10184000726765204672616374696F6E616C2044D3
:10185000656C61792053657474696E677300536DAC
:10186000616C6C204672616374696F6E616C2044B8
:10187000656C61792053657474696E677300536D8C
:10188000616C6C204672616374696F6E616C204498
:10189000656C617920506174682053657474696E59
:1018A000677300456E61626C652F44697361626C99
:1018B0006520496E76657273652053696E632046B4
:1018C000696C74657200456E61626C652F44697362
:1018D00061626C6520446974686572696E67004571
:1018E0006E61626C652F44697361626C6520446946
:1018F00074686572204D6978657200536574207450
:1019000068652044697468657220416D706C697403
:101910007564652C2030206973204D6178696D7580
:101920006D202834206269747329004C61726765E8
:10193000204672616374696F6E616C2044656C61EE
:10194000792C20436F656666696369656E74205300
:1019500065742073656C656374696F6E2E20284909
:101960006E204461746173686565742900536D610C
:101970006C6C204672616374696F6E616C204465A3
:101980006C6179205461702073656C6563746F724B
:1019900000536574207468652073656C65637465B5
:1019A00064205461702076616C756520666F7220CA
:1019B00074686520536D616C6C2046726163746954
:1019C0006F6E616C2044656C61790052657475724C
:1019D0006E7320746865206F722764206C616E6579
:1019E000206572726F7273206F662074686520665E
:1019F000697273742034206C616E6573004B148BB4
:101A00001404152815F815C116E21601177F17AC36
:101A10001701183E185E187E18A318C618DF18FBA9
:101A2000182B196D199119CB1943686F6F736520C5
:101A300074686520686967682028302E352D362047
:101A400047487A29206F72206C6F77202844432002
:101A50002D20302E352047487A292062616E642E71
:101A60002048696768283129206F72206C6F7728B9
:101A700030292E0042797061737320746865204CA0
:101A80004E41206F6E207468652068696768206227
:101A9000616E642E2042797061737328312920743D
:101AA0006865204C4E41206F72206E6F742830297B
:101AB0002E00536574732066726571206F6620482E
:101AC0004D43383333206F75747075742C20696EF4
:101AD000204B487A2E005365742074686520524666
:101AE000534120617474656E74756174696F6E2EF4
:101AF000203020746F203238202830644220746FE8
:101B0000202D32386442292E00504C4C20526566FC
:101B10006572656E636520496E7075742028696E04
:101B2000206B487A290053657420746865204951F8
:101B3000204D6F64756C61746F7220492062696119
:101B40007320766F6C746167652028696E20645617
:101B50002C2066726F6D20302D3234206456292E71
:101B60000053657420746865204951204D6F647579
:101B70006C61746F722051206269617320766F6CA2
:101B8000746167652028696E2064562C2066726F28
:101B90006D20302D3234206456292E004E65656448
:101BA0007320746F2062652063616C6C6564206CC7
:101BB0006173742E205365747320746865204951D5
:101BC000204D6F64756C61746F722E202869652ECC
:101BD000202D69203137202D71203133202D6D29A2
:101BE0000053656C65637420746865207461726766
:101BF000657420504C4C2028302920484D43383300
:101C0000302028312920484D433833330053657440
:101C100020504C4C20496E7075742044697669647C
:101C200065722076616C75652E203120746F2031CD
:101C3000363338330053657420504C4C204665656C
:101C4000646261636B2044697669646572207661C1
:101C50006C75652E20313620746F20353234323564
:101C6000350053657420504C4C2056434F204F751F
:101C70007470757420446976696465722076616C4D
:101C800075652E20312C20322C20342C2036202E2D
:101C90002E20363200456E61626C652F4469736197
:101CA000626C652056434F204F75747075742046E2
:101CB00072657175656E637920446F75626C6572CB
:101CC000004D7574657320746865204C4F20467212
:101CD000657175656E63792053796E746865736993
:101CE0007A6572207768656E207573656400536548
:101CF0006C656374732074686520636F72726563CA
:101D0000742046696C7465722042616E6B20666F48
:101D100072206120676976656E20667265717565EF
:101D20006E637920696E206B487A00504C4C204FCE
:101D3000757470757420506F7765722028303A2062
:101D40002D3464426D2C20313A202D3164426D2CAB
:101D500020323A202B3264426D2C20333A202B352E
:101D600064426D2900524620417474656E75617439
:101D70006F722053657474696E672028303A203082
:101D80006442202D3E203132373A202D33312E3718
:101D90003564422900414446343335352F414446A9
:101DA000353335352044697265637420526567693F
:101DB0007374657220416363657373203C3C3238F1
:101DC00062697420646174613E3C346269742061AC
:101DD0006464726573733E3E004144463433353566
:101DE0002F41444635333535206175746F63616C1E
:101DF00020656E61626C6520283120666F722065F7
:101E00006E61626C65293E3E004B14291A741AB249
:101E10001A091B261B611B9C1BE11B0D1C351C6238
:101E20001C951CC11CEE1C2B1D651D951DD91D4448
:101E3000756D707320746865207265676973746569
:101E4000727320666F722074686520726567756CA6
:101E5000617220616E64205246204750494F5800FD
:101E600044756D707320746865207265676973745A
:101E700065727320666F7220746865204441433335
:101E8000384A3834004B142F1E601E436F6D6D614D
:101E90006E6420666F722074686520637572726567
:101EA0006E74206865617274626561742076616C1D
:101EB0007565206F662074686520545820626F61D4
:101EC000726400436F6D6D616E6420666F72207284
:101ED0006573657474696E672074686520637572D4
:101EE00072656E74206865617274626561742076D3
:101EF000616C7565206F6620545820626F61726452
:101F00000048656172746265617420696E69746904
:101F1000616C697A6174696F6E2066756E6374694D
:101F20006F6E20746F2073657420636F756E7465B7
:101F30007220746F2030004C6F636B2044657465B1
:101F40006374696F6E204D656368616E69736D00BF
:101F500052657475726E73204D43552064657669C1
:101F6000636520696E666F726D6174696F6E2E00B5
:101F70004B148B1EC31E011F371F501F52657772F3
:101F800069746520616C6C207265677320666F727E
:101F900020656E7469726520626F6172642E0054F0
:101FA00075726E206F6E206F757470757473202853
:101FB000706572206368616E6E656C292E005275C3
:101FC0006E7320646961676E6F73746963206F6EEE
:101FD000207065726970686572616C202870657226
:101FE000206368616E6E656C292E2053686F756C76
:101FF00064207072696E7420616C6C207265676910
:1020000073746572732E005475726E206F6666204D
:102010006F757470757473202870657220636861C1
:102020006E6E656C292E00506F7765722063796340
:102030006C65207065726970686572616C7320618F
:102040006E642072756E7320626F61726420696EB7
:1020500069742028706572206368616E6E656C29F2
:102060002E005475726E206F6666207065726970FE
:10207000686572616C732E005475726E732065769C
:102080006572797468696E67206F66662E0050729B
:10209000696E7473206F75742074686520736F6641
:1020A000747761726520616E642068617264776123
:1020B00072652076657273696F6E2E00426C696E70
:1020C0006B7320746865204C4544206120737065F3
:1020D000636966696564206E756D626572206F66FE
:1020E0002074696D65732E0050726F766964657334
:1020F0002074686520616D6F756E74206F66205264
:10210000414D206C65667420286279746573292EB0
:102110000050726F76696465732074686520746519
:102120006D70657261747572652028302D31292EAD
:10213000004F757470757420656E61626C6528312E
:1021400029206F722064697361626C652830292EC2
:1021500000456E61626C6573204A455344205359B3
:102160005352454620476174650053656C6563743E
:1021700020474C45206D6F64653A204D43555F47BD
:102180004C4528312920465047415F474C4528326D
:1021900029004B147C1F9F1FBE1F07202720622091
:1021A00078208E20BC201121E820312151216A2184
:1021B00044414333384A383400484D433833784C2F
:1021C0005036470041445246363531382048696719
:1021D000682062616E6400414452463635313820D1
:1021E0004C6F772042616E64004B14B021B92145D9
:1021F0006E7465722074686520626F6F746C6F61B5
:102200006465722E00EF214E6F20617267756D65F7
:102210006E74206E65636573736172792E00072298
:102220005072696E7473206F757420696E207665C4
:1022300072626F7365206D6F64652E203120746F3C
:1022400020656E61626C652E002022436F6D6D61AA
:102250006E647320666F72206D616E6167696E6770
:102260002074686520434C4B2067656E657261740D
:10227000696F6E207468726F756768204C4D4B30C3
:10228000343832382C20414435363234522C2048F0
:102290004D433938372E00436F6D6D616E64732086
:1022A000666F72206D616E6167696E672074686524
:1022B00020434C4B2067656E65726174696F6E20B8
:1022C0007468726F756768204C4D4B303438323803
:1022D0002C20414435363234522C20484D43393875
:1022E000372E00436F6D6D616E647320666F7220D0
:1022F00073657474696E6720746865204C4D4B304B
:10230000343832382064656C617920636C6F636B9C
:10231000732E00436F6D6D616E647320666F722063
:1023200073657474696E6720746865204C4D4B301A
:10233000343832382064656C617920636C6F636B6C
:10234000732E00436F6D6D616E647320666F722033
:1023500073657474696E67204A4553442F504C4C22
:10236000204E2F5220646976696465727300436F52
:102370006D6D616E647320666F722073657474692D
:102380006E6720484D433938382067726F7570206A
:1023900064656C6179732E005265616420616E64BE
:1023A00020777269746520636F6D6D616E64732050
:1023B000666F7220646562756767696E672E004399
:1023C0006F6E74726F6C732074686520626F6172D7
:1023D00064206C6576656C2066756E6374696F6EDB
:1023E000732E2053657175656E7469616C20657814
:1023F0006563206F6620617267756D656E74732EFC
:1024000000436F6D6D616E647320666F722061634F
:1024100063657373696E67207468652068656172AF
:10242000746265617420737461747573004F4E2F0C
:102430004F46462073776974636865732C20283093
:10244000206973204F46462C2031206973204F4E5F
:102450002900426F6F746C6F61646572206F7074D5
:10246000696F6E732E0045786974732066726F6DA4
:10247000207468697320626F617264206261636BAB
:1024800020746F20746865204449474954414C20AA
:10249000626F6172642E005072696E7473206F7582
:1024A00074207468652068656C70206D656E752099
:1024B000666F722074686520626F6172642E004BD3
:1024C000229722E322132343236E239823BF230161
:1024D000242D24522466249724456E61626C652065
:1024E0006578742D31304D487A2072656665726565
:1024F0006E6365202831292E00497373756520535A
:1025000059535245462070756C7365732066726F1F
:102510006D204A4553442E0053657420746865202D
:1025200044414320636F6E74726F6C6C696E6720F8
:10253000584F20567265662C20302D3430393620A5
:102540006672616374696F6E2056657874004368C3
:10255000616E676520696E7465726E616C2072656C
:10256000666572656E636520444143206F757470C3
:10257000757420766F6C746167650052652D737990
:102580006368726F6E697A65206F757470757420F8
:1025900064697669646572732066726F6D20626F1C
:1025A0007468204C4D4B7300D924F9241825F92464
:1025B0007B2553656C656374204A455344206F72D4
:1025C00020504C4C2E0053656C6563742064657616
:1025D00069636520636C6F636B2E005365742064C0
:1025E00069676974616C2064656C617920636C6FE4
:1025F000636B2E00B225C625DB25B225C625DB255B
:1026000053656C65637420646976696465722074CF
:102610006F207365742E00536574205220646976B0
:102620006964657220666F7220504C4C2E005365B1
:1026300074204E206469766964657220666F72202A
:10264000504C4C2E005365742063616C6C6962724F
:102650006174696F6E204E20646976696465722EBC
:1026600000536574207072657363616C61722066DB
:102670006F722063616C6C6962726174696F6E2E37
:102680000053657420636C6F636B206469766964C2
:1026900065722E00B225002617262E268126536548
:1026A0006C65637473206265747765656E20746809
:1026B000652074776F20484D43393838206465763B
:1026C0006963657320287265666572656E6365204F
:1026D000616E64206C6D6B292E004765742F7365E5
:1026E00074207468652053594E432064656C617989
:1026F00020646976696465722E005365742065698B
:10270000746865722053594E43206F7220534C49B0
:1027100050207573696E672053504920636F6D6D4B
:10272000756E69636174696F6E2E004765742F73EF
:10273000657420746865206F7574707574206C61A1
:10274000756E63682070686173652E004765742F2D
:102750007365742064656C6179206C696E652073A3
:102760006574706F696E742E004765742F7365749D
:1027700020484D43207265666572656E6365206909
:102780006E7075742064697669646572732028764A
:10279000616C696420646976696465727320617232
:1027A00065203D20325E6E2C206E3D312E2E352967
:1027B000004765742F73657420484D43205278207C
:1027C00042756666657220626961732028302069EF
:1027D000732064656661756C742C203120666F729D
:1027E0002073696E75736F6469616C202F206E6F42
:1027F0006E2D4C565045434C20414320636F7570FD
:102800006C696E672E29009E26DA26FA262B274C45
:10281000276927B1275265616420616E6420777251
:1028200069746520636F6D6D616E647320666F728D
:1028300020646562756767696E672E00B22515288A
:102840005265777269746520616C6C20726567737C
:1028500020666F7220656E7469726520626F6172A6
:10286000642E005475726E206F6E206F75747075D3
:1028700074732028706572206368616E6E656C29C0
:102880002E0052756E7320646961676E6F73746990
:1028900063206F6E207065726970686572616C206C
:1028A00028706572206368616E6E656C292E2053F6
:1028B000686F756C64207072696E7420616C6C2036
:1028C0007265676973746572732E005475726E2039
:1028D0006F6666206F7574707574732028706572EA
:1028E000206368616E6E656C292E00506F7765728B
:1028F000206379636C6520706572697068657261C8
:102900006C7320616E642072756E7320626F6172E9
:102910006420696E69742028706572206368616E36
:102920006E656C292E005475726E206F666620707D
:1029300065726970686572616C732E005475726E91
:10294000732065766572797468696E67206F666654
:102950002E005072696E7473206F757420746865F0
:1029600020736F66747761726520616E64206861A0
:102970007264776172652076657273696F6E2E007E
:10298000426C696E6B7320746865204C454420610D
:1029900020737065636966696564206E756D626534
:1029A00072206F662074696D65732E0050726F76A9
:1029B00069646573207468652074656D7065726103
:1029C000747572652028302D31292E0050726F7673
:1029D000696465732074686520616D6F756E74201D
:1029E0006F662052414D206C6566742028627974B0
:1029F0006573292E0053656C6563747320474C45DD
:102A0000206D6F64653A204D43555F474C45283132
:102A100029206F722053594E54485F465047415FFA
:102A2000474C452028322900402863288228EB287B
:102A300026293C2952298029AC29CC29F529486529
:102A4000617274626561742066756E6374696F6E1D
:102A500020746F20616E642066726F6D20746865EB
:102A60002073657276657200486561727462656193
:102A7000742066756E6374696F6E20746F20726562
:102A8000736574207468652068656172746265613D
:102A90007420636F756E746572004865617274624C
:102AA00065617420696E697469616C697A617469C1
:102AB0006F6E2066756E6374696F6E20746F20731D
:102AC000657420636F756E74657220746F203000BA
:102AD0004765747320504C4C204C6F636B204465E9
:102AE00074656374205374617475730047657473FF
:102AF0002C20616E64207468656E20726573657445
:102B0000732C20504C4C204C6F7373206F66204CFC
:102B10006F636B205374617475732E005265747506
:102B2000726E73204D435520646576696365206934
:102B30006E666F726D6174696F6E2E003E2A682A30
:102B40009A2AD02AEC2A1C2B4C4D4B303430323888
:102B500000484D4339383700482B512B4E6F2061C8
:102B60007267756D656E74206E65636573736172EF
:102B7000792E005C2B456E74657220746865206246
:102B80006F6F746C6F616465722E00752B50726983
:102B90006E7473206F757420696E20766572626F33
:102BA0007365206D6F64652E203120746F20656E13
:102BB00061626C652E008D2B55736167653A205BF1
:102BC000636D645D205B2D7C2D2D5D5B61726731D3
:102BD0005D205B2D7C2D2D5D5B617267325D2E2E3D
:102BE0002E0A00436F6D6D616E64733A0A0054687B
:102BF0006973206973206E6F7420616E206F706539
:102C0000726174696E672073797374656D210A004F
:102C1000596F752068617665206265656E20677200
:102C2000616E74656420726F6F74207065726D6977
:102C30007373696F6E73210A006572726F723A2046
:102C4000756E7265636F676E697A656420636F6D18
:102C50006D616E64206F7074696F6E0A0045525228
:102C60004F523A204661696C656420746F20736529
:102C7000740011241FBECFEFCDBFDFE5DEBF00E043
:102C80000CBF10E4A0E0B0E2ECEBFEE401E00BBF0F
:102C900002C007900D92A831B107D9F728E4A8E146
:102CA000B0E401C01D92AD38B207E1F70E945F9910
:102CB0000C94B9A60C940000CF93DF9300D00F9230
:102CC000CDB7DEB780E098E4A8EEB1E089839A83BF
:102CD000AB83BC8369817A818B819C812496CDBF33
:102CE000DEBFDF91CF910895CF93DF9300D000D066
:102CF00000D0CDB7DEB719820E945C166A837B8351
:102D00008C839D838981882F90E02A813B814C812F
:102D10005D8104C056954795379527958A95D2F7DA
:102D2000DA01C9018E839F83A887B9876E817F816D
:102D3000888599852996CDBFDEBFDF91CF91089513
:102D4000CF93DF93CDB7DEB72897CDBFDEBF0E940C
:102D5000741669837A838B839C8389819A81AB8182
:102D6000BC818D839E83AF83B8876D817E818F8187
:102D700098852896CDBFDEBFDF91CF910895CF9380
:102D8000DF93CDB7DEB72897CDBFDEBF0E94A01678
:102D900069837A838B839C8389819A81AB81BC818F
:102DA0008D839E83AF83B8876D817E818F81988567
:102DB0002896CDBFDEBFDF91CF910895CF93DF93EB
:102DC000CDB7DEB72897CDBFDEBF0E94BF1669839F
:102DD0007A838B839C8389819A81AB81BC818D832B
:102DE0009E83AF83B8876D817E818F819885289679
:102DF000CDBFDEBFDF91CF910895CF93DF930F92C8
:102E00000F92CDB7DEB789839A8389819A81009723
:102E100009F45EC189819A81803C910529F460E1C1
:102E200080E00E94A15854C189819A81811524E0D3
:102E3000920729F464E080E00E94A15849C1898189
:102E40009A81803821E0920729F462E080E00E94B4
:102E5000A1583EC189819A81811521E0920729F408
:102E600061E080E00E94A15833C189819A81803855
:102E700023E0920729F461E081E00E94A15828C173
:102E800089819A81803923E0920729F461E082E008
:102E90000E94A1581DC189819A81811522E0920763
:102EA00029F462E081E00E94A15812C189819A81CF
:102EB000803422E0920729F462E082E00E94A15867
:102EC00007C189819A81803223E0920729F464E066
:102ED00082E00E94A158FCC089819A81811528E076
:102EE000920729F461E083E00E94A158F1C0898132
:102EF0009A81811529E0920729F461E084E00E941B
:102F0000A158E6C089819A8181152AE0920729F4A7
:102F100061E085E00E94A158DBC089819A8181151A
:102F20002BE0920729F461E086E00E94A158D0C00E
:102F300089819A81803428E0920729F462E083E055
:102F40000E94A158C5C089819A81803429E09207E6
:102F500029F462E084E00E94A158BAC089819A8174
:102F600080342AE0920729F462E085E00E94A158AB
:102F7000AFC089819A81803928E0920729F464E002
:102F800083E00E94A158A4C089819A81803929E0F8
:102F9000920729F464E084E00E94A15899C08981D5
:102FA0009A8180392AE0920729F464E085E00E9442
:102FB000A1588EC089819A8180392BE0920729F42B
:102FC00064E086E00E94A15883C089819A81803C98
:102FD00028E0920729F468E083E00E94A15878C0B5
:102FE00089819A81803C29E0920729F468E084E095
:102FF0000E94A1586DC089819A81803C2AE0920785
:1030000029F468E085E00E94A15862C089819A8114
:10301000803A28E0920729F460E183E00E94A158F9
:1030200057C089819A81803A29E0920729F460E1AA
:1030300084E00E94A1584CC089819A81803A2AE09C
:10304000920729F460E185E00E94A15841C089817E
:103050009A81803A2BE0920729F460E186E00E9491
:10306000A15836C089819A81803B28E0920729F4D3
:1030700060E283E00E94A1582BC089819A81803B45
:1030800029E0920729F460E284E00E94A15820C060
:1030900089819A81803B2AE0920729F460E285E0E9
:1030A0000E94A15815C089819A81803824E0920736
:1030B00029F460E483E00E94A1580AC089819A81C2
:1030C000803A24E0920721F460E485E00E94A15850
:1030D00000000F900F90DF91CF9108950F931F93F1
:1030E000CF93DF93CDB7DEB72897CDBFDEBF8983FF
:1030F0009A836B837C830E94DE166D837E838F832D
:1031000098878B819C81FC0180819181A281B38110
:103110008C019D01000F111F221F331F6D817E81C5
:103120008F819885A90198010E94549DDA01C901F7
:103130000597A109B1092B813C81F901848395830D
:10314000A683B78389819A810E94FD162B813C81D9
:1031500089819A81B9010E94A11E082E000C990B49
:103160002896CDBFDEBFDF91CF911F910F910895BB
:10317000CF92EF920F931F93CF93DF93CDB7DEB72C
:103180006097CDBFDEBF89839A836B837C834D8339
:103190005E832F83388709871A87EB86CC860E9447
:1031A000DE166D877E878F87988B8B819C81FC01D3
:1031B00080819181A281B3818C019D01000F111F3B
:1031C000221F331F6D857E858F859889A9019801FF
:1031D0000E94549DDA01C9010597A109B1092B810B
:1031E0003C81F90184839583A683B78389819A8181
:1031F0000E94FD1629853A854F81588569817A811B
:103200008D819E810E94401F8D819E814C856B85A2
:103210000E94891F00006096CDBFDEBFDF91CF9175
:103220001F910F91EF90CF900895CF92EF920F934F
:103230001F93CF93DF9300D000D0CDB7DEB78A8342
:103240009B836C838C81882311F480E0C8C1198230
:10325000C0C18981282F30E0C901880F991F820FD2
:10326000931F880F991F880F991F880F991F9C0122
:103270008A819B81820F931FFC018081918100973D
:1032800009F47BC08981282F30E0C901880F991F7C
:10329000820F931F880F991F880F991F880F991FFE
:1032A0009C018A819B81820F931FFC0181899289F5
:1032B000009709F062C08981282F30E0C901880F8A
:1032C000991F820F931F880F991F880F991F880FCE
:1032D000991F9C018A819B81820F931FFC0182812F
:1032E000938128E3FC01208B8981282F30E0C901DC
:1032F000880F991F820F931F880F991F880F991F9E
:10330000880F991F9C018A819B81820F931FFC016A
:103310008281938128E3FC01218B8981282F30E071
:10332000C901880F991F820F931F880F991F880F5B
:10333000991F880F991F9C018A819B81820F931F7F
:10334000AC014C5F5F4F8981282F30E0C901880FA5
:10335000991F820F931F880F991F880F991F880F3D
:10336000991F9C018A819B81820F931FFC018081A0
:103370009181BA010E946E1829C18981282F30E0FD
:10338000C901880F991F820F931F880F991F880FFB
:10339000991F880F991F9C018A819B81820F931F1F
:1033A000FC0180819181009709F40EC18981282F49
:1033B00030E0C901880F991F820F931F880F991F52
:1033C000880F991F880F991F9C018A819B81820F0A
:1033D000931FFC0181899289009709F4F5C08981C6
:1033E000282F30E0C901880F991F820F931F880F83
:1033F000991F880F991F880F991F9C018A819B81B3
:10340000820F931FFC0117898981282F30E0C901A1
:10341000880F991F820F931F880F991F880F991F7C
:10342000880F991F9C018A819B81820F931FFC0149
:10343000A589B6898981282F30E0C901880F991F95
:10344000820F931F880F991F880F991F880F991F4C
:103450009C018A819B81820F931FFC010388F48960
:10346000E02DED83FE838981282F30E0C901880F8C
:10347000991F820F931F880F991F880F991F880F1C
:10348000991F9C018A819B81820F931FFC014189B6
:1034900052898981282F30E0C901880F991F820F36
:1034A000931F880F991F880F991F880F991F9C01E0
:1034B0008A819B81820F931FBC016C5F7F4F898142
:1034C000282F30E0C901880F991F820F931F880FA2
:1034D000991F880F991F880F991F9C018A819B81D2
:1034E000820F931FFC01808191810F2EF0ECCF2E73
:1034F000F02DE12E8D012D813E810E94B818898129
:10350000282F30E0C901880F991F820F931F880F61
:10351000991F880F991F880F991F9C018A819B8191
:10352000AC01420F531F8981282F30E0C901880F59
:10353000991F820F931F880F991F880F991F880F5B
:10354000991F9C018A819B81820F931FFC018189B5
:103550009289FA0127853089865B9F4FFC01208381
:1035600031838981282F30E0C901880F991F820F8C
:10357000931F880F991F880F991F880F991F9C010F
:103580008A819B81AC01420F531F8981282F30E033
:10359000C901880F991F820F931F880F991F880FE9
:1035A000991F880F991F9C018A819B81820F931F0D
:1035B000FC0181899289FA0125853685845B9F4FBC
:1035C000FC012083318302C0898109C089818F5F1A
:1035D000898399818C81981708F43BCE80E02696E8
:1035E000CDBFDEBFDF91CF911F910F91EF90CF90B4
:1035F0000895CF93DF9300D00F920F92CDB7DEB72F
:1036000089839A836B837C834D832B813C81898161
:103610009A814D81B9010E94D91E2596CDBFDEBF8A
:10362000DF91CF910895CF93DF9300D0CDB7DEB770
:1036300089839A836B8389819A81865B9F4FFC0182
:10364000808191819E012D5F3F4FB9010E94D7512A
:10365000982F81E08927882311F081E001C080E064
:103660000F900F900F90DF91CF910895CF93DF933C
:1036700000D000D000D0CDB7DEB78C839D836E83A1
:103680007F834887298719828C819D81FC018281F3
:1036900093818A839B83109223401092264010923C
:1036A00027408E819F818093284090932940888570
:1036B000882F90E080932A4090932B4010922C40CA
:1036C000198235C08C819D81FC0186819781FC0126
:1036D0008081882F90E02981222F30E0022E02C0C5
:1036E000959587950A94E2F7817099270097E1F004
:1036F0008C819D81FC01248135818981882F90E016
:10370000820F931FFC018081809322408A819B81DC
:10371000498562E270E40E94F91A882311F081E081
:1037200010C08985882359F489818F5F89838C81B2
:103730009D81FC0180859981981720F201C00000CD
:1037400080E02996CDBFDEBFDF91CF910895CF9362
:10375000DF93CDB7DEB72A97CDBFDEBF8D839E83C3
:103760006F83788749875A8719828F819885FC01F2
:1037700081818F3009F030F48F819885FC0181813F
:10378000882339F489859A8521E0FC01208381E032
:10379000BBC08F819885FC0181818B838B818823BD
:1037A00009F44CC08F819885FC0184819B81692F2D
:1037B0000E94489D892F882339F089859A8521E0C8
:1037C000FC01208381E0A0C08F819885FC01848169
:1037D0008823A1F11A8226C08F819885FC018281FD
:1037E00093812A81422F50E02B81222F30E0429F8B
:1037F000B001439F700D529F700D11249B01BC01BD
:10380000620F731F8D819E8120E04B810E94361BC9
:103810008C838C81882319F081E089830FC08A8191
:103820008F5F8A838F819885FC0184819B81692FBA
:103830000E94489D982F8A81891770F289859A8500
:10384000FC0181818F3009F008F458C089859A8580
:10385000FC018481882309F451C089859A85FC0183
:1038600081818F508B838B81882311F481E04CC040
:1038700089859A85FC0184819B81692F0E94489DDE
:10388000892F882339F089859A8521E0FC012083DE
:1038900081E03AC01A8226C089859A85FC0182811E
:1038A00093812A81422F50E02B81222F30E0429FCA
:1038B000B001439F700D529F700D11249B01BC01FC
:1038C000620F731F8D819E8121E04B810E94361B08
:1038D0008C838C81882319F081E089830FC08A81D1
:1038E0008F5F8A8389859A85FC0184819B81692FFA
:1038F0000E94489D982F8A81891770F289859A8540
:103900002981FC01208389812A96CDBFDEBFDF910A
:10391000CF910895CF93DF930F92CDB7DEB78FE3AA
:1039200090E0FC0180818983F89489810F90DF9178
:10393000CF910895CF93DF930F92CDB7DEB78983F0
:103940008FE390E02981FC01208300000F90DF913C
:10395000CF9108951F920F920FB60F9211240BB6BC
:103960000F922F933F934F935F936F937F938F9318
:103970009F93AF93BF93EF93FF93CF93DF93CDB715
:10398000DEB70E944A1E0000DF91CF91FF91EF91B8
:10399000BF91AF919F918F917F916F915F914F9167
:1039A0003F912F910F900BBE0F900FBE0F901F9065
:1039B00018951F920F920FB60F9211240BB60F920B
:1039C0002F933F934F935F936F937F938F939F9327
:1039D000AF93BF93EF93FF93CF93DF93CDB7DEB752
:1039E0000E944A1E0000DF91CF91FF91EF91BF919D
:1039F000AF919F918F917F916F915F914F913F9187
:103A00002F910F900BBE0F900FBE0F901F90189527
:103A1000CF93DF930F920F92CDB7DEB789839A834E
:103A200089819A81FC018481882F90E08370992795
:103A300021E08130910509F020E0822F0F900F9056
:103A4000DF91CF910895CF93DF930F920F92CDB76F
:103A5000DEB78A8305C08A81882311F086EF11C002
:103A6000809136408823B9F70E948A1C898381E0BF
:103A70008093364080E88093374089810E949A1C69
:103A800080E00F900F90DF91CF910895CF93DF9357
:103A90000F92CDB7DEB70000809137408038E1F358
:103AA00000C080912D4090912E400E94081D982FBB
:103AB00081E089278823A9F7809137408983109274
:103AC000364089810F90DF91CF910895CF93DF9396
:103AD000CDB7DEB72897CDBFDEBF80912D40909146
:103AE0002E4089839A8380912F40909130408B8320
:103AF0009C8320913140309132408B819C81FC012C
:103B00008481958128173907E4F48B819C81019683
:103B10008F83988780913140909132409C012F5F34
:103B20003F4F20933140309332409C018F819885E4
:103B3000820F931FFC01208189819A81FC012783D8
:103B40003FC020913340309134408B819C81FC01F7
:103B5000808591852817390760F580913540882345
:103B600059F089819A81FC018681282F2160898101
:103B70009A81FC01268324C08B819C81FC01868173
:103B800097818D839E8380913340909134409C0136
:103B90002F5F3F4F20933340309334402D813E813F
:103BA000820F931FFC01208189819A81FC01278368
:103BB00007C089819A8123E0FC012383109237405A
:103BC00000002896CDBFDEBFDF91CF910895CF933F
:103BD000DF9300D000D0CDB7DEB780912D4090911B
:103BE0002E4089839A8380912F40909130408B831F
:103BF0009C8320913340309134408B819C81FC0127
:103C00008085918528173907B0F58B819C81FC014F
:103C1000868197818D839E8380913340909134403B
:103C20009C012F5F3F4F20933340309334402D81D0
:103C30003E81820F931F29813A81F9012781FC017E
:103C4000208320913340309134408B819C81FC0152
:103C5000808591852817390730F489819A8122E07F
:103C6000FC01238310C089819A8127E0FC01238312
:103C70001092374008C089819A8123E0FC01238398
:103C800089EF8093374000002696CDBFDEBFDF91DD
:103C9000CF910895CF93DF930F92CDB7DEB7809188
:103CA0002D4090912E40FC01848189838981882F49
:103CB00090E088709927009799F080912D4090911D
:103CC0002E4029812860FC01248380912D40909111
:103CD0002E4023E0FC01238386EF809337402CC0E5
:103CE0008981882F90E084709927009739F4898121
:103CF000882F90E080719927009759F080912D408E
:103D000090912E4023E0FC0123838FEF8093374076
:103D100013C08981882F90E080749927009719F04B
:103D20000E94661D09C0898188231CF40E94E71D3A
:103D300003C08BEF8093374000000F90DF91CF914D
:103D40000895CF93DF9300D00F920F92CDB7DEB7D7
:103D50008A839B836C837D8388EB89838C819D819F
:103D6000FC0184819581A681B781282F8A819B815E
:103D7000FC0125838A819B812981FC0121838A8121
:103D80009B8121E0FC012483109236401092374041
:103D900080EA90E0FC01228180EA90E02260FC0150
:103DA0002283789480E02596CDBFDEBFDF91CF914E
:103DB0000895CF93DF9300D000D00F92CDB7DEB738
:103DC0008B839C836D837E834F838B819C81009743
:103DD00021F08D819E81009711F488EF4BC08D8179
:103DE0009E81FC0182850E94231D8983898188230D
:103DF00009F03FC08B819C8180932D4090932E4091
:103E00008D819E8180932F4090933040109231405D
:103E10001092324010923340109234408F81809340
:103E200035408D819E81FC018081880F8A838D8140
:103E30009E81FC0184819581009729F49F8181E016
:103E40008927882341F080912D4090912E402A812E
:103E5000FC0126830BC08F81882341F080912D4087
:103E600090912E402A812160FC0126830E94461DEC
:103E7000898389812796CDBFDEBFDF91CF910895D9
:103E8000CF93DF93CDB7DEB72897CDBFDEBF898351
:103E90009A836B837C834D835E832F8338878981EC
:103EA0009A812B813C81FC012083318389819A8115
:103EB0002D813E81FC012283338389819A812F8168
:103EC0003885FC012483358389819A818A5B9F4FE1
:103ED000FC01108289819A81895B9F4FFC011082CD
:103EE00089819A81885B9F4FFC01108289819A8128
:103EF000875B9F4FFC01108289819A81825B9F4F73
:103F0000FC01108200002896CDBFDEBFDF91CF916B
:103F10000895CF93DF9300D00F92CDB7DEB789839A
:103F20009A836B834C8389819A81FC018081918182
:103F30002C812863FC01208789819A81FC01808182
:103F400091812B81220FFC01238700002496CDBF95
:103F5000DEBFDF91CF910895CF93DF9300D0CDB72F
:103F6000DEB78A839B838A819B81FC01808191815A
:103F7000FC01828589838981882F90E0847099274C
:103F80000097D1F08A819B818A5B9F4FFC01108250
:103F90008A819B81895B9F4FFC0110828A819B8172
:103FA000875B9F4F24E0FC0120838A819B81885B93
:103FB0009F4FFC0110824DC08981882F90E088704E
:103FC00099270097D1F08A819B818A5B9F4FFC01E2
:103FD00010828A819B81895B9F4FFC0110828A81BC
:103FE0009B81875B9F4F23E0FC0120838A819B811B
:103FF000885B9F4FFC0110822CC08981882F90E044
:1040000080749927009761F08981882F90E08170F2
:104010009927009729F08A819B810E94302019C03E
:104020008981882F90E080749927009729F08A81F0
:104030009B810E948C200DC0898188232CF48A8169
:104040009B810E94C92005C08A819B8165E00E94F6
:10405000E92100000F900F900F90DF91CF9108950C
:10406000CF93DF9300D0CDB7DEB78A839B838A815D
:104070009B81825B9F4FFC0180818823A1F08A8114
:104080009B81FC018081918122E0FC0121878A8152
:104090009B8166E00E94E9218A819B81825B9F4F20
:1040A000FC01108232C08A819B81885B9F4F21E096
:1040B000FC0120838A819B81875B9F4FFC011082DA
:1040C0008A819B81FC0180819181FC0180858983AB
:1040D0008A819B81FC018081918129812B7FFC0158
:1040E00020878A819B818A5B9F4FFC0110828A8195
:1040F0009B81895B9F4FFC0110828A819B81FC011F
:104100008081918123E0FC01218700000F900F90B6
:104110000F90DF91CF910895CF93DF9300D00F924E
:10412000CDB7DEB78B839C838B819C81FC01808122
:104130009181FC01808589838B819C81FC01808138
:10414000918129812B7FFC0120878B819C81FC013F
:1041500080819181FC0182858A838B819C81FC0115
:10416000808191812A812064FC0122878B819C813E
:10417000FC0184819581FC0119958B819C8161E012
:104180000E94E92100002496CDBFDEBFDF91CF91D0
:104190000895CF93DF930F920F92CDB7DEB7898347
:1041A0009A8389819A81FC0180819181FC018285B9
:1041B000882F90E082709927009729F089819A8151
:1041C0000E94762104C089819A810E94ED2000001E
:1041D0000F900F90DF91CF910895CF93DF9300D090
:1041E0000F92CDB7DEB78B839C838B819C81FC01C2
:1041F00080819181FC01808589838B819C81FC0178
:104200008081918129812460FC0120878B819C81A0
:104210008A5B9F4FFC0180818F3111F008F052C002
:104220008B819C81FC0180819181FC0184858A8342
:104230008B819C818A5B9F4FFC018081882F90E05D
:104240002B813C81820F931F06962A81FC012083DB
:104250008B819C81FC0182819381FC0119958B816A
:104260009C818A5B9F4FFC01808121E0280F8B811C
:104270009C818A5B9F4FFC0120838B819C81825BA8
:104280009F4FFC0180818823A1F08B819C81FC01E0
:104290008081918122E0FC0121878B819C8166E0F5
:1042A0000E94E9218B819C81825B9F4FFC011082DF
:1042B00016C08B819C81FC018081918123E0FC01EF
:1042C00021870DC08B819C81FC018081918126E03A
:1042D000FC0121878B819C8162E00E94E921000022
:1042E0002496CDBFDEBFDF91CF910895CF93DF93AA
:1042F00000D0CDB7DEB78A839B838A819B81895B9F
:104300009F4FFC0180818823D9F08A819B81FC0129
:1043100080819181FC018285882F90E080719927AE
:10432000009771F08A819B81FC018081918122E05C
:10433000FC0121878A819B8161E00E94E92142C0C2
:104340008A819B81895B9F4FFC0180818F3109F0BD
:1043500060F58A819B81865B9F4FFC018081918102
:104360009E012F5F3F4FB9010E9462528A819B815B
:10437000FC01808191812981FC0124878A819B81B4
:10438000895B9F4FFC01808121E0280F8A819B81FE
:10439000895B9F4FFC0120838A819B81FC01808186
:1043A000918123E0FC0121870DC08A819B81FC0162
:1043B0008081918122E0FC0121878A819B8162E0DA
:1043C0000E94E92100000F900F900F90DF91CF9194
:1043D0000895CF93DF9300D0CDB7DEB789839A835A
:1043E0006B8389819A81875B9F4F2B81FC0120839E
:1043F00089819A81885B9F4FFC01108200000F9099
:104400000F900F90DF91CF910895CF93DF93CDB7A9
:10441000DEB72B97CDBFDEBF8A876B878A858983FE
:104420008B858A8389818B838B818C838C81869514
:10443000869586958D838D81882F90E0880F991FB2
:1044400082959295907F9827807F98279A5F0000A9
:104450008E839F838A818823A9F0898188878885B4
:10446000882F90E09C012770332781E090E002C004
:10447000880F991F2A95E2F7282F8E819F81FC01D2
:10448000258314C0898189878985882F90E09C01C4
:104490002770332781E090E002C0880F991F2A958A
:1044A000E2F7282F8E819F81FC0126830000000007
:1044B0002B96CDBFDEBFDF91CF910895CF93DF93D1
:1044C00000D000D00F92CDB7DEB78D836E837F838F
:1044D0008D818C838C81882F90E09C0127703327FD
:1044E00081E090E002C0880F991F2A95E2F7682FBB
:1044F0008D81898389818A838A818695869586952F
:104500008B838B81882F90E0880F991F82959295DD
:10451000907F9827807F98279A5F9C0100008E816A
:104520009F81AC01C9010E944B5000002796CDBF6E
:10453000DEBFDF91CF910895CF93DF930F920F925B
:10454000CDB7DEB789839A8389819A81FC01808106
:10455000282F206489819A81FC01208300000F901C
:104560000F90DF91CF910895CF93DF9300D0CDB717
:10457000DEB789839A836B8389819A812B81FC01C1
:10458000238300000F900F900F90DF91CF9108953B
:10459000CF93DF930F920F92CDB7DEB789839A83C3
:1045A00089819A81FC0183810F900F90DF91CF91D7
:1045B0000895CF93DF930F920F92CDB7DEB7898323
:1045C0009A8389819A81FC018281881F8827881FAC
:1045D0000F900F90DF91CF910895CF93DF9300D08C
:1045E0000F92CDB7DEB780E098E4A8EEB1E0898302
:1045F0009A83AB83BC8369817A818B819C81249669
:10460000CDBFDEBFDF91CF910895CF93DF9300D070
:1046100000D000D0CDB7DEB719820E94ED226A83A8
:104620007B838C839D838981882F90E02A813B81C5
:104630004C815D8104C056954795379527958A959D
:10464000D2F7DA01C9018E839F83A887B9876E816B
:104650007F81888599852996CDBFDEBFDF91CF9177
:104660000895CF93DF93CDB7DEB72897CDBFDEBFD8
:104670000E94052369837A838B839C8389819A8135
:10468000AB81BC818D839E83AF83B8876D817E8132
:104690008F8198852896CDBFDEBFDF91CF91089599
:1046A000CF93DF93CDB7DEB72897CDBFDEBF0E9493
:1046B000312369837A838B839C8389819A81AB813F
:1046C000BC818D839E83AF83B8876D817E818F810E
:1046D00098852896CDBFDEBFDF91CF910895CF9307
:1046E000DF93CDB7DEB72897CDBFDEBF0E94502342
:1046F00069837A838B839C8389819A81AB81BC8116
:104700008D839E83AF83B8876D817E818F819885ED
:104710002896CDBFDEBFDF91CF910895CF93DF9371
:1047200000D00F92CDB7DEB789839A836B837C83E9
:1047300089819A810E94C822282F8B819C81FC014B
:10474000208300002496CDBFDEBFDF91CF91089576
:10475000CF93DF930F920F92CDB7DEB789839A8301
:1047600089819A810E94D9220F900F90DF91CF9179
:104770000895462F572FBC01415051096109710915
:104780004115510561057105B9F70895BF92CF92A2
:10479000DF92EF92FF920F931F93CF93DF9300D09E
:1047A00000D00F92CDB7DEB78B839C836D838D8154
:1047B000882311F481E0E0C01A821982D7C0898170
:1047C000282F30E0C901880F991F880F991F880F83
:1047D000991F820F931F2B813C81820F931FFC0135
:1047E0008281938143E050E060E10E944B508981D7
:1047F000282F30E0C901880F991F880F991F880F53
:10480000991F820F931F2B813C81820F931FFC0104
:104810008281938143E050E060E20E944B508981A5
:10482000282F30E0C901880F991F880F991F880F22
:10483000991F820F931F2B813C81820F931FFC01D4
:104840008281938140E050E060E40E944B50898176
:10485000282F30E0C901880F991F880F991F880FF2
:10486000991F820F931F2B813C81820F931FFC01A4
:104870008281938141E050E060E80E944B50898141
:10488000282F30E0C901880F991F880F991F880FC2
:10489000991F820F931F2B813C81820F931FFC0174
:1048A000808191810E94CA2C8981282F30E0C90122
:1048B000880F991F880F991F880F991F820F931FC8
:1048C0002B813C81820F931FFC0184819581A681FD
:1048D000B7812981422F50E09A01220F331F220F06
:1048E000331F220F331F240F351F4B815C81240F90
:1048F000351FF901B0842981422F50E09A01220F1F
:10490000331F220F331F220F331F240F351F4B81FC
:104910005C81240F351FF9010190F081E02DEE83B9
:10492000FF83BE016E5F7F4FC12CD12C76018C01BD
:104930009D014B2D8E819F810E94FA2C8981282F09
:1049400030E0C901880F991F880F991F880F991FA0
:10495000820F931F2B813C81820F931FFC0180816A
:1049600091810E949C2289818F5F898399818D81A9
:10497000981708F424CF80E02796CDBFDEBFDF91E3
:10498000CF911F910F91FF90EF90DF90CF90BF904C
:104990000895CF93DF9300D000D0CDB7DEB78C83DE
:1049A0009D836E838E81882311F480E04BC0198231
:1049B00043C01A8226C08981282F30E0C901880FA0
:1049C000991F880F991F880F991F821B930B880FBF
:1049D000991F9C018C819D81820F931FFC01248172
:1049E00035818A81882F90E0820F931FFC0180819E
:1049F0008B8363E070E08B810E945E228A818F5FEF
:104A00008A838981282F30E0C901880F991F880F78
:104A1000991F880F991F821B930B880F991F9C0168
:104A20008C819D81820F931FFC0180859A8198174C
:104A300010F289818F5F898399818E81981708F49C
:104A4000B8CF80E02696CDBFDEBFDF91CF9108952D
:104A50002F923F924F925F926F927F928F929F928E
:104A6000AF92BF92CF92DF92EF92FF920F931F937C
:104A7000CF93DF93CDB7DEB76C97CDBFDEBF888B0A
:104A8000998B6A8B7B8B4C8B88899989DC01129678
:104A90008D919C91FC01808191818A839B8388897F
:104AA0009989DC011A968D919C911B97FC0180815C
:104AB000882309F093C019822BC088899989DC0169
:104AC00016968D919C911797FC018081882F90E01C
:104AD0002981222F30E0022E02C0959587950A94F5
:104AE000E2F781709927009781F088899989DC0124
:104AF00014962D913C918981882F90E0820F931F0D
:104B0000FC01808160E00E94052289818F5F89839A
:104B100088899989DC0118968C9118979981981742
:104B200060F21EC08A899B899C012F5F3F4F2A8BB0
:104B30003B8BFC0120818A819B818C839D832E830A
:104B40008C819D816E810E94B422000000008A81C8
:104B50009B810E94A823982F81E089278823B9F799
:104B60008C899FEF980F9C8B8823E1F619822BC0CC
:104B700088899989DC0116968D919C911797FC0183
:104B80008081882F90E02981222F30E0022E02C000
:104B9000959587950A94E2F781709927009781F09F
:104BA00088899989DC0114962D913C918981882FFF
:104BB00090E0820F931FFC01808161E00E9405223A
:104BC00089818F5F898388899989DC0118968C9106
:104BD00018979981981760F280E0A2C28889998914
:104BE000FC0182859385DC018C91843009F094C0AE
:104BF00088899989FC01848595850196DC018C91D1
:104C000061E00E940522198228C088899989FC01E7
:104C100086819781DC018C91882F90E02981222F59
:104C200030E0022E02C0959587950A94E2F78170D4
:104C30009927009779F088899989FC012481358129
:104C40008981882F90E0820F931FDC018C9160E0B6
:104C50000E94052289818F5F898388899989FC0157
:104C600080859981981788F21EC08A899B899C014A
:104C70002F5F3F4F2A8B3B8BDC012C918A819B81DC
:104C80008F83988729878F81988569850E94B422B0
:104C9000000000008A819B810E94A823982F81E058
:104CA00089278823B9F78C899FEF980F9C8B8823DD
:104CB000E1F6198228C088899989FC01868197814B
:104CC000DC018C91882F90E02981222F30E0022E88
:104CD00002C0959587950A94E2F78170992700970D
:104CE00079F088899989FC01248135818981882F0F
:104CF00090E0820F931FDC018C9161E00E940522FD
:104D000089818F5F898388899989FC018085998150
:104D1000981788F280E004C288899989DC011A9684
:104D20008D919C911B97FC018081813009F0C1C05D
:104D300088899989DC011C968D919C910196FC01D2
:104D4000808160E00E94052219822BC088899989A0
:104D5000DC0116968D919C911797FC018081882F1C
:104D600090E02981222F30E0022E02C09595879590
:104D70000A94E2F781709927009781F088899989D0
:104D8000DC0114962D913C918981882F90E0820F4F
:104D9000931FFC01808160E00E94052289818F5F62
:104DA000898388899989DC0118968C911897998153
:104DB000981760F288899989FC0184859585019608
:104DC000DC018C9161E00E9405221EC08A899B89CA
:104DD0009C012F5F3F4F2A8B3B8BFC0120818A81F6
:104DE0009B818A879B872C878A859B856C850E94FF
:104DF000B422000000008A819B810E94A823982F82
:104E000081E089278823B9F78C899FEF980F9C8BC5
:104E10008823E1F688899989DC011C968D919C9103
:104E20000196FC01808160E00E94052219822BC05E
:104E300088899989DC0116968D919C911797FC01C0
:104E40008081882F90E02981222F30E0022E02C03D
:104E5000959587950A94E2F781709927009781F0DC
:104E600088899989DC0114962D913C918981882F3C
:104E700090E0820F931FFC01808161E00E94052277
:104E800089818F5F898388899989DC0118968C9143
:104E900018979981981760F288899989FC0184850F
:104EA00095850196DC018C9161E00E94052280E0ED
:104EB00037C188899989FC0182859385DC018C91B1
:104EC000853009F02CC11EC08A899B899C012F5F07
:104ED0003F4F2A8B3B8BFC0120818A819B818D87F0
:104EE0009E872F878D859E856F850E94B422000046
:104EF00000008A819B810E94A823982F81E0892746
:104F00008823B9F78C899FEF980F9C8B8823E1F653
:104F100088899989DC011C968D919C910196FC01F0
:104F2000808160E00E94052219823CC088899989AD
:104F3000DC0116968D919C911797FC018081882F3A
:104F400090E02981222F30E0022E02C095958795AE
:104F50000A94E2F781709927009789F088899989E6
:104F6000DC0114962D913C918981882F90E0820F6D
:104F7000931FFC01808161E00E94052210C0888996
:104F80009989DC0114962D913C918981882F90E0BC
:104F9000820F931FFC01808160E00E9405228981BD
:104FA0008F5F898388899989DC0118968C9118977D
:104FB0009981981708F4BACF88899989FC0184856A
:104FC00095850196DC018C9161E00E9405220E948A
:104FD0006F236D8B7E8B8F8B988F8D899E89AF8988
:104FE000B88D4C015D01C12CD12C7601282D392DB5
:104FF0004A2D5B2D6C2D7D2D8E2D9F2D215C3D4BE3
:10500000404F5F4F6F4F7F4F8F4F9F4F222E332E5A
:10501000442E552E662E772E882E992EA12C0F2EDB
:10502000FCE7BF2EF02D0F2EF2E9CF2EF02DD12C64
:10503000E12CF12C00E010E0222D332D442D552DD4
:10504000662D772D882D992D0E94599E822E932EA4
:10505000A42EB52EC62ED72EE82EF92E082D192DEA
:105060002A2D3B2D4C2D5D2D6E2D7F2D098F1A8FF6
:105070002B8F3C8F698D7A8D8B8D9C8D0E94B923EF
:1050800088899989DC011C968D919C910196FC017F
:10509000808160E00E94052219822BC0888999894D
:1050A000DC0116968D919C911797FC018081882FC9
:1050B00090E02981222F30E0022E02C0959587953D
:1050C0000A94E2F781709927009781F0888999897D
:1050D000DC0114962D913C918981882F90E0820FFC
:1050E000931FFC01808160E00E94052289818F5F0F
:1050F000898388899989DC0118968C911897998100
:10510000981760F288899989FC01848595850196B4
:10511000DC018C9161E00E94052280E001C088EFF3
:105120006C96CDBFDEBFDF91CF911F910F91FF90A5
:10513000EF90DF90CF90BF90AF909F908F907F9037
:105140006F905F904F903F902F900895CF93DF9393
:10515000CDB7DEB72B97CDBFDEBF8F83988769872A
:105160007A874B8719828F819885FC018281938190
:10517000FC01808191818A839B83198229C08F8160
:105180009885FC0186819781FC018081882F90E0C1
:105190002981222F30E0022E02C0959587950A942E
:1051A000E2F781709927009781F08F819885FC0143
:1051B000248135818981882F90E0820F931FFC0123
:1051C000808160E00E9405220AC089818F5F898307
:1051D0008F819885FC0180859981981780F225C080
:1051E00089859A85FC0120818A819B818C839D839E
:1051F0002E838C819D816E810E94B422000000006C
:105200008A819B810E94A823982F81E08927882387
:10521000B9F729853A858A819B81B9010E948E233D
:1052200089859A85019689879A878B859FEF980F44
:105230009B878823A9F68F819885FC0182859385B9
:10524000FC018081853091F1198229C08F81988578
:10525000FC0186819781FC018081882F90E0298163
:10526000222F30E0022E02C0959587950A94E2F72E
:1052700081709927009781F08F819885FC012481A6
:1052800035818981882F90E0820F931FFC018081F6
:1052900061E00E9405220AC089818F5F89838F8126
:1052A0009885FC0180859981981780F280E02B9683
:1052B000CDBFDEBFDF91CF910895CF92DF92EF9205
:1052C000FF920F931F93CF93DF93CDB7DEB72E9747
:1052D000CDBFDEBF8F83988769877A874B875C87CE
:1052E0001E828F819885FC0182819381FC018085DB
:1052F0008B8319828F819885FC018185882F90E0AE
:1053000080749927009709F44CC08F819885FC011F
:1053100082819381FC0120858F819885FC018281A7
:105320009381237DFC0120878F819885FC018281F8
:105330009381FC018085282F8F819885FC018185D0
:105340008C72282B8F819885FC0182819381FC01CE
:1053500020878F819885FC0182819381FC01848163
:105360009581A681B7812F813885F901228133810A
:10537000F90140852F813885F90122813381F901B6
:105380000190F081E02DED87FE87BE016A5F7F4FBF
:10539000C12CD12C76018C019D018D859E850E94AA
:1053A000FA2C89859A85FC0181818F3009F030F4CF
:1053B00089859A85FC018181882311F481E0E2C00E
:1053C00089859A85FC0181818C838C81882309F4ED
:1053D00044C089859A85FC0184819C81692F0E9443
:1053E000489D892F882311F081E0CCC089859A855A
:1053F000FC018481882389F11A8223C089859A85DA
:10540000FC01828193812A81422F50E02C81222F3E
:1054100030E0429FB001439F700D529F700D1124E8
:105420009B01280F391F8F8198854C81B9010E94FB
:105430002825882319F081E089830FC08A818F5F36
:105440008A8389859A85FC0184819C81692F0E94C9
:10545000489D982F8A81891788F28B859C85FC014D
:1054600081818F3009F008F452C08B859C85FC0146
:105470008481882309F44BC08B859C85FC01818144
:105480008F508C838C81882311F481E07BC08B85C5
:105490009C85FC0184819C81692F0E94489D892FF5
:1054A000882311F081E06EC01A8225C08B859C850F
:1054B000FC01828193812A81422F50E02C81222F8E
:1054C00030E0429FB001439F700D529F700D112438
:1054D0009B01280F391F8F8198854C81B9010E944B
:1054E000A6288D838D81882319F081E089830FC0E0
:1054F0008A818F5F8A838B859C85FC0184819C8156
:10550000692F0E94489D982F8A81891778F28F8190
:105510009885FC01828193812B81FC0120878F81FA
:105520009885FC018185882F90E0807499270097E9
:1055300041F18F819885FC0182819381FC018481F6
:105540009581A681B7812F813885F9012281338128
:10555000F90140852F813885F90122813381F901D4
:105560000190F081E02DED87FE87BE016A5F7F4FDD
:10557000C12CD12C76018C019D018D859E850E94C8
:10558000FA2C89812E96CDBFDEBFDF91CF911F917E
:105590000F91FF90EF90DF90CF900895CF93DF931E
:1055A00000D0CDB7DEB789839A836B8389819A81D6
:1055B000009721F08B81833019F010F081E018C042
:1055C00089819A81FC018185282F2C7F89819A818C
:1055D000FC01218789819A81FC0191858B818370EF
:1055E000892B282F206489819A81FC01218780E002
:1055F0000F900F900F90DF91CF910895CF93DF938D
:10560000CDB7DEB72A97CDBFDEBF8A878A8589836B
:105610001A8289818B838B818C838C818695869578
:1056200086958D838D81882F90E0880F991F8295B4
:105630009295907F9827807F98279A5F00008E83AD
:105640009F838A818823A9F0898188878885882F0C
:1056500090E09C012770332781E090E002C0880F22
:10566000991F2A95E2F7282F8E819F81FC012583BF
:1056700014C0898189878985882F90E09C012770D3
:10568000332781E090E002C0880F991F2A95E2F746
:10569000282F8E819F81FC012683000000002A961E
:1056A000CDBFDEBFDF91CF910895CF93DF93CDB70C
:1056B000DEB72A97CDBFDEBF8A878A85898381E0DE
:1056C0008A8389818B838B818C838C818695869557
:1056D00086958D838D81882F90E0880F991F829504
:1056E0009295907F9827807F98279A5F00008E83FD
:1056F0009F838A818823A9F0898188878885882F5C
:1057000090E09C012770332781E090E002C0880F71
:10571000991F2A95E2F7282F8E819F81FC0125830E
:1057200014C0898189878985882F90E09C01277022
:10573000332781E090E002C0880F991F2A95E2F795
:10574000282F8E819F81FC012683000000002A966D
:10575000CDBFDEBFDF91CF910895CF93DF9300D00F
:10576000CDB7DEB789839A836B8389819A812B8138
:10577000FC01238300000F900F900F90DF91CF91D9
:105780000895CF93DF930F920F92CDB7DEB7898341
:105790009A8389819A81FC0183810F900F90DF9118
:1057A000CF910895CF93DF930F920F92CDB7DEB7CD
:1057B00089839A8389819A81FC018281881F882745
:1057C000881F0F900F90DF91CF910895CF93DF93B3
:1057D0000F920F92CDB7DEB789839A8389819A8120
:1057E000FC018081282F206189819A81FC0120831E
:1057F00000000F900F90DF91CF910895CF93DF932A
:1058000000D00F92CDB7DEB780E098E4A8EEB1E00B
:1058100089839A83AB83BC8369817A818B819C81E4
:105820002496CDBFDEBFDF91CF910895CF93DF9354
:1058300000D000D000D0CDB7DEB719820E94FE2B79
:105840006A837B838C839D838981882F90E02A8162
:105850003B814C815D8104C05695479537952795CE
:105860008A95D2F7DA01C9018E839F83A887B98709
:105870006E817F81888599852996CDBFDEBFDF91B6
:10588000CF910895CF93DF93CDB7DEB72897CDBFE3
:10589000DEBF0E94162C69837A838B839C83898167
:1058A0009A81AB81BC818D839E83AF83B8876D81E4
:1058B0007E818F8198852896CDBFDEBFDF91CF9105
:1058C0000895CF93DF93CDB7DEB72897CDBFDEBF66
:1058D0000E94422C69837A838B839C8389819A817D
:1058E000AB81BC818D839E83AF83B8876D817E81C0
:1058F0008F8198852896CDBFDEBFDF91CF91089527
:10590000CF93DF93CDB7DEB72897CDBFDEBF0E9420
:10591000612C69837A838B839C8389819A81AB8193
:10592000BC818D839E83AF83B8876D817E818F819B
:1059300098852896CDBFDEBFDF91CF910895CF9394
:10594000DF9300D00F92CDB7DEB789839A836B8344
:105950007C8389819A810E94C12B282F8B819C8115
:10596000FC01208300002496CDBFDEBFDF91CF91E4
:105970000895CF93DF930F920F92CDB7DEB789834F
:105980009A8389819A810E94D22B0F900F90DF9188
:10599000CF910895CF93DF930F920F92CDB7DEB7DB
:1059A00089839A8389819A81803C28E0920721F437
:1059B00068E083E00E94A15889819A81803C29E0B7
:1059C000920721F468E084E00E94A15889819A81BD
:1059D000803C2AE0920721F468E085E00E94A1580B
:1059E00089819A810E94E62B00000F900F90DF9131
:1059F000CF910895CF92DF92EF92FF920F931F9372
:105A0000CF93DF93CDB7DEB76197CDBFDEBF89837C
:105A10009A836B837C834D830E831F83288739870A
:105A2000CA86DB86EC86FD860E94802C6E877F8787
:105A3000888B998B8E819F81A885B985E981FA81B0
:105A40000E851F8528893989AC01BD01CF010E94CF
:105A5000F12D88237CF089819A81FC018081982F27
:105A6000937D8D818C72892B282F89819A81FC01ED
:105A7000208301C000006196CDBFDEBFDF91CF91D2
:105A80001F910F91FF90EF90DF90CF900895CF93EB
:105A9000DF9300D000D000D0CDB7DEB78C839D83DC
:105AA0006E837F83488759871EC08E819F819C01AA
:105AB0002F5F3F4F2E833F83FC0120818C819D818E
:105AC00089839A832B8389819A816B810E94AD2B74
:105AD000000000008C819D810E94B92C982F81E0EC
:105AE00089278823B9F7888599859C012150310938
:105AF000288739870097C9F680E02996CDBFDEBF99
:105B0000DF91CF910895CF93DF9300D000D000D0E4
:105B1000CDB7DEB78C839D836E837F83488759879B
:105B200022C08C819D8189839A838FEF8B838981A9
:105B30009A816B810E94AD2B000000008C819D81B9
:105B40000E94B92C982F81E089278823B9F72E81EC
:105B50003F818C819D81B9010E949F2C8E819F8104
:105B600001968E839F83888599859C0121503109F8
:105B7000288739870097A9F680E02996CDBFDEBF38
:105B8000DF91CF910895CF93DF9300D00F92CDB7DF
:105B9000DEB789839A836B837C838B819C81FC0134
:105BA00080810E94FE2A00002496CDBFDEBFDF91D7
:105BB000CF910895CF93DF9300D00F92CDB7DEB78A
:105BC00089839A836B837C838B819C81FC01808198
:105BD0000E94552B00002496CDBFDEBFDF91CF91F0
:105BE00008950F931F93CF93DF93CDB7DEB76497DC
:105BF000CDBFDEBF8F83988749875A876B877C87A5
:105C00000D871E872F87388B4D855E856F85788938
:105C100089859A85AB85BC85840F951FA61FB71F04
:105C20009C01AD012150310941095109298B3A8B61
:105C30004B8B5C8B09851A852B853C8569897A8914
:105C40008B899C89A90198010E94549DDA01C901A0
:105C50008A839B83AC83BD838A819B81AC81BD8118
:105C600080389105A105B10519F010F08FEF3BC008
:105C70008A818E838E81803421F018F083E08983BD
:105C800024C08E81803221F018F082E089831DC00B
:105C90008E81803121F018F082E8898316C08E81D0
:105CA000883021F018F081E089830FC08E81843024
:105CB00021F018F081E8898308C08E81823019F0C4
:105CC00010F0198202C080E889838F819885FC01D9
:105CD0008081982F9C778981892B282F8F819885A7
:105CE000FC01208381E06496CDBFDEBFDF91CF91C0
:105CF0001F910F910895CF93DF930F92CDB7DEB729
:105D00008FE390E0FC0180818983F89489810F9072
:105D1000DF91CF910895CF93DF930F92CDB7DEB788
:105D200089838FE390E02981FC01208300000F909C
:105D3000DF91CF910895CF93DF93CDB7DEB72D9745
:105D4000CDBFDEBF8C876D878C8589838D858A83E7
:105D500089818B838B818C838C81869586958695B2
:105D60008D838D81882F90E0880F991F8295929561
:105D7000907F9827807F98279A5F00008E839F836B
:105D80008E819F819C01205F3F4F89818887888514
:105D90008770882F90E0820F931F89879A870E94CF
:105DA0007B2E8B8789859A85FC018081282F27701F
:105DB00089859A85FC01208389859A85FC019081DB
:105DC0008A81292F282B89859A85FC0120838B8540
:105DD0000E948B2E000000002D96CDBFDEBFDF910C
:105DE000CF910895CF93DF93CDB7DEB72B97CDBF7B
:105DF000DEBF8A876B878A8589838B858A838981C1
:105E00008B838B818C838C818695869586958D83FB
:105E10008D81882F90E0880F991F82959295907FB1
:105E20009827807F98279A5F00008E839F838A81BE
:105E30008130A9F4898188878885882F90E09C012A
:105E40002770332781E090E002C0880F991F2A95C0
:105E5000E2F7282F8E819F81FC01218317C08A8160
:105E60008823A1F4898189878985882F90E09C0106
:105E70002770332781E090E002C0880F991F2A9590
:105E8000E2F7282F8E819F81FC0122830000000011
:105E90002B96CDBFDEBFDF91CF910895CF93DF93D7
:105EA000CDB7DEB72B97CDBFDEBF8A876B878A85DC
:105EB00089838B858A8389818B838B818C838C8179
:105EC0008695869586958D838D81882F90E0880FA5
:105ED000991F82959295907F9827807F98279A5F47
:105EE00000008E839F838A818823A9F08981888717
:105EF0008885882F90E09C012770332781E090E00F
:105F000002C0880F991F2A95E2F7282F8E819F8162
:105F1000FC01258314C0898189878985882F90E0B9
:105F20009C012770332781E090E002C0880F991F01
:105F30002A95E2F7282F8E819F81FC01268300009D
:105F400000002B96CDBFDEBFDF91CF910895CF9398
:105F5000DF9300D0CDB7DEB789839A836B838981C5
:105F60009A81FC018381282F2F7C8B81882F90E0E0
:105F700082959295907F9827807F9827822B282F53
:105F800089819A81FC01238300000F900F900F906C
:105F9000DF91CF910895CF93DF9300D0CDB7DEB7D7
:105FA00089839A836B8389819A81FC018381282F5D
:105FB000237F8B81882F90E0880F991F880F991F6E
:105FC000822B282F89819A81FC01238300000F9066
:105FD0000F900F90DF91CF910895CF93DF930F92A1
:105FE0000F92CDB7DEB789839A8389819A81FC01AC
:105FF0008181882F90E08072992721E0009709F431
:1060000020E0822F0F900F90DF91CF910895CF93D2
:10601000DF93CDB7DEB72897CDBFDEBF8A839B83E2
:106020006C837D834E835F8328878A819B81FC01FB
:1060300081819281FC01808189838C819D8100977F
:1060400009F444C08E819F81009741F08E819F8129
:106050009E012F5F3F4FB9010E94D75100008C81F4
:106060009D81FC01818192810E94ED2F982F81E01A
:1060700089278823A1F78C819D81FC0181819281F0
:106080002981FC01208388858130F1F4809138409A
:10609000843039F489818D3021F41092384081E0C8
:1060A00021C080913840882F90E08857974DFC019F
:1060B00090818981981731F4809138408F5F809367
:1060C000384002C01092384080E00CC08A819B8129
:1060D000FC01808991899E012F5F3F4FB9010E9489
:1060E000D75180E02896CDBFDEBFDF91CF910895D4
:1060F000CF93DF9300D00F92CDB7DEB78B839C8315
:1061000019828B819C81FC01828993890E94725142
:10611000982F81E089278823B9F08B819C81FC012D
:10612000828993899E012E5F3F4FB9010E9462527E
:10613000982F81E0892789838B819C81FC01818153
:1061400092812A81FC01208389812496CDBFDEBF04
:10615000DF91CF910895CF93DF9300D000D00F92BD
:10616000CDB7DEB78D839E836F838F81882311F433
:106170008AEFF1C08D819E81009711F48AEFEBC008
:106180001982E3C08981282F30E044E1429FC00199
:10619000439F900D11242D813E81820F931FFC019E
:1061A00081819281009711F487EFD5C08981282FD2
:1061B00030E044E1429FC001439F900D11242D81A6
:1061C0003E81820F931FFC018581482F440F440FAD
:1061D000440F8981282F30E054E1529FC001539F22
:1061E000900D11242D813E81820F931FFC01868129
:1061F000840F8A8361E08A810E94F22E61E08A81A5
:106200000E944E2F8981282F30E044E1429FC00137
:10621000439F900D11242D813E81820F931FFC011D
:106220008781482F440F440F440F8981282F30E085
:1062300054E1529FC001539F900D11242D813E8146
:10624000820F931FFC018085840F8A8360E08A811E
:106250000E94F22E68E18A810E949B2E8981282F5C
:1062600030E044E1429FC001439F900D11242D81F5
:106270003E81820F931FFC0183818B838981282FAC
:1062800030E044E1429FC001439F900D11242D81D5
:106290003E81820F931FFC0184818C836C818B81F2
:1062A0000E94A1588981282F30E044E1429FC0011B
:1062B000439F900D11242D813E81820F931FAC01CD
:1062C000475F5F4F8981282F30E064E1629FC00102
:1062D000639F900D11242D813E81820F931FFC013D
:1062E00081819281BA010E940E37982F81E089271F
:1062F000882311F088EF2FC08981282F30E044E1F6
:10630000429FC001439F900D11242D813E81820F39
:10631000931FFC018181928163E00E94CB2F8981D0
:10632000282F30E044E1429FC001439F900D11248B
:106330002D813E81820F931FFC018181928163E058
:106340000E94A72F89818F5F898399818F819817F8
:1063500008F418CF80E02796CDBFDEBFDF91CF9144
:106360000895CF93DF9300D00F920F92CDB7DEB791
:1063700089839A836B837C834D8389819A81FC0115
:106380008181928160E00E94CB2F11C08B819C8122
:106390009C012F5F3F4F2B833C83FC01208189812F
:1063A0009A81FC0181819281622F0E9471388D81D6
:1063B0009FEF980F9D83882349F789819A81FC017B
:1063C0008181928163E00E94CB2F80E02596CDBF32
:1063D000DEBFDF91CF910895CF93DF9300D00F926E
:1063E0000F92CDB7DEB78A839B836C837D8319823E
:1063F0000EC08981882F90E02C813D81820F931FF0
:10640000FC018081882339F089818F5F89838981AC
:106410008F3F79F701C000002C813D818A819B81EB
:106420004981B9010E94B13100002596CDBFDEBF80
:10643000DF91CF910895CF93DF9300D0CDB7DEB732
:1064400089839A836B839E012D5F3F4F89819A8157
:1064500041E0B9010E94B13100000F900F900F9000
:10646000DF91CF910895CF93DF9300D00F920F92D9
:10647000CDB7DEB789839A836B837C834D83898113
:106480009A81FC018181928160E00E94A72F11C056
:1064900089819A81FC01818192810E948F38282F05
:1064A0008B819C81FC0120838B819C8101968B8355
:1064B0009C838D819FEF980F9D83882349F7898165
:1064C0009A81FC018181928163E00E94A72F80E084
:1064D0002596CDBFDEBFDF91CF910895CF93DF9397
:1064E00000D0CDB7DEB78A839B838A819B8141E050
:1064F0009E012F5F3F4FB9010E94333289810F9077
:106500000F900F90DF91CF910895CF93DF9300D03C
:1065100000D00F92CDB7DEB78C839D836E837F83CF
:106520008C819D81FC018081833019F010F087EF10
:1065300031C08E819F81009711F48AEF2BC08C812E
:106540009D81FC018089918989839A8310C09E0175
:106550002D5F3F4F89819A81B9010E9462529E014D
:106560002D5F3F4F8E819F81B9010E94D751898154
:106570009A810E947251982F81E08927882349F0DF
:106580008E819F810E948F51982F81E089278823D7
:10659000F1F680E02796CDBFDEBFDF91CF91089561
:1065A000CF93DF9300D000D00F92CDB7DEB78C83AE
:1065B0009D836E837F838C819D81FC0180818330EC
:1065C00019F010F087EF4AC08E819F81009711F477
:1065D0008AEF44C08C819D81FC01828993898983E3
:1065E0009A8310C09E012D5F3F4F8E819F81B9011C
:1065F0000E9462529E012D5F3F4F89819A81B901AD
:106600000E94D7518E819F810E947251982F81E004
:106610008927882349F089819A810E948F51982F78
:1066200081E089278823F1F689819A810E9472513D
:10663000982F81E08927882381F09E012D5F3F4FAD
:1066400089819A81B9010E9462528C819D81FC01ED
:10665000818192812B81FC01208380E02796CDBF30
:10666000DEBFDF91CF910895CF93DF930F92CDB727
:10667000DEB78FE390E0FC0180818983F894898103
:106680000F90DF91CF910895CF93DF930F92CDB705
:10669000DEB789838FE390E02981FC01208300002D
:1066A0000F90DF91CF910895CF93DF9300D00F9299
:1066B000CDB7DEB780E098E4A8EEB1E089839A8395
:1066C000AB83BC8369817A818B819C812496CDBF09
:1066D000DEBFDF91CF910895CF93DF9300D000D03C
:1066E00000D0CDB7DEB719820E9454336A837B8312
:1066F0008C839D838981882F90E02A813B814C8106
:106700005D8104C056954795379527958A95D2F7B0
:10671000DA01C9018E839F83A887B9876E817F8143
:10672000888599852996CDBFDEBFDF91CF910895E9
:10673000CF93DF93CDB7DEB72897CDBFDEBF0E94E2
:106740006C3369837A838B839C8389819A81AB8143
:10675000BC818D839E83AF83B8876D817E818F815D
:1067600098852896CDBFDEBFDF91CF910895CF9356
:10677000DF93CDB7DEB72897CDBFDEBF0E94983339
:1067800069837A838B839C8389819A81AB81BC8165
:106790008D839E83AF83B8876D817E818F8198853D
:1067A0002896CDBFDEBFDF91CF910895CF93DF93C1
:1067B0000F920F92CDB7DEB789839A8389819A8130
:1067C000009709F45EC189819A81803C910529F482
:1067D00060E180E00E94A15854C189819A818115AD
:1067E00024E0920729F464E080E00E94A15849C1A6
:1067F00089819A81803821E0920729F462E080E063
:106800000E94A1583EC189819A81811521E0920799
:1068100029F461E080E00E94A15833C189819A8106
:10682000803823E0920729F461E081E00E94A158BA
:1068300028C189819A81803923E0920729F461E097
:1068400082E00E94A1581DC189819A81811522E0B0
:10685000920729F462E081E00E94A15812C1898167
:106860009A81803422E0920729F462E082E00E945B
:10687000A15807C189819A81803223E0920729F4C7
:1068800064E082E00E94A158FCC089819A81811550
:1068900028E0920729F461E083E00E94A158F1C04A
:1068A00089819A81811529E0920729F461E084E0C9
:1068B0000E94A158E6C089819A8181152AE0920739
:1068C00029F461E085E00E94A158DBC089819A81AA
:1068D00081152BE0920729F461E086E00E94A1581F
:1068E000D0C089819A81803428E0920729F462E03F
:1068F00083E00E94A158C5C089819A81803429E033
:10690000920729F462E084E00E94A158BAC089810C
:106910009A8180342AE0920729F462E085E00E949F
:10692000A158AFC089819A81803928E0920729F463
:1069300064E083E00E94A158A4C089819A818039D3
:1069400029E0920729F464E084E00E94A15899C0EC
:1069500089819A8180392AE0920729F464E085E0F0
:106960000E94A1588EC089819A8180392BE09207BC
:1069700029F464E086E00E94A15883C089819A814D
:10698000803C28E0920729F468E083E00E94A15847
:1069900078C089819A81803C29E0920729F468E0D7
:1069A00084E00E94A1586DC089819A81803C2AE0D0
:1069B000920729F468E085E00E94A15862C08981AD
:1069C0009A81803A28E0920729F460E183E00E94EE
:1069D000A15857C089819A81803A29E0920729F409
:1069E00060E184E00E94A1584CC089819A81803A7C
:1069F0002AE0920729F460E185E00E94A15841C095
:106A000089819A81803A2BE0920729F460E186E03F
:106A10000E94A15836C089819A81803B28E0920764
:106A200029F460E283E00E94A1582BC089819A81F9
:106A3000803B29E0920729F460E284E00E94A1589B
:106A400020C089819A81803B2AE0920729F460E284
:106A500085E00E94A15815C089819A81803824E080
:106A6000920729F460E483E00E94A1580AC089815A
:106A70009A81803A24E0920721F460E485E00E9444
:106A8000A15800000F900F90DF91CF910895CF9300
:106A9000DF930F920F92CDB7DEB789839A838981F6
:106AA0009A81FC018481282F206189819A81FC01CF
:106AB000248300000F900F90DF91CF910895CF9322
:106AC000DF930F920F92CDB7DEB789839A838981C6
:106AD0009A81FC018481282F2F7E89819A81FC0173
:106AE000248300000F900F90DF91CF910895CF93F2
:106AF000DF9300D00F920F92CDB7DEB789839A83D0
:106B00006B834C832D839B818C81892B982F8D8166
:106B1000882311F088E001C080E0892B282F89812B
:106B20009A81FC01258300002596CDBFDEBFDF9151
:106B3000CF910895CF93DF930F920F92CDB7DEB729
:106B400089839A8389819A81FC018481282F286016
:106B500089819A81FC01248300000F900F90DF91BE
:106B6000CF910895CF93DF9300D0CDB7DEB789835F
:106B70009A836B8389819A81FC018581982F9F7309
:106B80008B81892B282F89819A81FC012583000024
:106B90000F900F900F90DF91CF910895CF93DF93D7
:106BA0000F920F92CDB7DEB789839A8389819A813C
:106BB000FC018181882F90E08072992721E0009765
:106BC00009F420E0822F0F900F90DF91CF9108956C
:106BD000CF93DF930F920F92CDB7DEB789839A835D
:106BE00089819A81FC018181882F90E080789927A2
:106BF00021E0009709F420E0822F0F900F90DF91A1
:106C0000CF910895CF93DF93CDB7DEB72D97CDBF4A
:106C1000DEBF8C876D878C8589838D858A8389818A
:106C20008B838B818C838C818695869586958D83CD
:106C30008D81882F90E0880F991F82959295907F83
:106C40009827807F98279A5F00008E839F838E818C
:106C50009F819C01205F3F4F89818887888587704D
:106C6000882F90E0820F931F89879A870E94343380
:106C70008B8789859A85FC018081282F27708985DB
:106C80009A85FC01208389859A85FC0190818A81FF
:106C9000292F282B89859A85FC0120838B850E94CA
:106CA0004433000000002D96CDBFDEBFDF91CF91B1
:106CB0000895CF93DF93CDB7DEB72B97CDBFDEBF5F
:106CC0008A876B878A8589838B858A8389818B8371
:106CD0008B818C838C818695869586958D838D811D
:106CE000882F90E0880F991F82959295907F982722
:106CF000807F98279A5F00008E839F838A818130EE
:106D0000A9F4898188878885882F90E09C01277065
:106D1000332781E090E002C0880F991F2A95E2F79F
:106D2000282F8E819F81FC01218317C08A818823AF
:106D3000A1F4898189878985882F90E09C0127703B
:106D4000332781E090E002C0880F991F2A95E2F76F
:106D5000282F8E819F81FC012283000000002B964A
:106D6000CDBFDEBFDF91CF910895CF93DF93CDB735
:106D7000DEB72B97CDBFDEBF8A876B878A85898375
:106D80008B858A8389818B838B818C838C8186958B
:106D9000869586958D838D81882F90E0880F991F29
:106DA00082959295907F9827807F98279A5F000020
:106DB0008E839F838A818823A9F08981888788852B
:106DC000882F90E09C012770332781E090E002C07B
:106DD000880F991F2A95E2F7282F8E819F81FC0149
:106DE000258314C0898189878985882F90E09C013B
:106DF0002770332781E090E002C0880F991F2A9501
:106E0000E2F7282F8E819F81FC012683000000007D
:106E10002B96CDBFDEBFDF91CF9108950F931F93C7
:106E2000CF93DF9300D000D000D0CDB7DEB78A83F8
:106E30009B836C837D838A819B810E94D6338A8168
:106E40009B8160E00E94B2358C819D81FC0126818E
:106E50008C819D81FC0145818C819D81FC01348167
:106E60008A819B81632F0E9477350E94B7336E839E
:106E70007F83888799878C819D81FC0180819181A6
:106E8000A281B381EA81FB810E811F81288539852A
:106E9000AC01BD01CF010E94FA3989838A819B81AF
:106EA0000E949A358A819B810E9447358981299663
:106EB000CDBFDEBFDF91CF911F910F9108950F934A
:106EC0001F93CF93DF93CDB7DEB72A97CDBFDEBF39
:106ED0008B839C836D837E838B819C810E94D633C0
:106EE0008B819C810E945F358D819E81FC01848114
:106EF000823031F08D819E81FC018481833019F4D0
:106F000081E090E002C080E090E08A838A81817015
:106F10008A838B819C81803AF8E09F0779F480E432
:106F200096E0FC018685882F90E080719927009774
:106F300019F085E1898302C081E189838B819C817D
:106F4000803BF8E09F0711F485E189838B819C8168
:106F5000803A29E0920779F480E696E0FC01868584
:106F6000882F90E080719927009719F08DE189832F
:106F700002C089E189838B819C81803BF9E09F0776
:106F800011F48DE189838B819C81803A2AE09207FC
:106F900079F480E896E0FC018685882F90E0807186
:106FA0009927009719F085E2898302C081E28983DD
:106FB0008B819C81803BFAE09F0711F485E28983F5
:106FC0008B819C81803A2BE0920779F480EA96E0ED
:106FD000FC018685882F90E080719927009719F031
:106FE0008DE2898302C089E2898361E089810E9400
:106FF00059368A81882311F080E401C080E0682F2F
:1070000089810E94023661E089810E94B5368B81B8
:107010009C8160EC0E94B2358D819E81FC0184814F
:10702000813031F08D819E81FC018481833059F45F
:107030008B819C81FC018581282F22608B819C8122
:10704000FC0125830AC08B819C81FC018581282F4E
:107050002D7F8B819C81FC0125838D819E81FC018C
:107060008581882359F08B819C81FC018581282FA3
:1070700024608B819C81FC0125830AC08B819C81CB
:10708000FC018581282F2B7F8B819C81FC0125832E
:107090000E94B7336F83788789879A878D819E8115
:1070A000FC0180819181A281B381EB81FC810F8100
:1070B000188529853A85AC01BD01CF010E94DE3BD0
:1070C0008B819C810E949A358B819C810E944735DF
:1070D00000002A96CDBFDEBFDF91CF911F910F91A7
:1070E0000895CF93DF9300D0CDB7DEB789839A831D
:1070F0006B83000089819A810E94CE35982F81E0B0
:1071000089278823B9F789819A812B81FC01208303
:1071100080E00F900F900F90DF91CF910895CF9363
:10712000DF930F920F92CDB7DEB789839A83000069
:1071300089819A810E94E835982F81E089278823E8
:10714000B9F789819A81FC0180810F900F90DF91BE
:10715000CF910895CF93DF9300D00F92CDB7DEB7D4
:1071600069837A838B839C8389819A81AB81BC817B
:10717000811521EE9207A105B10509F485C0898129
:107180009A81AB81BC81811521EE9207A105B105E1
:1071900011F008F07BC089819A81AB81BC81811597
:1071A00026E99207A105B10509F46CC089819A818D
:1071B000AB81BC81811526E99207A105B10511F0CB
:1071C00008F064C089819A81AB81BC8181152BE470
:1071D0009207A105B10509F453C089819A81AB8159
:1071E000BC8181152BE49207A105B10511F008F0CF
:1071F0004DC089819A81AB81BC81803825E292079C
:10720000A105B105D9F189819A81AB81BC81803812
:1072100025E29207A105B10509F0C0F589819A819F
:10722000AB81BC81803C22E19207A105B10521F12F
:1072300089819A81AB81BC81803C22E19207A105C2
:10724000B10509F018F589819A81AB81BC81803B39
:1072500024E09207A105B10559F089819A81AB819B
:10726000BC81803629E09207A105B10519F00EC056
:1072700080E00DC081E00BC082E009C083E007C060
:1072800084E005C085E003C086E001C08FEF24964E
:10729000CDBFDEBFDF91CF910895CF93DF9300D0B4
:1072A0000F920F92CDB7DEB789839A836B837C836D
:1072B0004D832B8189819A81FC0126838B819C815E
:1072C000892F9927982F9F708D818295807F292FF4
:1072D000282B89819A81FC01278300002596CDBF48
:1072E000DEBFDF91CF9108950F931F93CF93DF936C
:1072F000CDB7DEB76997CDBFDEBF8C879D874E8740
:107300005F87688B798B0A8B1B8B2C8B3D8B19824B
:107310001A828E859F85A889B9898E8B9F8BA88FAD
:10732000B98F6E897F89888D998D0E94AA388B8349
:107330008A899B89AC89BD898038E4E89E07EEE1A3
:10734000AE07B105C1F48B81882F90E0880F991F9B
:107350008C579B4F8887998788859985FC01259153
:107360003491CF012A873B87888799878A859B85B7
:1073700089839A8323C08A899B89AC89BD898115B9
:10738000F8E49F07F8EEAF07F1E0BF07B9F48B818F
:10739000882F90E0880F991F8E569B4F8C839D837A
:1073A0008C819D81FC0125913491CF012E833F83F7
:1073B0008C839D838E819F8189839A838B818F3F6C
:1073C00081F029818C859D85DC0117962C93179778
:1073D00089819A81892F9927282F8C859D85FC0189
:1073E000268300006996CDBFDEBFDF91CF911F914C
:1073F0000F9108950F931F93CF93DF93CDB7DEB70F
:10740000AF97CDBFDEBF8E8B9F8B488F598F6A8F12
:107410007B8F0C8F1D8F2E8F3F8F8C8D9D8DAE8D12
:10742000BF8D689412F8B695A79597958795169491
:10743000D1F78E879F87A88BB98B8C8D9D8DAE8D54
:10744000BF8D072E76E1B695A795979587957A9586
:10745000D1F7702D8A879B87AC87BD878E899F89DE
:10746000DC0114968C911497882F90E084709927F2
:107470000097C1F48E859F85A889B989B695A7958F
:10748000979587958E879F87A88BB98B8A859B85D3
:10749000AC85BD85B695A795979587958A879B8777
:1074A000AC87BD87488D598D6A8D7B8D8E859F8574
:1074B000A889B989481759076A077B0709F068F452
:1074C000488D598D6A8D7B8D8A859B85AC85BD8560
:1074D000481759076A077B0710F480E067C18E8957
:1074E0009F89FC018481882F90E084709927009700
:1074F00061F4888D998DAA8DBB8D880F991FAA1F65
:10750000BB1F888F998FAA8FBB8F8FEF90E0A0E071
:10751000B0E08E839F83A887B9870C8D1D8D2E8D3B
:107520003F8D0CA71DA72EA73FA7088D198D2A8D6B
:107530003B8D6CA57DA58EA59FA5A90198010E94F4
:10754000549DDA01C9018A8B9B8BAC8BBD8B89EF73
:10755000898328C04A895B896C897D898E819F8156
:10756000A885B985481759076A077B0700F18E81FE
:107570009F81A885B985880F991FAA1FBB1F8E837D
:107580009F83A887B98789818D3F4CF48E819F8125
:10759000A885B98581608E839F83A887B9878981F3
:1075A0008F5F898389818630A9F2A4F201C000002F
:1075B000898188230CF09CC0888D998DAA8DBB8D04
:1075C000880F991FAA1FBB1F880F991FAA1FBB1FD7
:1075D000880F991FAA1FBB1FAC01BD018C8D9D8D0B
:1075E000AE8DBF8D841B950BA60BB70B8C8F9D8F1B
:1075F000AE8FBF8F89818E3FD4F58981082E000C14
:10760000990B2DEF3FEF281B390B8C8D9D8DAE8D87
:10761000BF8DAC01BD0104C0440F551F661F771F0D
:107620002A95D2F7888D998DAA8DBB8DB695A79591
:10763000979587958A019B01080F191F2A1F3B1FE9
:1076400008A319A32AA33BA3088D198D2A8D3B8D6E
:1076500068A179A18AA19BA1A90198010E94549DCA
:10766000DA01C9018A839B83AC83BD8384C089818D
:10767000082E000C990B9C012D5F3F4F888D998D32
:10768000AA8DBB8D04C0880F991FAA1FBB1F2A9506
:10769000D2F7888F998FAA8FBB8F888D998DAA8DED
:1076A000BB8DAC01BD0176956795579547958C8D3F
:1076B0009D8DAE8DBF8D8A019B01080F191F2A1F5A
:1076C0003B1F0CA31DA32EA33FA3088D198D2A8D4C
:1076D0003B8D6CA17DA18EA19FA1A90198010E9463
:1076E000549DDA01C9018A839B83AC83BD8343C067
:1076F0008981082E000C990B9C012D5F3F4F888DCE
:10770000998DAA8DBB8D04C0880F991FAA1FBB1F1E
:107710002A95D2F7888F998FAA8FBB8F888D998DE4
:10772000AA8DBB8DAC01BD017695679557954795A0
:107730008C8D9D8DAE8DBF8D8A019B01080F191F09
:107740002A1F3B1F08A719A72AA73BA7088D198D39
:107750002A8D3B8D68A579A58AA59BA5A9019801CD
:107760000E94549DDA01C9010197A109B1098A83D8
:107770009B83AC83BD838A819B81AC81BD81892F32
:107780009A2FAB2FBB27982F9F7089818295807F7E
:10779000292F282B8E899F89DC0117962C93179708
:1077A0002A818E899F89FC01268381E0AF96CDBF17
:1077B000DEBFDF91CF911F910F9108950F931F931B
:1077C000CF93DF93CDB7DEB76097CDBFDEBF8B839E
:1077D0009C834D835E836F83788709871A872B8705
:1077E0003C8789859A85AB85BC85B695A795979585
:1077F00087954D815E816F817885481759076A07A3
:107800007B0700F58D819E81AF81B8858C019D013C
:10781000000F111F221F331F89859A85AB85BC85F8
:107820008D879E87AF87B88B6D857E858F8598897C
:10783000A90198010E94549DDA01C9010197898329
:107840009A8302C019821A8289819A81892F992785
:10785000282F2F708B819C81DC0117962C93179712
:1078600029818B819C81FC01268300006096CDBF1D
:10787000DEBFDF91CF911F910F910895CF93DF93DA
:107880000F92CDB7DEB78FE390E0FC018081898352
:10789000F89489810F90DF91CF910895CF93DF9372
:1078A0000F92CDB7DEB789838FE390E02981FC0189
:1078B000208300000F90DF91CF910895CF93DF9345
:1078C0000F92CDB7DEB789838981882F90E0BC0104
:1078D00082E00E94229B0F90DF91CF910895CF9379
:1078E000DF9300D00F92CDB7DEB780E098E4A8EE2A
:1078F000B1E089839A83AB83BC8369817A818B8170
:107900009C812496CDBFDEBFDF91CF910895CF93A8
:10791000DF9300D000D000D0CDB7DEB719820E942F
:107920006F3C6A837B838C839D838981882F90E061
:107930002A813B814C815D8104C0569547953795DE
:1079400027958A95D2F7DA01C9018E839F83A8878C
:10795000B9876E817F81888599852996CDBFDEBFE5
:10796000DF91CF910895CF93DF93CDB7DEB72897FE
:10797000CDBFDEBF0E94873C69837A838B839C8363
:1079800089819A81AB81BC818D839E83AF83B887C7
:107990006D817E818F8198852896CDBFDEBFDF9176
:1079A000CF910895CF93DF93CDB7DEB72897CDBFA2
:1079B000DEBF0E94B33C69837A838B839C83898179
:1079C0009A81AB81BC818D839E83AF83B8876D81A3
:1079D0007E818F8198852896CDBFDEBFDF91CF91C4
:1079E0000895CF93DF9300D00F92CDB7DEB78A838F
:1079F0009B836C830E943E3C89838A819B81FC012E
:107A00008081282F8C81882F90E0880F991F880F04
:107A1000991F822B282F8A819B81FC0120838981D9
:107A20000E944E3C00002496CDBFDEBFDF91CF9177
:107A30000895CF93DF9300D0CDB7DEB789839A83C3
:107A40006B8389819A81FC0196818B8189230F90B8
:107A50000F900F90DF91CF910895CF93DF9300D0D7
:107A6000CDB7DEB789839A836B8389819A812B8115
:107A7000FC01268300000F900F900F90DF91CF91B3
:107A80000895CF93DF9300D0CDB7DEB789839A8373
:107A90006B8389819A816B810E94193D982F8B811C
:107AA0008917B9F789819A816B810E942D3D000069
:107AB0000F900F900F90DF91CF910895CF93DF93A8
:107AC00000D0CDB7DEB78B838B81882F90E08230DA
:107AD0009105E9F18230910511F00CF051C0009749
:107AE00021F081309105D1F04BC081E20E945E3CD3
:107AF000882F90E089839A8389819A81982F88279B
:107B000089839A8380E20E945E3C882F90E02981DD
:107B10003A81822B932B89839A8334C085E20E9419
:107B20005E3C882F90E089839A8389819A81982F7F
:107B3000882789839A8384E20E945E3C882F90E0A4
:107B400029813A81822B932B89839A831BC08FE2F0
:107B50000E945E3C882F90E089839A8389819A8174
:107B6000982F882789839A838EE20E945E3C882F13
:107B700090E029813A81822B932B89839A8302C0DA
:107B800019821A8289819A810F900F900F90DF914C
:107B9000CF9108950F931F93CF93DF93CDB7DEB7A7
:107BA0006597CDBFDEBF888799874A875B876C87DB
:107BB0007D870E94D23C6E877F87888B998B8E85CC
:107BC0009F85A889B9898A839B83AC83BD838A8179
:107BD0009B81AC81BD818A8B9B8BAC8BBD8B0A85D5
:107BE0001B852C853D856A897B898C899D89A901A6
:107BF00098010E94549DDA01C9018E839F838E8172
:107C00009F818430910509F010F4198239C08E816A
:107C10009F818830910509F018F481E0898330C094
:107C20008E819F818031910509F018F482E089836B
:107C300027C08E819F818032910509F018F483E07E
:107C400089831EC08E819F818034910509F018F4CC
:107C500084E0898315C08E819F818038910509F069
:107C600018F485E089830CC08E819F818115A1E085
:107C70009A0709F018F486E0898302C087E08983B7
:107C8000888599852981FC01248300006596CDBFF4
:107C9000DEBFDF91CF911F910F910895CF93DF93B6
:107CA00000D00F920F92CDB7DEB789839A836B8392
:107CB0004C832D8389819A81FC018181282F297E23
:107CC00089819A81FC01218389819A81FC019181BA
:107CD0002C818B81822B292F282B89819A81FC0171
:107CE000218389819A81FC018281282F2F788981C3
:107CF0009A81FC01228389819A81FC0192818D8184
:107D0000292F282B89819A81FC0122830000259646
:107D1000CDBFDEBFDF91CF910895CF93DF9300D029
:107D20000F920F92CDB7DEB789839A836B834C8312
:107D30002D838B81882F90E08530910509F49AC0BE
:107D40008530910511F00CF0BEC08430910509F426
:107D500068C08430910511F00CF0B5C083309105F6
:107D600009F449C08330910511F00CF0ACC08230A9
:107D70009105D1F08230910511F00CF0A4C000976C
:107D800021F08130910561F19EC089819A81FC01C9
:107D90008181282F277F89819A81FC012183898114
:107DA0009A81FC0113828FC089819A81FC018181B3
:107DB000282F277F89819A81FC0121838D81882F3B
:107DC00090E0880F991F880F991F880F991F982F8F
:107DD0008C81892B282F89819A81FC01238373C090
:107DE00089819A81FC018181282F286089819A816B
:107DF000FC01218368C089819A81FC018181282F3F
:107E0000286089819A81FC0121838C818150282FEF
:107E10002295220F220F207C89819A81FC012383E5
:107E200052C089819A81FC018181282F277F898115
:107E30009A81FC0121838C81882F90E00197002496
:107E4000969587950794969587950794982F802DFA
:107E5000282F8D81882F90E0880F991F880F991FF8
:107E6000880F991F822B8560282F89819A81FC01B8
:107E7000238329C089819A81FC018181282F277F52
:107E800089819A81FC0121838C81882F90E0019760
:107E90000024969587950794969587950794982F33
:107EA000802D282F8D81882F90E0880F991F880FB3
:107EB000991F880F991F822B8660282F89819A81AC
:107EC000FC012383000000002596CDBFDEBFDF91BB
:107ED000CF910895CF93DF930F92CDB7DEB789830B
:107EE0008981882F90E08F3F910581F18F3F910527
:107EF00009F074F58032910509F0A4F4992344F156
:107F00008981882F90E0A0E0B0E080329105A10542
:107F1000B10509F0E8F4FC018827E554F9458F4FD5
:107F20000C94769D8034910579F012C08CE111C0DB
:107F300080E00FC084E00DC088E00BC08CE009C079
:107F400080E107C084E105C088E103C080E001C092
:107F500080E00F90DF91CF910895CF93DF9300D011
:107F60000F920F92CDB7DEB789839A836B834C83D0
:107F70002D838B818F3081F078F089819A81FC018B
:107F800010828B818051282F220F220F220F89818E
:107F90009A81FC0121838BC08C818A3079F489819C
:107FA0009A8121E0FC0120838B81282F220F220F50
:107FB000220F89819A81FC01218379C08C818330D1
:107FC00009F0B8F489819A8122E0FC0120838B8139
:107FD000882F90E0880F991F880F991F880F991F8D
:107FE000982F8C81892B282F89819A81FC012183EC
:107FF0005EC08C81873009F0E0F48D810E946A3F79
:10800000282F236089819A81FC0120838B81882F0E
:1080100090E0880F991F880F991F880F991F982F3C
:108020008C818450892B282F89819A81FC0121839E
:108030003EC08D818130E1F489819A8122E0FC018A
:1080400020838B81882F90E0880F991F880F991FBC
:10805000880F991F982F8C81883011F485E001C01A
:1080600087E0892B282F89819A81FC0121831FC0F9
:108070008D810E946A3F282F236089819A81FC01AB
:1080800020838B81882F90E0880F991F880F991F7C
:10809000880F991F982F8C81893011F484E001C0DA
:1080A00085E0892B282F89819A81FC01218300009A
:1080B0002596CDBFDEBFDF91CF910895CF93DF939B
:1080C000CDB7DEB72897CDBFDEBF8D839E836F838C
:1080D00078878D819E81811522E0920731F480E0BE
:1080E0000E945E3D89839A830CC08D819E8180347D
:1080F000E2E09E0709F05BC081E00E945E3D89835B
:108100009A830E943E3C8B838D819E810E9406480B
:108110008D819E81FC01808181708C838D819E8107
:1081200022E0FC0120838D819E8129813A81FC011E
:10813000248735878F819885FC01258136818D8143
:108140009E81FC01208F318F8F819885FC012281D7
:108150008D819E81FC0122838F819885FC01248181
:108160008D819E81FC0124838F819885FC01238170
:108170008D819E81FC0123838F819885FC01218163
:108180008D819E81FC0121838F819885FC019081E6
:108190008C81292F282B8D819E81FC0120838D814C
:1081A0009E810E9439488B810E944E3C01C0000094
:1081B0002896CDBFDEBFDF91CF910895CF93DF9397
:1081C00000D00F920F92CDB7DEB78A839B836C836A
:1081D0007D830E943E3C89838A819B810E94064860
:1081E0008A819B81FC018081282F207C8C819D814C
:1081F000FC0120838A819B81FC01208D318D8C8143
:108200009D81FC01258336838A819B81FC0122812B
:108210008C819D81FC0122838A819B81FC012481C8
:108220008C819D81FC0124838A819B81FC012381B7
:108230008C819D81FC0123838A819B81FC012181AA
:108240008C819D81FC0121838A819B810E94394818
:1082500089810E944E3C00002596CDBFDEBFDF9194
:10826000CF910895CF93DF93CDB7DEB72C97CDBFD5
:10827000DEBF888799876A874B875C878885998561
:108280008C839D838A858E831F828E81882F90E0C8
:1082900083709927009739F48F818E5F8F838E8149
:1082A000869586958E838E81882F90E081709927A0
:1082B000009719F48F818F5F8F838C819D819C0142
:1082C000205E3F4F8F81882F90E0880F991F880F85
:1082D000991F880F991F820F931F89839A830E9489
:1082E0003E3C8B83888599850E9406488B859C85BA
:1082F000FC01208189819A81FC0120838B859C85EA
:10830000FC01228189819A81FC0122838B859C85D5
:10831000FC01218189819A81FC0121838A85882F32
:1083200090E081709927009741F08B859C85FC0136
:10833000238189819A81FC012683888599850E9401
:1083400039488B810E944E3C00002C96CDBFDEBF89
:10835000DF91CF910895CF93DF93CDB7DEB72C9700
:10836000CDBFDEBF888799876A874B875C87888502
:1083700099858C839D838A858E831F828E81882F29
:1083800090E083709927009739F48F818E5F8F83F7
:108390008E81869586958E838E81882F90E0817060
:1083A0009927009719F48F818F5F8F838C819D812E
:1083B0009C01205E3F4F8F81882F90E0880F991F8E
:1083C000880F991F880F991F820F931F89839A83A3
:1083D0000E943E3C8B83888599850E94064889814E
:1083E0009A81FC0120818B859C85FC0120838981F9
:1083F0009A81FC0122818B859C85FC0122838981E5
:108400009A81FC0121818B859C85FC0121838A85D1
:10841000882F90E081709927009741F089819A8197
:10842000FC0126818B859C85FC01238388859985A9
:108430000E9439488B810E944E3C00002C96CDBF93
:10844000DEBFDF91CF910895CF93DF93CDB7DEB735
:108450006097CDBFDEBF8C879D876E874F87288B47
:108460008C859D859E012F5F3F4FB9010E94DE40A4
:108470009E01285F3F4F8C859D85A9016E850E94D6
:10848000AB41288940E060E0CE0101960E944E3E5B
:1084900020E041E060E0CE0101960E948D3E40E484
:1084A0005DE063E070E0CE0101960E94CA3DCE011E
:1084B000089621E04AE06F850E94AD3F8C859D853E
:1084C0009E012F5F3F4FB9010E945E409E01285FD1
:1084D0003F4F8C859D85A9016E850E9432418C8518
:1084E0009D850E946E4800006096CDBFDEBFDF9183
:1084F000CF910895CF93DF9300D000D000D0CDB7B7
:10850000DEB78D839E836F83488759878D819E81D7
:108510006F810E94F13C8D819E816F810E94413D5F
:108520008D819E8189839A838F818B831C828B812D
:10853000882F90E083709927009739F48C818E5FA3
:108540008C838B81869586958B838B81882F90E099
:1085500081709927009719F48C818F5F8C838981B2
:108560009A819C01205E3F4F8C81882F90E0880F7C
:10857000991F880F991F880F991F820F931FFC0165
:108580002481358188859985FC0120833183000011
:108590002996CDBFDEBFDF91CF9108952F923F92F4
:1085A0004F925F926F927F928F929F92AF92BF9203
:1085B000CF92DF92EF92FF920F931F93CF93DF93AF
:1085C000CDB7DEB7C757D109CDBFDEBF8B879C873C
:1085D0006D874E875F872E853F858B859C85A9019A
:1085E0006D850E947A428BE790E089839A838E851D
:1085F0009F85FC01808191819C01220F331F89811D
:108600009A81A901481B590BCA018C0120E030E076
:1086100040E050E0BA010B831C832D833E834F83DF
:10862000588769877A87AB80BC80CD80DE80EF80F9
:10863000F88409851A852B813C814D815E816F818B
:10864000788589859A850E94A39DA22EB32EC42E7B
:10865000D52EE62EF72E082F192F2A2C3B2C4C2C2A
:108660005D2C6E2C7F2C802E912EA22CB32CC42C32
:10867000D52CE62CF72C082D192D2A2D3B2D4C2D11
:108680005D2D6E2D7F2D802F912F06E00E94F79E8D
:1086900028AB39AB4AAB5BAB6CAB7DAB8EAB9FAB66
:1086A000A8A8B9A8CAA8DBA8ECA8FDA80EA91FA96C
:1086B0002A2D3B2D4C2D5D2D6E2D7F2D802F912F42
:1086C000A22CB32CC42CD52CE62CF72C082D192D5C
:1086D0000E94199FA22EB32EC42ED52EE62EF72E61
:1086E000082F192F2A2D3B2D4C2D5D2D6E2D7F2D02
:1086F000802F912F02E00E94F79E28AF39AF4AAF3A
:108700005BAF6CAF7DAF8EAF9FAFA8ACB9ACCAAC5E
:10871000DBACECACFDAC0EAD1FAD2A2D3B2D4C2DD2
:108720005D2D6E2D7F2D802F912FA22CB32CC42C6C
:10873000D52CE62CF72C082D192D0E94199F222EDE
:10874000332E442E552E662E772E882E992EAA244F
:10875000A3940F2EF0EEBF2EF02DCC24CA94D12C72
:10876000E12CF12C00E010E0222D332D442D552D6D
:10877000662D772D882D992D0E94599E822E932E3D
:10878000A42EB52EC62ED72EE82EF92E888A998AC9
:10879000AA8ABB8ACC8ADD8AEE8AFF8A5B8121960F
:1087A0005FAF21978C8122968FAF2297ED81239620
:1087B000EFAF2397FE812496FFAF24974F81259634
:1087C0004FAF2597588526965FAF269789852796C0
:1087D0008FAF2797EA852896EFAF289721968FAC21
:1087E000219722969FAC22972396AFAC239724968D
:1087F000BFAC24972596CFAC25972696DFAC26975D
:108800002796EFAC27972896FFAC2897282D392D6F
:108810004A2D5B2D6C2D7D2D8E2D9F2D02E00E940B
:10882000F79E29962FAF29972A963FAF2A972B9626
:108830004FAF2B972C965FAF2C972D966FAF2D9740
:108840002E967FAF2E972F968FAF2F9760969FAF64
:10885000609729968FAC29972A969FAC2A972B96DA
:10886000AFAC2B972C96BFAC2C972D96CFAC2D97F9
:108870002E96DFAC2E972F96EFAC2F976096FFAC1D
:108880006097282D392D4A2D5B2D6C2D7D2D8E2D39
:108890009F2D2196AFAC21972296BFAC22972396AD
:1088A000CFAC23972496DFAC24972596EFAC259781
:1088B0002696FFAC269727960FAD279728961FADD3
:1088C00028970E94109F61962FAF619762963FAFE5
:1088D000629763964FAF639764965FAF64976596B0
:1088E0006FAF659766967FAF669767968FAF67970E
:1088F00068969FAF689761962FAD619762963FAD7E
:10890000629763964FAD639764965FAD6497659683
:108910006FAD659766967FAD669767968FAD6797E3
:1089200068969FAD689704E00E94F79E822E932E72
:10893000A42EB52EC62ED72EE82EF92E282D392D91
:108940004A2D5B2D6C2D7D2D8E2D9F2D6196AFAC0C
:1089500061976296BFAC62976396CFAC639764965B
:10896000DFAC64976596EFAC65976696FFAC66974B
:1089700067960FAD679768961FAD68970E94199F1D
:10898000822E932EA42EB52EC62ED72EE82EF92E8B
:10899000282D392D4A2D5B2D6C2D7D2D8E2D9F2D53
:1089A00002E00E94F79E69962FAF69976A963FAFE3
:1089B0006A976B964FAF6B976C965FAF6C976D969F
:1089C0006FAF6D976E967FAF6E976F968FAF6F9705
:1089D000A0969FAFA09769968FAC69976A969FAC57
:1089E0006A976B96AFAC6B976C96BFAC6C976D96B5
:1089F000CFAC6D976E96DFAC6E976F96EFAC6F97BE
:108A0000A096FFACA097282D392D4A2D5B2D6C2DFB
:108A10007D2D8E2D9F2D2196AFAC21972296BFAC38
:108A200022972396CFAC23972496DFAC24972596E4
:108A3000EFAC25972696FFAC269727960FAD279784
:108A400028961FAD28970E94199F222E332E442E60
:108A5000552E662E772E882E992EAA24AA940F2E94
:108A6000FFE0BF2EF02DC12CD12CE12CF12C00E029
:108A700010E0222D332D442D552D662D772D882D78
:108A8000992D0E94599EA22EB32EC42ED52EE62ECD
:108A9000F72E082F192F2A2C3B2C4C2C5D2C6E2CDA
:108AA0007F2C802E912E288939894A895B896C898F
:108AB0007D898E899F89A22CB32CC42CD52CE62CC1
:108AC000F72C082D192D0E94199F288F398F4A8F56
:108AD0005B8F6C8F7D8F8E8F9F8FAB80BC80CD80A6
:108AE000DE80EF80F88409851A852B813C814D81D9
:108AF0005E816F81788589859A850E94A39D822EEB
:108B0000932EA42EB52EC62ED72EE82EF92E88A28F
:108B100099A2AAA2BBA2CCA2DDA2EEA2FFA2AB8028
:108B2000BC80CD80DE80EF80F88409851A8528A17D
:108B300039A14AA15BA16CA17DA18EA19FA10E9438
:108B4000A39D822E932EA42EB52EC62ED72EE82EB0
:108B5000F92E88A699A6AAA6BBA6CCA6DDA6EEA647
:108B6000FFA688A499A4AAA4BBA4CCA4DDA4EEA4C7
:108B7000FFA4282D392D4A2D5B2D6C2D7D2D8E2D9A
:108B80009F2D01E00E94F79EA1962FAFA197A2967C
:108B90003FAFA297A3964FAFA397A4965FAFA497BA
:108BA000A5966FAFA597A6967FAFA697A7968FAF0E
:108BB000A797A8969FAFA897A1968FACA197A296CA
:108BC0009FACA297A396AFACA397A496BFACA49773
:108BD000A596CFACA597A696DFACA697A796EFACC7
:108BE000A797A896FFACA897282D392D4A2D5B2D65
:108BF0006C2D7D2D8E2D9F2DA8A4B9A4CAA4DBA415
:108C0000ECA4FDA40EA51FA50E94109F822E932EFA
:108C1000A42EB52EC62ED72EE82EF92E282D392DAE
:108C20004A2D5B2D6C2D7D2D8E2D9F2D02E00E94F7
:108C3000F79EA9962FAFA997AA963FAFAA97AB9692
:108C40004FAFAB97AC965FAFAC97AD966FAFAD97AC
:108C5000AE967FAFAE97AF968FAFAF97E0969FAFD0
:108C6000E097A9968FACA997AA969FACAA97AB96C6
:108C7000AFACAB97AC96BFACAC97AD96CFACAD9765
:108C8000AE96DFACAE97AF96EFACAF97E096FFAC89
:108C9000E097282D392D4A2D5B2D6C2D7D2D8E2DA5
:108CA0009F2DA8A4B9A4CAA4DBA4ECA4FDA40EA57E
:108CB0001FA50E94199F822E932EA42EB52EC62E7C
:108CC000D72EE82EF92E282D392D4A2D5B2D6C2D0F
:108CD0007D2D8E2D9F2D03E00E94F79EE1962FAFF4
:108CE000E197E2963FAFE297E3964FAFE397E496C2
:108CF0005FAFE497E5966FAFE597E6967FAFE697AF
:108D0000E7968FAFE797E8969FAFE897E1968FAC2D
:108D1000E197E2969FACE297E396AFACE397E496D7
:108D2000BFACE497E596CFACE597E696DFACE69767
:108D3000E796EFACE797E896FFACE897282D392D3A
:108D40004A2D5B2D6C2D7D2D8E2D9F2DA8A4B9A4B1
:108D5000CAA4DBA4ECA4FDA40EA51FA50E94109F2D
:108D6000222E332E442E552E662E772E882E992EA7
:108D7000AA24AA940F2EFFE2BF2EF02DC12C0F2E95
:108D8000FDEFDF2EF02D0F2EFFE0EF2EF02DF12C5A
:108D900000E010E0222D332D442D552D662D772D2A
:108DA000882D992D0E94599EA22EB32EC42ED52E09
:108DB000E62EF72E082F192F2A2C3B2C4C2C5D2C3D
:108DC0006E2C7F2C802E912E288D398D4A8D5B8DB7
:108DD0006C8D7D8D8E8D9F8DA22CB32CC42CD52CAB
:108DE000E62CF72C082D192D0E94199F822E932E08
:108DF000A42EB52EC62ED72EE82EF92E282D392DCD
:108E00004A2D5B2D6C2D7D2D8E2D9F2D27533F4F91
:108E10004F4F5F4F6F4F7F4F8F4F9F4F2B833C8341
:108E20004D835E836F83788789879A872B813C8106
:108E30008E859F85FC01208331830000C958DF4F58
:108E4000CDBFDEBFDF91CF911F910F91FF90EF90CB
:108E5000DF90CF90BF90AF909F908F907F906F905A
:108E60005F904F903F902F900895CF93DF93CDB7B1
:108E7000DEB7E997CDBFDEBF89879A876B874C87BE
:108E80005D872C853D8589859A85A9016B850E9422
:108E90007A428C859D85DC018D919C919C0140E0FE
:108EA00050E02E8F3F8F48A359A36E8D7F8D88A1F0
:108EB00099A10E94299C6E877F87888B998B20E0DF
:108EC00030EF4FE755E46E857F85888999890E9448
:108ED000959B6AA37BA38CA39DA38AA19BA1ACA114
:108EE000BDA18A8B9B8BAC8BBD8B20E030E044E036
:108EF00050E46A897B898C899D890E94DF9C6EA3DE
:108F00007FA388A799A72EA13FA148A559A52E8B7D
:108F10003F8B488F598F23E333E343ED5DE36E8945
:108F20007F89888D998D0E942C9B6AA77BA78CA72F
:108F30009DA78AA59BA5ACA5BDA589839A83AB8374
:108F4000BC832BE33FED4FE45FE369817A818B8142
:108F50009C810E942C9B6EA77FA788AB99AB2EA506
:108F60003FA548A959A92A8F3B8F4C8F5D8F2DEBC8
:108F70003AE347EC5AEB6A8D7B8D8C8D9D8D0E9478
:108F8000959B6AAB7BAB8CAB9DAB8AA99BA9ACA92B
:108F9000BDA98D839E83AF83B8876D817E818F81CC
:108FA00098850E94FD9B6EAB7FAB88AF99AF2EA9D1
:108FB0003FA98C859D85DC012D933C931197000082
:108FC000E996CDBFDEBFDF91CF910895CF93DF93B8
:108FD0000F92CDB7DEB78FE390E0FC0180818983EB
:108FE000F89489810F90DF91CF910895CF93DF930B
:108FF0000F92CDB7DEB789838FE390E02981FC0122
:10900000208300000F90DF91CF910895CF93DF93DD
:109010000F920F92CDB7DEB789839A8389819A81A7
:10902000811522E0920769F48091394091E0980F10
:10903000909339408823B9F462E081E00E94A158FE
:1090400012C089819A81803422E0920761F4809174
:109050003A4091E0980F90933A40882321F462E0DF
:1090600082E00E94A15800000F900F90DF91CF91F5
:109070000895CF93DF930F920F92CDB7DEB7898318
:109080009A8389819A81811522E0920771F48091F7
:109090003940815080933940809139408823C1F410
:1090A00062E081E00E94C85813C089819A818034AF
:1090B00022E0920769F480913A40815080933A40CF
:1090C00080913A40882321F462E082E00E94C858EF
:1090D00000000F900F90DF91CF910895CF93DF9311
:1090E00000D0CDB7DEB78A839B830E94E647898391
:1090F0008A819B810E9406488A819B81FC01808134
:10910000282F21608A819B81FC01208389810E9414
:10911000F64700000F900F900F90DF91CF910895C8
:10912000CF93DF9300D0CDB7DEB78A839B830E94B5
:10913000E64789838A819B81FC018081282F2E7FCD
:109140008A819B81FC0120838A819B810E9439480E
:1091500089810E94F64700000F900F900F90DF91D9
:10916000CF910895CF93DF930F920F92CDB7DEB7D3
:1091700089839A8389819A81811522E0920739F443
:109180009091394081E0992381F480E00EC089817B
:109190009A81803422E0920739F490913A4081E03C
:1091A000992319F480E001C080E00F900F90DF91C7
:1091B000CF910895CF93DF93CDB7DEB7000080E85D
:1091C00090E0FC018281882F90E0817099278130A6
:1091D0009105A9F300000000DF91CF910895CF938E
:1091E000DF93CDB7DEB780E890E0FC018081882F67
:1091F00090E08270992721E08230910509F020E00B
:10920000822FDF91CF910895CF93DF930F920F922A
:10921000CDB7DEB78A838A81882F90E0880F991FA7
:10922000880F991F282F2C7380E890E0FC01808123
:109230008270822B81608983698180E890E00E943E
:10924000429D0E94DA4800000F900F90DF91CF916D
:109250000895CF93DF930F920F92CDB7DEB78A8335
:109260000E94EF48982F81E08927882311F080E041
:1092700019C08A81882F90E0880F991F880F991F45
:10928000282F2C7380E890E0FC0181818270822B72
:1092900081608983698181E890E00E94429D0E94FB
:1092A000DA4881E00F900F90DF91CF910895CF932E
:1092B000DF930F92CDB7DEB780E890E0FC018081AC
:1092C0008C7F81608983698180E890E00E94429D63
:1092D00000000F90DF91CF910895CF93DF930F920D
:1092E000CDB7DEB780E890E0FC0180818C738360AD
:1092F0008983698180E890E00E94429D0E94DA485B
:1093000000000F90DF91CF910895CF93DF930F92DC
:10931000CDB7DEB70E94EF48982F81E089278823D8
:1093200011F080E00DC080E890E0FC0181818C7F2D
:1093300081608983698181E890E00E94429D81E09B
:109340000F90DF91CF910895CF93DF930F92CDB718
:10935000DEB70E94EF48982F81E08927882311F01B
:1093600080E00FC080E890E0FC0181818C73836015
:109370008983698181E890E00E94429D0E94DA48D9
:1093800081E00F90DF91CF910895CF93DF930F92FB
:10939000CDB7DEB783E08983698180E890E00E94E1
:1093A000429D0E94DA488BE28983698181E890E0DE
:1093B0000E94429D0E94DA48A8950000FECFCF93FC
:1093C000DF93CDB7DEB780EC91E0FC018785882F75
:1093D00090E08078992780389105A9F3000000007B
:1093E000DF91CF910895CF93DF93CDB7DEB761E0E2
:1093F0008BEC91E00E94429D0000DF91CF91089597
:10940000CF93DF930F920F92CDB7DEB78A8380ECB4
:1094100091E0FC018285898380EC91E02A81FC0146
:10942000228761E08BEC91E00E94429D80EC91E00C
:109430002981FC01228700000F900F90DF91CF91CE
:109440000895CF93DF930F92CDB7DEB789838981DB
:10945000882F90E0BC0182E00E94229B0F90DF9158
:10946000CF910895CF93DF930F920F92CDB7DEB7D0
:1094700089839A8389819A81BC0181E00E94229B21
:109480000F900F90DF91CF910895CF93DF93CDB7D9
:10949000DEB78CEC91E0FC0120818CEC91E028603F
:1094A000FC0120830000DF91CF910895CF93DF93DB
:1094B000CDB7DEB78CEC91E0FC0120818CEC91E023
:1094C000277FFC0120830000DF91CF910895CF9387
:1094D000DF9300D000D000D0CDB7DEB76E837F839E
:1094E000888799878E819F81A885B98589839A838A
:1094F000AB83BC8389819A81AB81BC81ABBFFC010A
:1095000087918D838D812996CDBFDEBFDF91CF916D
:109510000895CF93DF93CDB7DEB72A97CDBFDEBFD7
:109520006F83788789879A878F819885A985BA857F
:1095300089839A83AB83BC8389819A81AB81BC8107
:10954000ABBFFC01879196918D839E838D819E8117
:109550002A96CDBFDEBFDF91CF910895CF93DF93E1
:10956000CDB7DEB72897CDBFDEBF69837A838B8303
:109570009C830E94DF4989819A81AB81BC818D8364
:109580009E83AF83B88744E26D817E818F81988509
:109590001E94000000002896CDBFDEBFDF91CF9162
:1095A0000895CF93DF93CDB7DEB72897CDBFDEBF49
:1095B00069837A838B839C830E94DF4989819A81A6
:1095C000AB81BC818D839E83AF83B88745E26D817B
:1095D0007E818F8198851E94000000002896CDBF63
:1095E000DEBFDF91CF910895CF93DF93CDB7DEB784
:1095F0000E94DF4948E160E070E0CB011E9400006A
:109600000000DF91CF910895CF93DF93CDB7DEB700
:109610000E94DF494AE160E070E0CB011E94000047
:109620000000DF91CF910895CF93DF930F920F92B7
:10963000CDB7DEB789839A8388E00E94214A282F1C
:1096400089819A81FC01208389E00E94214A282F88
:1096500089819A81FC0121838AE00E94214A282F76
:1096600089819A81FC0122838BE00E94214A282F64
:1096700089819A81FC0123838CE00E94214A282F52
:1096800089819A81FC0124838DE00E94214A282F40
:1096900089819A81FC01258380E10E94214A282F3B
:1096A00089819A81FC01268382E10E94214A282F28
:1096B00089819A81FC01278383E10E94214A282F16
:1096C00089819A81FC01208784E10E94214A282F08
:1096D00089819A81FC01218785E10E94214A282FF6
:1096E00089819A81FC01228700000F900F90DF9101
:1096F000CF910895CF93DF9300D0CDB7DEB78A83A3
:109700009B830E94DF490E94454A8A819B81905F2A
:10971000FC01808189830E94564A89810F900F90B5
:109720000F90DF91CF910895CF93DF9300D000D0B9
:10973000CDB7DEB789839A836B837C834D835E8349
:109740000E94DF490E94454A89819A81905FBC014D
:109750002D813E818B819C81A9010E9468A00E947D
:10976000564A00002696CDBFDEBFDF91CF91089507
:10977000CF93DF9300D00F92CDB7DEB78A839B8360
:109780006C8380EC91E0FC01828589830E94504CBF
:109790000E94DF498A816C810E946B4C80EC91E0D1
:1097A000FC0112828A819B81292F332780EC91E072
:1097B000FC01218380EC91E02A81FC01208380EC74
:1097C00091E025E3FC0122870E94F34980EC91E0BF
:1097D0002981FC01228700002496CDBFDEBFDF91E6
:1097E000CF910895CF93DF9300D000D0CDB7DEB7EF
:1097F00089839A836B837C834D835E8344C0898194
:109800009A818F719927009731F58D819E818F31D3
:10981000910509F100F18B819C810E94864C898120
:109820009A8196958795929582958F7089279F70DA
:1098300089270E94AD4C89819A81809689839A8379
:109840008B819C8180968B839C838D819E81809768
:109850008D839E8318C08B819C81FC01408189810E
:109860009A819C012F5F3F4F29833A83642F0E9486
:10987000B84B8B819C8101968B839C838D819E81CB
:1098800001978D839E838D819E81009709F0B7CFCC
:10989000000000002696CDBFDEBFDF91CF91089576
:1098A000CF93DF93CDB7DEB70E94DF4980EC91E024
:1098B000FC018785882F90E082709927009739F006
:1098C00080EC91E026E3FC0122870E94F34900002E
:1098D000DF91CF910895CF93DF930F920F92CDB781
:1098E000DEB789836A830E94DF490E94454A8981E5
:1098F000882F90E0905F2A81FC0120830E94564AC5
:1099000000000F900F90DF91CF910895CF93DF93D8
:1099100000D0CDB7DEB78A839B830E94DF491982CE
:1099200010C08A819B81FC018081682F89810E94FF
:109930006B4C8A819B8101968A839B8389818F5F8F
:10994000898389818F3169F360F3000000000F90F3
:109950000F900F90DF91CF910895CF93DF9300D0B8
:10996000CDB7DEB78B830E94DF498B81882F90E0D3
:10997000880F991F82959295907F9827807F9827CE
:1099800089839A8380EC91E0FC01128289819A811B
:10999000292F332780EC91E0FC01218380EC91E0BA
:1099A0002981FC01208385E30E94004A00000F907A
:1099B0000F900F90DF91CF910895CF93DF9300D058
:1099C000CDB7DEB78B830E94DF498B81882F90E073
:1099D000880F991F82959295907F9827807F98276E
:1099E00089839A8380EC91E0FC01128289819A81BB
:1099F000292F332780EC91E0FC01218380EC91E05A
:109A00002981FC01208384E30E94004A00000F901A
:109A10000F900F90DF91CF910895CF93DF930F9226
:109A20000F92CDB7DEB78A830E94504C0E94DF4967
:109A3000198207C06A8189810E946B4C89818F5F7E
:109A4000898389818F31B1F3A8F3000000000F9062
:109A50000F90DF91CF910895CF93DF9300D0CDB7D2
:109A6000DEB78B830E94DF498B81882F90E0880FBF
:109A7000991F82959295907F9827807F9827898358
:109A80009A8380EC91E0FC01128289819A81292FCE
:109A9000332780EC91E0FC01218380EC91E0298167
:109AA000FC01208382E30E94004A00000F900F9087
:109AB0000F90DF91CF910895CF93DF930F92CDB7A1
:109AC000DEB789838FEF0E940D4D89810E942C4D56
:109AD00000000F90DF91CF910895CF93DF93CDB722
:109AE000DEB70E94DF4980E30E94004A0000DF9158
:109AF000CF910895CF93DF93CDB7DEB78FEF0E945C
:109B00000D4D0E946D4D0000DF91CF910895CF93D0
:109B1000DF9300D000D000D0CDB7DEB76A837B835F
:109B20008C839D832E833F834887598780EC91E007
:109B3000FC018285898380EC91E02AE3FC01228785
:109B400080EC91E02A81FC0120838A819B81AC8199
:109B5000BD81892F9A2FAB2FBB2720EC31E0F90173
:109B600081838A819B81AC81BD81CD01AA27BB27DE
:109B700020EC31E0F901828380EC91E02E81FC0140
:109B800024838E819F81A885B985892F9A2FAB2F39
:109B9000BB2720EC31E0F90185838E819F81A88568
:109BA000B985CD01AA27BB2720EC31E0F9018683D6
:109BB00061E08BEC91E00E94429D80EC91E0298174
:109BC000FC01228700002996CDBFDEBFDF91CF9137
:109BD0000895CF93DF93CDB7DEB76097CDBFDEBFDB
:109BE0006D837E838F83988749875A872B873C872D
:109BF0008D819E81AF81B88589839A83AB83BC8335
:109C00000E94DF4928C089819A81AB81BC818D8700
:109C10009E87AF87B88B6D857E858F8598890E94DA
:109C2000674A282F89859A85DC012C9389859A8536
:109C3000019689879A8789819A81AB81BC81019637
:109C4000A11DB11D89839A83AB83BC838B859C85C1
:109C500001978B879C878B859C850097A1F60000D8
:109C600000006096CDBFDEBFDF91CF910895CF9306
:109C7000DF93CDB7DEB72A97CDBFDEBF6B837C8382
:109C80008D839E834F83588729873A878B819C8158
:109C9000917089839A8318C089819A810E94324A7F
:109CA000282F8F819885FC0120838F8198850196CC
:109CB0008F83988789819A81019689839A83898580
:109CC0009A85019789879A8789859A85009721F7D0
:109CD000000000002A96CDBFDEBFDF91CF9108952E
:109CE0000F931F93CF93DF93CDB7DEB76497CDBFAC
:109CF000DEBF688779878A879B874C875D872E8739
:109D00003F87088B888599858B839C831D828CC0B7
:109D100019821A8281C088898823E9F08E010A5F3E
:109D20001F4F89819A810E94324AF801808389817C
:109D30009A8101968E010A5F1F4F0F5F1F4F0E948D
:109D4000324AF80180838E819F818F3F980739F0D6
:109D500081E08D8304C08FEF9FEF8E839F838E857C
:109D60009F850097F1F02B813C8189819A8128178A
:109D70003907B9F48E859F8501978E879F878B81E0
:109D80009C8101968B839C83CE0106962C853D8514
:109D9000F9012081FC0120838C859D8501968C87AB
:109DA0009D878E859F85009701F189819A81019613
:109DB0002B813C8128173907C1F48E859F85019737
:109DC0008E879F878B819C8101968B839C83CE019C
:109DD000069601962C853D85F9012081FC012083A2
:109DE0008C859D8501968C879D872E813F818981F9
:109DF0009A81AC0160E070E0498B5A8B6B8B7C8B55
:109E0000A90169897A898B899C891E940F008981AF
:109E10009A81029689839A8389819A818F3F51E042
:109E2000950709F008F477CF8E859F85009709F094
:109E30006FCF8D81882311F00E94F44A0E94044B59
:109E400000006496CDBFDEBFDF91CF911F910F91CF
:109E500008950F93CF93DF93CDB7DEB7A697CDBF0D
:109E6000DEBF6E877F87888B998B4A8B5B8B2C8BB1
:109E70003D8B0E8B8E859F85A889B98988879987A8
:109E8000AA87BB8788859985AA85BB8588279E7FF9
:109E90008C839D83AE83BF83D8C01B820E94DF4921
:109EA00019821A82A0C08E898823C1F02C813D813D
:109EB0004E815F812F8F38A349A35AA36F8D78A15C
:109EC00089A19AA10E94894A8C879D878C859D854E
:109ED0008F3F980739F081E08B8304C08FEF9FEFAD
:109EE0008C879D878C899D89009751F1488559857C
:109EF0006A857B858C819D81AE81BF81481759071A
:109F00006A077B07E9F48C899D8901978C8B9D8B6F
:109F100088859985AA85BB850196A11DB11D888775
:109F20009987AA87BB87CE010C962A893B89D901DC
:109F30002C91FC0120838A899B8901968A8B9B8BBB
:109F40008C899D89009771F18C819D81AE81BF8143
:109F50000196A11DB11D488559856A857B854817E5
:109F600059076A077B07F1F48C899D8901978C8BCF
:109F70009D8B88859985AA85BB850196A11DB11DFC
:109F800088879987AA87BB87CE010C9601962A8974
:109F90003B89D9012C91FC0120838A899B890196F8
:109FA0008A8B9B8B8C859D852C813D814E815F8129
:109FB0002BA33CA34DA35EA3AC016BA17CA18DA1FF
:109FC0009EA11E940F008C819D81AE81BF8102965F
:109FD000A11DB11D8C839D83AE83BF8389819A812E
:109FE000029689839A8389819A818F3F31E0930712
:109FF00009F008F458CF8B818823A1F08C819D81D2
:10A00000AE81BF819C01AD013250410951092F8BB6
:10A01000388F498F5A8F6F89788D898D9A8D0E94DC
:10A02000D14A13C08C819D81AE81BF819C01AD015D
:10A030003250410951092B8F3C8F4D8F5E8F6B8DB4
:10A040007C8D8D8D9E8D0E94AE4A8C899D89009756
:10A0500009F023CF00000000A696CDBFDEBFDF9140
:10A06000CF910F910895CF93DF930F92CDB7DEB7C5
:10A0700089830E94DF4980EC91E02981FC012083E3
:10A0800087E00E94004A80EC91E0FC0184810F90FF
:10A09000DF91CF910895CF93DF9300D000D0CDB75B
:10A0A000DEB78A839B836C834D835E83198222C0D3
:10A0B0008C81882F90E02981222F30E0022E02C06F
:10A0C000959587950A94E2F781709927009779F022
:10A0D0008D819E81492F55278981882F90E0409658
:10A0E0002A813B81820F931F242FFC0120838981C9
:10A0F0008F5F898389818730D9F2D0F28D819E81EB
:10A10000817099270097D1F08D819E818270992767
:10A11000009739F08A819B8105962C81FC01208370
:10A1200006C08A819B8106962C81FC0120838A814E
:10A130009B8101962C81FC01208306C08A819B8132
:10A1400002962C81FC01208300002696CDBFDEBF45
:10A15000DF91CF910895CF93DF93CDB7DEB72897E6
:10A16000CDBFDEBF89839A836B837C834D835E83FF
:10A170002F83388789819A81FC011082118289811D
:10A180009A81FC011282138289819A812D813E81FC
:10A19000FC012483358389819A812F813885FC01D4
:10A1A0002683378389819A812B813C81FC0120871A
:10A1B000318700002896CDBFDEBFDF91CF91089593
:10A1C000CF93DF930F920F92CDB7DEB789839A8337
:10A1D00089819A81FC011082118289819A81FC0116
:10A1E0001282138200000F900F90DF91CF9108959B
:10A1F000CF93DF930F920F92CDB7DEB789839A8307
:10A2000089819A81FC012281338189819A81FC01B3
:10A210008081918128173907A8F089819A81FC01F2
:10A220002681378189819A81FC0182819381281B53
:10A23000390B89819A81FC0180819181820F931F62
:10A2400001970FC089819A81FC0120813181898128
:10A250009A81FC0182819381A901481B590BCA0193
:10A2600001970F900F90DF91CF910895CF93DF93D7
:10A270000F920F92CDB7DEB789839A8389819A8135
:10A28000FC012281338189819A81FC018081918145
:10A290002817390778F089819A81FC01228133815E
:10A2A00089819A81FC0180819181A901481B590B08
:10A2B000CA0113C089819A81FC0126813781898175
:10A2C0009A81FC0180819181281B390B89819A81B7
:10A2D000FC0182819381820F931F0F900F90DF9179
:10A2E000CF910895CF93DF930F920F92CDB7DEB742
:10A2F00089839A8389819A81FC01208131818981B6
:10A300009A81FC01828193812817390711F481E039
:10A3100001C080E00F900F90DF91CF910895CF930F
:10A32000DF930F920F92CDB7DEB789839A8389812D
:10A330009A81FC012281338189819A81FC0180818B
:10A34000918128173907D1F0C8F089819A81FC01E1
:10A350002281338189819A81FC0180819181281B2E
:10A36000390B89819A81FC01868197810197281791
:10A37000390710F081E016C080E014C089819A810D
:10A38000FC012081318189819A81FC018281938144
:10A39000A901481B590BCA018130910511F481E0D4
:10A3A00001C080E00F900F90DF91CF910895CF937F
:10A3B000DF9300D00F92CDB7DEB789839A836B838A
:10A3C0007C8389819A81DC011496ED91FC918981CD
:10A3D0009A81DC0118962D913C9189819A81DC014A
:10A3E00014966D917C9189819A81DC0112964D9130
:10A3F0005C91649FC001659F900D749F900D112426
:10A40000820F931F2B813C81AF01B9010E9468A08C
:10A4100089819A810E948F51882309F189819A81CB
:10A42000FC01808191819C012F5F3F4F89819A813E
:10A43000DC012D933C9389819A81FC01208131813B
:10A4400089819A81DC0116968D919C911797281726
:10A45000390728F089819A81FC0110821182898153
:10A460009A81DC0112968D919C919C012F5F3F4F48
:10A4700089819A81FC012283338389819A81DC015D
:10A4800012962D913C91139789819A81FC018681C6
:10A4900097812817390738F089819A81DC01129653
:10A4A0001D921C92139789819A810E948F51882353
:10A4B00011F080E001C081E02496CDBFDEBFDF91C6
:10A4C000CF910895CF93DF9300D00F92CDB7DEB731
:10A4D00089839A836B837C8389819A810E947251DC
:10A4E000982F81E08927882309F449C089819A81BE
:10A4F000DC011496ED91FC9189819A81DC0118961A
:10A500002D913C9189819A81DC0114966D917C9109
:10A5100089819A81DC014D915C91649FC001659FA6
:10A52000900D749F900D1124280F391F8B819C81F1
:10A53000AF01B9010E9468A089819A81FC018081E4
:10A5400091819C012F5F3F4F89819A81DC012D937E
:10A550003C9389819A81FC012081318189819A8192
:10A56000DC0116968D919C9117972817390728F0D2
:10A5700089819A81FC011082118281E001C080E012
:10A580002496CDBFDEBFDF91CF910895CF93DF93A7
:10A5900000D00F92CDB7DEB789839A836B837C831B
:10A5A00089819A81FC01848195818130910511F026
:10A5B00080E04FC089819A810E9436519C018B8135
:10A5C0009C818217930710F080E043C089819A81B3
:10A5D000FC01208131818B819C81280F391F898169
:10A5E0009A81FC01868197812817390700F18981BA
:10A5F0009A81FC01208131818B819C81280F391F38
:10A6000089819A81FC0186819781A901481B590B98
:10A61000CA018B839C8389819A81FC0120853185C5
:10A620008B819C81820F931FFC01808112C08981E4
:10A630009A81FC012085318589819A81FC014081C4
:10A6400051818B819C81840F951F820F931FFC0188
:10A6500080812496CDBFDEBFDF91CF910895EF9228
:10A66000FF920F931F93CF93DF9300D000D0CDB70D
:10A67000DEB78D839E838D819E810E947251982FBB
:10A6800081E08927882309F41CC112C18D819E8134
:10A69000DC012D913C9111978D819E81FC0182817D
:10A6A00093812817390740F48D819E81DC01129631
:10A6B0008D919C91139704C08D819E810E9436518B
:10A6C0008B839C838D819E81FC0180819181898314
:10A6D0009A8338C08D819E81DC0118962D913C9122
:10A6E0008D819E81FC016481758149815A81649FBD
:10A6F000C001659F900D749F900D1124280F391F84
:10A700008D819E81DC0118964D915C9189819A81A1
:10A71000FC0131978D819E81DC0114966D917C91B5
:10A72000E69FC001E79F900DF69F900D1124840FC6
:10A73000951FF9012081DC012C9389819A81019672
:10A7400089839A8329813A818B819C8128173907D3
:10A7500008F28D819E81FC01208131818D819E8155
:10A76000DC0112968D919C9113972817390709F0F7
:10A7700008F46CC08D819E81FC01008511858D815E
:10A780009E81DC011896ED90FC908D819E810E9447
:10A790003651AC01415051098D819E81FC012481CB
:10A7A0003581429FC001439F900D529F900D11240F
:10A7B0008E0D9F1DD8012C91FC01208381E090E03B
:10A7C00089839A8338C08D819E81DC0118962D91F2
:10A7D0003C918D819E81FC016481758149815A8102
:10A7E000649FC001659F900D749F900D1124280FE8
:10A7F000391F8D819E81DC0118964D915C91898174
:10A800009A81FC0131978D819E81DC0114966D91B6
:10A810007C91E69FC001E79F900DF69F900D11245B
:10A82000840F951FF9012081DC012C9389819A8185
:10A83000019689839A838D819E81FC018281938117
:10A8400029813A812817390708F4BDCF8D819E816F
:10A85000DC0112968D919C911397009781F08D8168
:10A860009E81FC01828193819C01215031098D815F
:10A870009E81DC0112962D933C9313970CC08D8121
:10A880009E810E9436519C01215031098D819E810B
:10A89000FC01228333838D819E81DC018D919C910B
:10A8A0009C01215031098D819E81FC0120833183DF
:10A8B0008D819E81DC018D919C911197009709F00B
:10A8C000E5CE00002696CDBFDEBFDF91CF911F9170
:10A8D0000F91FF90EF9008950F931F93CF93DF9305
:10A8E000CDB7DEB72A97CDBFDEBF8F839887698744
:10A8F0007A878F819885FC018481958181309105CB
:10A9000019F080E090E068C019821A8258C01B825A
:10A910001C8281E090E08D839E832EC029813A8144
:10A920008B819C818901080F191F8F8198850E9456
:10A93000365108171907C0F429853A858B819C8107
:10A94000820F931FFC01108129813A818B819C81A8
:10A95000280F391F8F819885B9010E94C652181798
:10A9600031F01D821E8212C01D821E820FC08B819B
:10A970009C8101968B839C8329853A858B819C8160
:10A98000820F931FFC018081882341F68B819C817B
:10A99000009749F08D819E818130910521F4898154
:10A9A0009A81019619C08B819C81009719F480E0EF
:10A9B00090E012C089819A81019689839A838F8160
:10A9C00098850E9436519C0189819A81821793074C
:10A9D00008F49DCF80E090E02A96CDBFDEBFDF91E6
:10A9E000CF911F910F910895CF93DF93CDB7DEB72D
:10A9F0002A97CDBFDEBF8D839E836F83788749877B
:10AA00005A878D819E81FC018481958181309105D9
:10AA100011F081E07EC08D819E810E9436518B8332
:10AA20009C838F819885FC018081918189839A83A1
:10AA300005C089819A81019689839A8329813A8107
:10AA40008D819E81B9010E94C6528032A1F098F09A
:10AA500029813A818D819E81B9010E94C6528E372B
:10AA600009F048F429813A818D819E81B9010E94C3
:10AA7000C6528D3241F48B819C81019729813A81A4
:10AA800028173907B0F229813A818B819C812817D8
:10AA9000390769F08F81988529813A81FC012083EB
:10AAA000318305C089819A81019689839A8329819E
:10AAB0003A818D819E81B9010E94C652803299F0FF
:10AAC00090F029813A818D819E81B9010E94C65200
:10AAD0008E3709F040F48B819C81019729813A815E
:10AAE00028173907F8F229813A818B819C81281730
:10AAF000390771F08F819885FC01808191812981CE
:10AB00003A81281B390B89859A85FC012083318382
:10AB100080E02A96CDBFDEBFDF91CF910895CF931D
:10AB2000DF93CDB7DEB72897CDBFDEBF8D839E8381
:10AB30006F8378878D819E81FC018481958181302E
:10AB4000910521F48F819885009711F481E06CC004
:10AB50008D819E81FC01268137818D819E81FC0142
:10AB600080819181A901481B590BCA0101978B83F0
:10AB70009C838D819E81FC01228133818D819E8108
:10AB8000FC01808191812817390768F48D819E81AD
:10AB9000FC01228133818B819C81820F931F01965E
:10ABA00089839A8310C08D819E81FC01228133812B
:10ABB0008D819E81FC0180819181A901481B590BE7
:10ABC000CA0189839A8329813A818F8198852817C0
:10ABD000390710F481E028C02F8138858B819C8152
:10ABE0002817390791F088F02F8138858B819C8157
:10ABF000F901E81BF90BCF019C01215031098D812E
:10AC00009E81FC01208331830EC08D819E81FC01D9
:10AC1000208131818F819885280F391F8D819E81F8
:10AC2000FC012083318380E02896CDBFDEBFDF9119
:10AC3000CF910895CF93DF93CDB7DEB72C97CDBFDB
:10AC4000DEBF8B879C878B859C85009731F08B8539
:10AC50009C850E947251882311F081E0EAC0198618
:10AC60001A868B859C85FC018281938189839A83D6
:10AC70008B859C85FC01828193818B839C83ABC0F7
:10AC80008B859C85FC012085318589819A81820F85
:10AC9000931FFC018081883021F18B819C8100977A
:10ACA00049F48B859C85FC018681978101978B8374
:10ACB0009C8305C08B819C8101978B839C838981B8
:10ACC0009A81009749F48B859C85FC018681978148
:10ACD000019789839A8305C089819A810197898325
:10ACE0009A831D821E821CC08D819E8101968D8358
:10ACF0009E8389859A85019689879A8789819A8119
:10AD0000009749F48B859C85FC018681978101978A
:10AD100089839A8305C089819A81019789839A835F
:10AD20008B859C85FC012085318589819A81820FE4
:10AD3000931FFC018081883051F48B859C85FC0138
:10AD40008081918129813A812817390769F61F820C
:10AD5000188617C089819A81009749F48B859C8554
:10AD6000FC0186819781019789839A8305C0898137
:10AD70009A81019789839A838F81988501968F8321
:10AD800098872F8138858D819E812817390710F388
:10AD90008B859C85FC012085318589819A81820F74
:10ADA000931FFC0180818830B1F08B859C85FC016C
:10ADB0002085318589819A81280F391F8B859C8553
:10ADC000FC01408551858B819C81840F951FF90181
:10ADD0002081FC0120838B859C85FC0180819181F1
:10ADE00029813A812817390709F04ACF8B859C853C
:10ADF0000E9436519695879529853A8528173907F7
:10AE000040F48B859C852B813C81FC012083318320
:10AE10000FC08B859C85FC01128213828B859C85DB
:10AE2000FC01228133818B859C85FC012083318349
:10AE300080E02C96CDBFDEBFDF91CF9108950F93B8
:10AE40001F93CF93DF93CDB7DEB72B97CDBFDEBF78
:10AE50008B839C836D834E835F83288739870A8722
:10AE60001B878B819C81009779F08A859B85009751
:10AE700059F08B819C81FC018681978128853985D9
:10AE80002817390719F010F081E02CC019821A82B6
:10AE900021C02E813F8189819A81280F391F8B81A2
:10AEA0009C81B9010E94C652982F8D81891769F43F
:10AEB0002E813F8189819A81280F391F8A859B8540
:10AEC000FC012083318380E00DC089819A81019645
:10AED00089839A8329813A8188859985281739073A
:10AEE000C0F281E02B96CDBFDEBFDF91CF911F91E5
:10AEF0000F910895CF93DF9300D000D000D0CDB74D
:10AF0000DEB78C839D836E837F83488759878C81CE
:10AF10009D81009721F08E819F81009711F480E040
:10AF20002EC019821A8223C09E012D5F3F4F8C8153
:10AF30009D81B9010E946252982F81E08927882360
:10AF400011F081E01CC09E012D5F3F4F8E819F81DB
:10AF5000B9010E94D751982F81E08927882311F0E9
:10AF600081E00DC089819A81019689839A83298124
:10AF70003A818885998528173907B0F280E02996AB
:10AF8000CDBFDEBFDF91CF910895CF93DF930F92B6
:10AF9000CDB7DEB78FE390E0FC0180818983F89420
:10AFA00089810F90DF91CF910895CF93DF930F9216
:10AFB000CDB7DEB789838FE390E02981FC01208340
:10AFC00000000F90DF91CF910895CF93DF930F9200
:10AFD0000F92CDB7DEB78A830E94C557898380E57B
:10AFE00090E0FC01308180E590E02A81232BFC0178
:10AFF000208389810E94D55700000F900F90DF9128
:10B00000CF910895CF93DF930F92CDB7DEB78983A9
:10B0100000000F90DF91CF910895CF93DF930F92AF
:10B020000F92CDB7DEB78A830E94C557898380E52A
:10B0300090E0FC018081982F8A818095292F282318
:10B0400080E590E0FC01208389810E94D5570000B3
:10B050000F900F90DF91CF910895CF93DF930F92D0
:10B06000CDB7DEB789838981883021F089810E943C
:10B07000E55703C089810E94025800000F90DF91BC
:10B08000CF910895CF93DF930F92CDB7DEB7898329
:10B0900080E590E0FC0191818981982381E09923EA
:10B0A00009F480E00F90DF91CF910895CF93DF9363
:10B0B0000F92CDB7DEB78983000089810E94425884
:10B0C000982F81E089278823C1F7000000000F90A6
:10B0D000DF91CF910895CF93DF9300D00F92CDB73A
:10B0E000DEB780E790E089839A831C821B820DC0C3
:10B0F00089819A819C012F5F3F4F29833A832FEFEB
:10B10000FC0120838B818F5F8B838B81863081F361
:10B1100078F382E00E942D5882E00E945658000089
:10B1200061E080E490E00E94429D8C81882319F4C4
:10B1300081E00E940D582496CDBFDEBFDF91CF91F4
:10B140000895CF93DF9300D0CDB7DEB78A836B83AA
:10B150000E94C55789838A81882F90E080599F4F2C
:10B16000FC018081982F8B818095292F28238A814B
:10B17000882F90E080599F4FFC01208389810E9495
:10B18000D55700000F900F900F90DF91CF91089549
:10B19000CF93DF9300D0CDB7DEB78A836B830E9455
:10B1A000C55789838A81882F90E080599F4FFC0181
:10B1B00030818A81882F90E080599F4F2B81232BEB
:10B1C000FC01208389810E94D55700000F900F90C9
:10B1D0000F90DF91CF9108950F931F93CF93DF933B
:10B1E000CDB7DEB7A597CDBFDEBF8D8F9E8F6F8F9A
:10B1F00078A349A35AA32BA30CA31DA38D8D9E8DC9
:10B20000009741F08F8D98A1009721F089A19AA114
:10B21000009711F481E00CC61F8A188E8D8D9E8DCB
:10B220000E9436518F87988B8BA1882F90E00296D1
:10B23000898B9A8B8F8598899C01215031098D8D3E
:10B240009E8DB9010E94C6528D3011F08989F0C5DA
:10B250008D8D9E8D0E941A568D8D9E8D0E94365129
:10B260008F87988BAE01475E5F4F9E01295E3F4FEF
:10B270008D8D9E8DB9010E94F454882311F0898927
:10B28000D7C519821A8271C01B821C822BC02F89DC
:10B29000388D8B819C81280F391F8D8D9E8DB90132
:10B2A0000E94C652482F29813A81C901880F991FEF
:10B2B000820F931F880F991F9C0189A19AA1820F69
:10B2C000931FDC012D913C9111978B819C81820F02
:10B2D000931FFC018081481741F58B819C81019669
:10B2E0008B839C83898D9A8D2B813C81281739070C
:10B2F000E9F029813A81C901880F991F820F931FB4
:10B30000880F991F9C0189A19AA1820F931FDC01CC
:10B310002D913C9111978B819C81820F931FFC0191
:10B320008081882309F0B3CF01C0000029813A81D0
:10B33000C901880F991F820F931F880F991F9C01C5
:10B3400089A19AA1820F931FDC012D913C91119745
:10B350008B819C81820F931FFC018081882379F06F
:10B3600089819A81019689839A838BA1882F90E0A5
:10B3700029813A812817390708F486CF01C00000D7
:10B380001B821C8219C02F89388D8B819C81280FCC
:10B39000391F8D8D9E8DB9010E94C652282F8B8139
:10B3A0009C818357974DDC018C91281761F48B8128
:10B3B0009C8101968B839C838B819C81813091053C
:10B3C00011F308F301C000008B819C81823091054C
:10B3D000D9F48D8D9E8D0E9436519C018D8D9E8D50
:10B3E000B9010E948F558DEB9AE20E9489A08EEDE3
:10B3F0009AE2892F8F938EED9AE28F930E9471A02B
:10B400000F900F9080E014C51B821C8219C02F89F9
:10B41000388D8B819C81280F391F8D8D9E8DB901B0
:10B420000E94C652282F8B819C818057974DFC012A
:10B430008081281761F48B819C8101968B839C838A
:10B440008B819C818330910511F308F301C00000CA
:10B450008B819C8184309105D9F48D8D9E8D0E94C5
:10B4600036519C018D8D9E8DB9010E948F5581EEC4
:10B470009AE20E9489A08EED9AE2892F8F938EED39
:10B480009AE28F930E9471A00F900F9080E0D0C439
:10B490002F89388D898D9A8D820F931F8B8F9C8F6A
:10B4A00019861A861D861E862DC4AE01475E5F4F23
:10B4B0009E01255E3F4F8D8D9E8DB9010E94F454F3
:10B4C000898D9A8D009709F41CC48B8D9C8D9C01ED
:10B4D000215031098D8D9E8DB9010E94C6528D3249
:10B4E00089F48B8D9C8D9C01225031098D8D9E8D10
:10B4F000B9010E94C6528D3229F481E090E08D831B
:10B500009E8302C01D821E821F821886BCC38D814D
:10B510009E818130910509F09CC01B821C8238C03D
:10B520002B8D3C8D8B819C81280F391F8D8D9E8D9D
:10B53000B9010E94C652782F29813A81C901880F2A
:10B54000991F820F931F880F991F9C0189A19AA1AF
:10B55000820F931FDC0112962D913C914F815885EB
:10B5600061E1649FC001659F900D1124820F931FBC
:10B57000FC01228133818B819C81820F931FDC012E
:10B580008C917817B1F58B819C8101968B839C837C
:10B59000898D9A8D2B813C812817390759F1298192
:10B5A0003A81C901880F991F820F931F880F991F35
:10B5B0009C0189A19AA1820F931FFC0122813381F2
:10B5C0004F81588561E1649FC001659F900D1124F2
:10B5D000820F931FDC0112962D913C9113978B8162
:10B5E0009C81820F931FFC018081882309F098CFF2
:10B5F00001C0000029813A81C901880F991F820F7B
:10B60000931F880F991F9C0189A19AA1820F931FF4
:10B61000DC0112962D913C914F81588561E1649F28
:10B62000C001659F900D1124820F931FFC012281A0
:10B6300033818B819C81820F931FDC018C91882345
:10B6400019F41B861C8639C081E090E08B879C87AB
:10B6500034C08D819E81009781F52B8D3C8D8D8D21
:10B660009E8DB9010E94C652782F29813A81C90165
:10B67000880F991F820F931F880F991F9C0189A122
:10B680009AA1820F931FFC01228133814F8158853B
:10B6900061E1649FC001659F900D1124820F931F8B
:10B6A000DC0114968C911497781719F41B861C866C
:10B6B00004C081E090E08B879C878B859C850097F8
:10B6C00009F0DCC28D859E8501968D879E878B8DC6
:10B6D0009C8D8B8B9C8B898D9A8D8D8B9E8B2B8DCE
:10B6E0003C8D898D9A8D820F931F8B8F9C8FAE011D
:10B6F000475E5F4F9E01255E3F4F8D8D9E8DB90148
:10B700000E94F4541B821C8217C02B8D3C8D8B81B0
:10B710009C81280F391F8D8D9E8DB9010E94C652C4
:10B72000282F8B819C81855C9F4BFC0120838B8122
:10B730009C8101968B839C83898D9A8D2B813C8182
:10B740002817390720F4898D9A8D0097F1F68B819F
:10B750009C81855C9F4BDC011C92898D9A8D0097A2
:10B7600069F08B8D9C8D9C01215031098D8D9E8DB2
:10B77000B9010E94C6528D3209F04BC029813A812D
:10B78000C901880F991F820F931F880F991F9C0171
:10B7900089A19AA1820F931FFC01228133814F81DD
:10B7A000588561E1649FC001659F900D1124A90136
:10B7B000480F591F29813A81C901880F991F820FAB
:10B7C000931F880F991F9C0189A19AA1820F931F33
:10B7D000DC0112962D913C916F817885E1E1E69F25
:10B7E000C001E79F900D1124280F391FFA018781AE
:10B7F0009085A185B285F90185879687A787B08B4B
:10B800008B899C898B8F9C8F8D899E89898F9A8F3C
:10B810000AC229813A81C901880F991F820F931F9B
:10B82000880F991F9C0189A19AA1820F931FDC01A7
:10B8300012962D913C9113974F81588561E1649F39
:10B84000C001659F900D1124820F931FFC0186811A
:10B85000882309F06FC029813A81C901880F991F97
:10B86000820F931F880F991F9C0189A19AA1820FB3
:10B87000931FDC0112962D913C914F81588561E117
:10B88000649FC001659F900D1124820F931F0D9638
:10B89000292F2F938F9389E09BE2892F8F9389E043
:10B8A0009BE28F938BE390E4892F8F938BE390E45B
:10B8B0008F930E94B5A00F900F900F900F900F9054
:10B8C0000F90009709F0AFC129813A81C901880F13
:10B8D000991F820F931F880F991F9C0189A19AA11C
:10B8E000820F931FFC01228133814F81588561E1D2
:10B8F000649FC001659F900D1124820F931F0D96C8
:10B90000292F2F938F938DE09BE2892F8F938DE0CA
:10B910009BE28F938BE390E4892F8F938BE390E4EA
:10B920008F930E94B5A00F900F900F900F900F90E3
:10B930000F9079C129813A81C901880F991F820F1F
:10B94000931F880F991F9C0189A19AA1820F931FB1
:10B95000DC0112962D913C9113974F81588561E13E
:10B96000649FC001659F900D1124820F931FFC01FD
:10B9700086818130B9F529813A81C901880F991FE3
:10B98000820F931F880F991F9C0189A19AA1820F92
:10B99000931FDC0112962D913C914F81588561E1F6
:10B9A000649FC001659F900D1124820F931F0D9617
:10B9B000292F2F938F938DE09BE2892F8F938DE01A
:10B9C0009BE28F938BE390E4892F8F938BE390E43A
:10B9D0008F930E94B5A00F900F900F900F900F9033
:10B9E0000F9021C129813A81C901880F991F820FC7
:10B9F000931F880F991F9C0189A19AA1820F931F01
:10BA0000FC01228133814F81588561E1649FC0012F
:10BA1000659F900D1124820F931FDC0116968C9167
:10BA20001697823009F070C017C02B8D3C8D8B812A
:10BA30009C81280F391F8D8D9E8DB9010E94C652A1
:10BA4000282F8B819C81855C9F4BFC0120838B81FF
:10BA50009C8101968B839C838B819C810197855C63
:10BA60009F4BDC018C918F31D1F0C8F08B819C8190
:10BA70000197855C9F4BFC0180818E3709F078F43B
:10BA80008B819C810197855C9F4BDC018C91873277
:10BA900031F08B819C818831910539F230F28B81B4
:10BAA0009C810197855C9F4BFC0110828B819C815E
:10BAB000FC0131976CE370E429813A81C901880F58
:10BAC000991F820F931F880F991F9C0189A19AA12A
:10BAD000820F931FDC0112962D913C914F81588566
:10BAE000A1E1A49FC001A59F900D1124820F931F77
:10BAF000DC011B968D919C91AF010E9468A08B8107
:10BB00009C81898F9A8F8FC029813A81C901880FC2
:10BB1000991F820F931F880F991F9C0189A19AA1D9
:10BB2000820F931FFC01228133814F81588561E18F
:10BB3000649FC001659F900D1124820F931FDC014B
:10BB400016968C911697833009F06DC029813A8141
:10BB5000C901880F991F820F931F880F991F9C019D
:10BB600089A19AA1820F931FFC01228133814F8109
:10BB7000588561E1649FC001659F900D1124820F7B
:10BB8000931F0D96292F2F938F9380E19BE2892F8E
:10BB90008F9380E19BE28F938BE390E4892F8F93C7
:10BBA0008BE390E48F930E94B5A00F900F900F90BD
:10BBB0000F900F900F900097B1F529813A81C9013C
:10BBC000880F991F820F931F880F991F9C0189A1CD
:10BBD0009AA1820F931FDC0112962D913C914F8107
:10BBE000588561E1649FC001659F900D1124820F0B
:10BBF000931F0D96292F2F938F938DE09BE2892F12
:10BC00008F938DE09BE28F938BE390E4892F8F934A
:10BC10008BE390E48F930E94B5A00F900F900F904C
:10BC20000F900F900F9029813A81C901880F991FB9
:10BC3000820F931F880F991F9C0189A19AA1820FDF
:10BC4000931FFC01228133814F81588561E1649FFC
:10BC5000C001659F900D1124820F931FDC018D910F
:10BC60009C91FC011995282F8CA19DA1DC018C9140
:10BC7000280F8CA19DA1FC0120831FC08F81988576
:10BC800001968F83988729813A81C901880F991F6E
:10BC9000820F931F880F991F9C0189A19AA1820F7F
:10BCA000931FDC0114968C911497882F90E02F81BC
:10BCB00038852817390708F42ACC29813A81C90127
:10BCC000880F991F820F931F880F991F9C0189A1CC
:10BCD0009AA1820F931FFC018481882F90E02F810D
:10BCE00038852817390721F481E090E089879A8701
:10BCF0002B8D3C8D898D9A8D820F931F8B8F9C8FFE
:10BD000001C000008BA1882F90E029813A8128177B
:10BD10003907C1F08B8D9C8D2F853889281B390BF5
:10BD20004B8D5C8DBE01655E7F4F8D8D9E8D8B0131
:10BD30006DE20E941F57882329F489859A85009710
:10BD400009F4B3CB8BA1882F90E029813A81281781
:10BD5000390741F48F859889009721F086E19BE2AD
:10BD60000E9489A089859A85009721F086E19BE24F
:10BD70000E9489A08D8D9E8D0E9436519C018D8DD3
:10BD80009E8DB9010E948F558F859889009769F41F
:10BD90008EED9AE2892F8F938EED9AE28F930E9417
:10BDA00071A00F900F9080E043C089859A8500971D
:10BDB000E9F48BA1882F90E029813A81281739076F
:10BDC000A9F08F859889009789F08D859E850097C9
:10BDD00069F08EED9AE2892F8F938EED9AE28F9320
:10BDE0000E9471A00F900F9080E022C08D859E85EB
:10BDF0000097E1F429813A81C901880F991F820FC8
:10BE0000931F880F991F9C0189A19AA1820F931FEC
:10BE1000DC018D919C9124E030E04DE069E37BE210
:10BE20000E94E25F882311F480E002C089818F5F65
:10BE3000A596CDBFDEBFDF91CF911F910F910895E1
:10BE4000CF93DF93CDB7DEB72F97CDBFDEBF8E8701
:10BE50009F878E859F85009711F481E083C085E0E0
:10BE6000E9E3FBE2DE01159601900D928A95E1F778
:10BE70001A861B868E859F850E9436518B839C83F4
:10BE80008B819C819C01215031098E859F85B90150
:10BE90000E94C6528D3011F081E064C08E859F856E
:10BEA0000E941A568E859F850E9436518B839C83F3
:10BEB000AE01445F5F4F9E01265F3F4F8E859F8599
:10BEC000B9010E94F454882311F081E04BC019821B
:10BED0001A821CC02A853B8589819A81280F391FC7
:10BEE0008E859F85B9010E94C652482F9E012B5F07
:10BEF0003F4F89819A81820F931FFC0180814817EF
:10BF0000C1F489819A81019689839A838C859D8564
:10BF100029813A812817390769F09E012B5F3F4F2D
:10BF200089819A81820F931FFC018081882391F679
:10BF300001C000008E859F850E9436519C018E8530
:10BF40009F85B9010E948F559E012B5F3F4F8981CC
:10BF50009A81820F931FFC018081882311F480E075
:10BF600001C081E02F96CDBFDEBFDF91CF91089554
:10BF7000CF93DF930F920F92CDB7DEB789839A8369
:10BF800089819A81009731F089819A810E9472514A
:10BF9000882311F081E011C089819A810E94365175
:10BFA0009C012150310989819A81B9010E94C652B0
:10BFB0008D3011F081E001C080E00F900F90DF9193
:10BFC000CF910895CF93DF9300D000D000D0CDB7AC
:10BFD000DEB78B839C836D837E834F83288739876D
:10BFE00019821A8217C02B813C8189819A81820F24
:10BFF000931FFC0140812D813E8189819A81820FAE
:10C00000931FFC018081481719F589819A81019657
:10C0100089839A8329813A818885998528173907E8
:10C02000C0F42B813C8189819A81820F931FFC018E
:10C0300080819F81981769F02D813E8189819A8145
:10C04000820F931FFC0180819F81981761F601C0C8
:10C0500000002B813C8189819A81820F931FFC0112
:10C0600080819F81981721F12D813E8189819A815C
:10C07000820F931FFC0180819F819817C9F029814D
:10C080003A818885998528173907A1F42B813C814D
:10C0900089819A81820F931FFC0140812D813E810D
:10C0A00089819A81820F931FFC018081481711F4C6
:10C0B00080E001C081E02996CDBFDEBFDF91CF9146
:10C0C0000895CF93DF93CDB7DEB76497CDBFDEBFC2
:10C0D000898B6A8B7B8B4C8B8C898823E9F48989CB
:10C0E000882F90E0880F991F875C9B4E89839A83E5
:10C0F00089819A81FC0125913491CF012B833C8366
:10C1000089839A838B819C819C018A899B8943E6E0
:10C1100050E0B9010E9459A08C898130E9F48989E5
:10C12000882F90E0880F991F815C994F8D839E83A3
:10C130008D819E81FC0125913491CF012F83388719
:10C140008D839E838F8198859C018A899B8943E694
:10C1500050E0B9010E9459A08C898330E9F48989A3
:10C16000882F90E0880F991F815C994F89879A8763
:10C1700089859A85FC0125913491CF012B873C87D5
:10C1800089879A878B859C859C018A899B8943E650
:10C1900050E0B9010E9459A08C898230E9F4898964
:10C1A000882F90E0880F991F81549B4D8D879E8723
:10C1B0008D859E85FC0125913491CF012F87388B89
:10C1C0008D879E878F8598899C018A899B8943E604
:10C1D00050E0B9010E9459A000006496CDBFDEBFB7
:10C1E000DF91CF910895CF93DF93CDB7DEB7C55AD6
:10C1F000D109CDBFDEBFFE01EF55FF4F8083CE01D9
:10C200008E559F4FFC016083CE018D559F4FFC01E1
:10C2100040835183CE018B559F4FFC012083CE017B
:10C220008B559F4FFC018081882309F094C1CE017A
:10C230008F559F4FFC018081882331F5CE018E55AB
:10C240009F4FFC018081882F90E0880F991F8350B9
:10C25000964E89A39AA389A19AA1FC0125913491B4
:10C26000CF012BA33CA389A39AA38BA19CA19C01E2
:10C27000CE018D559F4FFC018081918143E650E0B6
:10C28000B9010E9459A067C1CE018F559F4FFC0193
:10C290008081813031F5CE018E559F4FFC01808128
:10C2A000882F90E0880F991F875F914E8D8F9E8F0A
:10C2B0008D8D9E8DFC0125913491CF012F8F38A358
:10C2C0008D8F9E8F8F8D98A19C01CE018D559F4F94
:10C2D000FC018081918143E650E0B9010E9459A0A0
:10C2E0003AC1CE018F559F4FFC018081823031F5DC
:10C2F000CE018E559F4FFC018081882F90E0880FE2
:10C30000991F8B57914E898F9A8F898D9A8DFC0139
:10C3100025913491CF012B8F3C8F898F9A8F8B8DF4
:10C320009C8D9C01CE018D559F4FFC018081918198
:10C3300043E650E0B9010E9459A00DC1CE018F55CE
:10C340009F4FFC018081833031F5CE018E559F4F88
:10C35000FC018081882F90E0880F991F8059904EB2
:10C360008D8B9E8B8D899E89FC0125913491CF0107
:10C370002F8B388F8D8B9E8B8F89988D9C01CE0152
:10C380008D559F4FFC018081918143E650E0B901BA
:10C390000E9459A0E0C0CE018F559F4FFC018081C3
:10C3A000843031F5CE018E559F4FFC018081882F5E
:10C3B00090E0880F991F8E569E4D898B9A8B8989A4
:10C3C0009A89FC0125913491CF012B8B3C8B898B71
:10C3D0009A8B8B899C899C01CE018D559F4FFC01C6
:10C3E0008081918143E650E0B9010E9459A0B3C019
:10C3F000CE018F559F4FFC018081853031F5CE01F4
:10C400008E559F4FFC018081882F90E0880F991FE7
:10C4100087519E4D8D879E878D859E85FC01259138
:10C420003491CF012F87388B8D879E878F85988990
:10C430009C01CE018D559F4FFC018081918143E687
:10C4400050E0B9010E9459A086C0CE018F559F4F80
:10C45000FC018081863031F5CE018E559F4FFC0165
:10C460008081882F90E0880F991F8B5F9D4D898771
:10C470009A8789859A85FC0125913491CF012B8774
:10C480003C8789879A878B859C859C01CE018D5539
:10C490009F4FFC018081918143E650E0B9010E94E9
:10C4A00059A059C0CE018F559F4FFC018081873024
:10C4B00031F5CE018E559F4FFC018081882F90E091
:10C4C000880F991F825E9D4D8D839E838D819E81F5
:10C4D000FC0125913491CF012F8338878D839E8372
:10C4E0008F8198859C01CE018D559F4FFC018081E5
:10C4F000918143E650E0B9010E9459A02CC0CE01C1
:10C500008F559F4FFC018081883029F5CE018E55D3
:10C510009F4FFC018081882F90E0880F991F875BD7
:10C520009D4D89839A8389819A81FC01259134915B
:10C53000CF012B833C8389839A838B819C819C01CF
:10C54000CE018D559F4FFC018081918143E650E0E3
:10C55000B9010E9459A0CE018B559F4FFC018081EB
:10C56000813009F0C7C1CE018F559F4FFC018081FA
:10C57000882309F03BC0CE018E559F4FFC0180817E
:10C58000882F90E0880F991F9C012C5E364FCE01BA
:10C590008B5B9F4FFC0120833183CE018B5B9F4FD0
:10C5A000FC0180819181FC0145915491CF019E0154
:10C5B000295B3F4FF901408351839E012B5B3F4F25
:10C5C000F90180839183CE01895B9F4FFC018081BB
:10C5D00091819C01CE018D559F4FFC0180819181FD
:10C5E00043E650E0B9010E9459A084C1CE018F55A5
:10C5F0009F4FFC018081813009F03BC0CE018E55F8
:10C600009F4FFC018081882F90E0880F991F9C012B
:10C610002256334FCE018F5B9F4FFC012083318325
:10C62000CE018F5B9F4FFC0180819181FC01459180
:10C630005491CF019E012D5B3F4FF90140835183FF
:10C640009E012F5B3F4FF90180839183CE018D5B6B
:10C650009F4FFC01808191819C01CE018D559F4FA0
:10C66000FC018081918143E650E0B9010E9459A00C
:10C6700041C1CE018F559F4FFC018081823069F509
:10C68000CE018E559F4FFC018081882F90E0880F4E
:10C69000991F885B924F8DAF9EAF8DAD9EADFC0113
:10C6A00045915491CF019E01215C3F4FF901408398
:10C6B00051838DAF9EAFCE01CF96FC0180819181D9
:10C6C0009C01CE018D559F4FFC018081918143E6F5
:10C6D00050E0B9010E9459A00DC1CE018F559F4F66
:10C6E000FC018081843031F5CE018E559F4FFC01D5
:10C6F0008081882F90E0880F991F865C9E4E89AFBD
:10C700009AAF89AD9AADFC0125913491CF012BAF41
:10C710003CAF89AF9AAF8BAD9CAD9C01CE018D55DE
:10C720009F4FFC018081918143E650E0B9010E9456
:10C7300059A0E0C0CE018F559F4FFC01808185300C
:10C7400031F5CE018E559F4FFC018081882F90E0FE
:10C75000880F991F855B9D4E8DAB9EAB8DA99EA9C1
:10C76000FC0125913491CF012FAB38AF8DAB9EAB3F
:10C770008FA998AD9C01CE018D559F4FFC01808102
:10C78000918143E650E0B9010E9459A0B3C0CE01A7
:10C790008F559F4FFC018081863031F5CE018E553B
:10C7A0009F4FFC018081882F90E0880F991F8A5845
:10C7B0009D4E89AB9AAB89A99AA9FC012591349128
:10C7C000CF012BAB3CAB89AB9AAB8BA99CA99C014D
:10C7D000CE018D559F4FFC018081918143E650E051
:10C7E000B9010E9459A086C0CE018F559F4FFC0110
:10C7F0008081883031F5CE018E559F4FFC018081BC
:10C80000882F90E0880F991F8B569D4E8DA79EA76D
:10C810008DA59EA5FC0125913491CF012FA738ABA2
:10C820008DA79EA78FA598A99C01CE018D559F4FDE
:10C83000FC018081918143E650E0B9010E9459A03A
:10C8400059C0CE018F559F4FFC018081873031F553
:10C85000CE018E559F4FFC018081882F90E0880F7C
:10C86000991F83559D4E89A79AA789A59AA5FC0172
:10C8700025913491CF012BA73CA789A79AA78BA517
:10C880009CA59C01CE018D559F4FFC01808191811B
:10C8900043E650E0B9010E9459A02CC0CE018F554B
:10C8A0009F4FFC018081893029F5CE018E559F4F25
:10C8B000FC018081882F90E0880F991F88529D4E3F
:10C8C0008DA39EA38DA19EA1FC0125913491CF0142
:10C8D0002FA338A78DA39EA38FA198A59C01CE015D
:10C8E0008D559F4FFC018081918143E650E0B90155
:10C8F0000E9459A0CE018B559F4FFC01808183304F
:10C9000009F059C2CE018F559F4FFC0180818823C9
:10C9100009F03BC0CE018E559F4FFC018081882FCE
:10C9200090E0880F991F9C012C5E364FCE018759ED
:10C930009F4FFC0120833183CE0187599F4FFC011B
:10C9400080819181FC0145915491CF019E0125592F
:10C950003F4FF901408351839E0127593F4FF90111
:10C9600080839183CE0185599F4FFC018081918105
:10C970009C01CE018D559F4FFC018081918143E642
:10C9800050E0B9010E9459A016C2CE018F559F4FA9
:10C99000FC018081813009F03BC0CE018E559F4F54
:10C9A000FC018081882F90E0880F991F9C012256FE
:10C9B000334FCE018B599F4FFC0120833183CE0131
:10C9C0008B599F4FFC0180819181FC0145915491CD
:10C9D000CF019E0129593F4FF901408351839E01A8
:10C9E0002B593F4FF90180839183CE0189599F4F85
:10C9F000FC01808191819C01CE018D559F4FFC01EE
:10CA00008081918143E650E0B9010E9459A0D3C1D1
:10CA1000CE018F559F4FFC018081823009F03BC0D1
:10CA2000CE018E559F4FFC018081882F90E0880FAA
:10CA3000991F9C01285B324FCE018F599F4FFC01FB
:10CA400020833183CE018F599F4FFC0180819181DA
:10CA5000FC0145915491CF019E012D593F4FF901A1
:10CA6000408351839E012F593F4FF9018083918369
:10CA7000CE018D599F4FFC01808191819C01CE0197
:10CA80008D559F4FFC018081918143E650E0B901B3
:10CA90000E9459A090C1CE018F559F4FFC0180810B
:10CAA000843009F03BC0CE018E559F4FFC01808140
:10CAB000882F90E0880F991F9C01265C3E4ECE0186
:10CAC000835A9F4FFC0120833183CE01835A9F4FAD
:10CAD000FC0180819181FC0145915491CF019E011F
:10CAE000215A3F4FF901408351839E01235A3F4F02
:10CAF000F90180839183CE01815A9F4FFC0180818F
:10CB000091819C01CE018D559F4FFC0180819181C7
:10CB100043E650E0B9010E9459A04DC1CE018F55A6
:10CB20009F4FFC018081853009F03BC0CE018E55BE
:10CB30009F4FFC018081882F90E0880F991F9C01F6
:10CB4000255B3D4ECE01875A9F4FFC0120833183E8
:10CB5000CE01875A9F4FFC0180819181FC01459154
:10CB60005491CF019E01255A3F4FF90140835183D3
:10CB70009E01275A3F4FF90180839183CE01855A48
:10CB80009F4FFC01808191819C01CE018D559F4F6B
:10CB9000FC018081918143E650E0B9010E9459A0D7
:10CBA0000AC1CE018F559F4FFC018081863009F06C
:10CBB0003BC0CE018E559F4FFC018081882F90E0B5
:10CBC000880F991F9C012A583D4ECE018B5A9F4FCA
:10CBD000FC0120833183CE018B5A9F4FFC01808161
:10CBE0009181FC0145915491CF019E01295A3F4FFB
:10CBF000F901408351839E012B5A3F4FF9018083F5
:10CC00009183CE01895A9F4FFC01808191819C01C3
:10CC1000CE018D559F4FFC018081918143E650E00C
:10CC2000B9010E9459A0C7C0CE018F559F4FFC018A
:10CC30008081883009F03BC0CE018E559F4FFC01AA
:10CC40008081882F90E0880F991F9C012B563D4EC4
:10CC5000CE018F5A9F4FFC0120833183CE018F5A22
:10CC60009F4FFC0180819181FC0145915491CF013E
:10CC70009E012D5A3F4FF901408351839E012F5A47
:10CC80003F4FF90180839183CE018D5A9F4FFC0164
:10CC9000808191819C01CE018D559F4FFC01808147
:10CCA000918143E650E0B9010E9459A084C0CE01B1
:10CCB0008F559F4FFC018081873009F03BC0CE012A
:10CCC0008E559F4FFC018081882F90E0880F991F1F
:10CCD0009C0123553D4ECE01835B9F4FFC01208379
:10CCE0003183CE01835B9F4FFC0180819181FC01E8
:10CCF00045915491CF019E01215B3F4FF901408343
:10CD000051839E01235B3F4FF90180839183CE01C4
:10CD1000815B9F4FFC01808191819C01CE018D55EB
:10CD20009F4FFC018081918143E650E0B9010E9450
:10CD300059A041C0CE018F559F4FFC0180818930A1
:10CD4000D1F5CE018E559F4FFC018081882F90E058
:10CD5000880F991F9C0128523D4ECE01875B9F4F43
:10CD6000FC0120833183CE01875B9F4FFC018081D2
:10CD70009181FC0145915491CF019E01255B3F4F6C
:10CD8000F901408351839E01275B3F4FF901808366
:10CD90009183CE01855B9F4FFC01808191819C0135
:10CDA000CE018D559F4FFC018081918143E650E07B
:10CDB000B9010E9459A0CE018B559F4FFC01808183
:10CDC000823009F065C3CE018F559F4FFC018081F1
:10CDD000882309F03BC0CE018E559F4FFC01808116
:10CDE000882F90E0880F991F9C0128553A4DCE015D
:10CDF00083569F4FFC0120833183CE0183569F4F82
:10CE0000FC0180819181FC0145915491CF019E01EB
:10CE100021563F4FF901408351839E0123563F4FD6
:10CE2000F90180839183CE0181569F4FFC0180815F
:10CE300091819C01CE018D559F4FFC018081918194
:10CE400043E650E0B9010E9459A022C3CE018F559C
:10CE50009F4FFC018081813009F03BC0CE018E558F
:10CE60009F4FFC018081882F90E0880F991F9C01C3
:10CE700022553A4DCE0187569F4FFC0120833183C6
:10CE8000CE0187569F4FFC0180819181FC01459125
:10CE90005491CF019E0125563F4FF90140835183A4
:10CEA0009E0127563F4FF90180839183CE0185561D
:10CEB0009F4FFC01808191819C01CE018D559F4F38
:10CEC000FC018081918143E650E0B9010E9459A0A4
:10CED000DFC2CE018F559F4FFC018081823009F067
:10CEE0003BC0CE018E559F4FFC018081882F90E082
:10CEF000880F991F9C012C503A4DCE018B569F4FA5
:10CF0000FC0120833183CE018B569F4FFC01808131
:10CF10009181FC0145915491CF019E0129563F4FCB
:10CF2000F901408351839E012B563F4FF9018083C5
:10CF30009183CE0189569F4FFC01808191819C0194
:10CF4000CE018D559F4FFC018081918143E650E0D9
:10CF5000B9010E9459A09CC2CE018F559F4FFC0180
:10CF60008081833009F03BC0CE018E559F4FFC017C
:10CF70008081882F90E0880F991F9C0126503A4DA0
:10CF8000CE018F569F4FFC0120833183CE018F56F7
:10CF90009F4FFC0180819181FC0145915491CF010B
:10CFA0009E012D563F4FF901408351839E012F561C
:10CFB0003F4FF90180839183CE018D569F4FFC0135
:10CFC000808191819C01CE018D559F4FFC01808114
:10CFD000918143E650E0B9010E9459A059C2CE01A7
:10CFE0008F559F4FFC018081843009F03BC0CE01FA
:10CFF0008E559F4FFC018081882F90E0880F991FEC
:10D000009C012C56394DCE0183579F4FFC01208344
:10D010003183CE0183579F4FFC0180819181FC01B8
:10D0200045915491CF019E0121573F4FF901408313
:10D0300051839E0123573F4FF90180839183CE0195
:10D0400081579F4FFC01808191819C01CE018D55BC
:10D050009F4FFC018081918143E650E0B9010E941D
:10D0600059A016C2CE018F559F4FFC01808185309B
:10D0700009F03BC0CE018E559F4FFC018081882F67
:10D0800090E0880F991F9C01295F374DCE0187578B
:10D090009F4FFC0120833183CE0187579F4FFC01B6
:10D0A00080819181FC0145915491CF019E012557CA
:10D0B0003F4FF901408351839E0127573F4FF901AC
:10D0C00080839183CE0185579F4FFC0180819181A0
:10D0D0009C01CE018D559F4FFC018081918143E6DB
:10D0E00050E0B9010E9459A0D3C1CE018F559F4F86
:10D0F000FC018081863009F03BC0CE018E559F4FE8
:10D10000FC018081882F90E0880F991F9C01245C8E
:10D11000374DCE018B579F4FFC0120833183CE01C9
:10D120008B579F4FFC0180819181FC014591549167
:10D13000CF019E0129573F4FF901408351839E0142
:10D140002B573F4FF90180839183CE0189579F4F21
:10D15000FC01808191819C01CE018D559F4FFC0186
:10D160008081918143E650E0B9010E9459A090C1AD
:10D17000CE018F559F4FFC018081873009F03BC065
:10D18000CE018E559F4FFC018081882F90E0880F43
:10D19000991F9C01285D354DCE018F579F4FFC0193
:10D1A00020833183CE018F579F4FFC018081918175
:10D1B000FC0145915491CF019E012D573F4FF9013C
:10D1C000408351839E012F573F4FF9018083918304
:10D1D000CE018D579F4FFC01808191819C01CE0132
:10D1E0008D559F4FFC018081918143E650E0B9014C
:10D1F0000E9459A04DC1CE018F559F4FFC018081E7
:10D20000883009F03BC0CE018E559F4FFC018081D4
:10D21000882F90E0880F991F9C01245C344DCE012B
:10D2200083589F4FFC0120833183CE0183589F4F49
:10D23000FC0180819181FC0145915491CF019E01B7
:10D2400021583F4FF901408351839E0123583F4F9E
:10D25000F90180839183CE0181589F4FFC01808129
:10D2600091819C01CE018D559F4FFC018081918160
:10D2700043E650E0B9010E9459A00AC1CE018F5582
:10D280009F4FFC018081893009F03BC0CE018E5553
:10D290009F4FFC018081882F90E0880F991F9C018F
:10D2A000285A344DCE0187589F4FFC01208331838B
:10D2B000CE0187589F4FFC0180819181FC014591EF
:10D2C0005491CF019E0125583F4FF901408351836E
:10D2D0009E0127583F4FF90180839183CE018558E5
:10D2E0009F4FFC01808191819C01CE018D559F4F04
:10D2F000FC018081918143E650E0B9010E9459A070
:10D30000C7C0CE018F559F4FFC0180818A3009F044
:10D310003BC0CE018E559F4FFC018081882F90E04D
:10D32000880F991F9C012557344DCE018B589F4F74
:10D33000FC0120833183CE018B589F4FFC018081FB
:10D340009181FC0145915491CF019E0129583F4F95
:10D35000F901408351839E012B583F4FF90180838F
:10D360009183CE0189589F4FFC01808191819C015E
:10D37000CE018D559F4FFC018081918143E650E0A5
:10D38000B9010E9459A084C0CE018F559F4FFC0166
:10D3900080818B3009F03BC0CE018E559F4FFC0140
:10D3A0008081882F90E0880F991F9C012D58344D63
:10D3B000CE018F589F4FFC0120833183CE018F58BF
:10D3C0009F4FFC0180819181FC0145915491CF01D7
:10D3D0009E012D583F4FF901408351839E012F58E4
:10D3E0003F4FF90180839183CE018D589F4FFC01FF
:10D3F000808191819C01CE018D559F4FFC018081E0
:10D40000918143E650E0B9010E9459A041C0CE018C
:10D410008F559F4FFC0180818C30D1F5CE018E5508
:10D420009F4FFC018081882F90E0880F991F9C01FD
:10D430002A54344DCE0183599F4FFC012083318300
:10D44000CE0183599F4FFC0180819181FC01459160
:10D450005491CF019E0121593F4FF90140835183DF
:10D460009E0123593F4FF90180839183CE01815959
:10D470009F4FFC01808191819C01CE018D559F4F72
:10D48000FC018081918143E650E0B9010E9459A0DE
:10D490000000CB55DF4FCDBFDEBFDF91CF910895A8
:10D4A000CF93DF93CDB7DEB7CB56D109CDBFDEBF6B
:10D4B000FE01E959FF4F80839183CE0187599F4F29
:10D4C000FC016083CE0186599F4FFC014083CE0151
:10D4D00085599F4FFC0120838EE39BE20E9489A027
:10D4E0008AE090E00E9483A088E69BE20E9489A0E7
:10D4F0008AE090E00E9483A01B821C8222E6CE017B
:10D500000596FC01322F11923A95E9F7198242C132
:10D510008981282F30E0C901880F991F820F931F3E
:10D52000880F991F9C01CE0189599F4FFC01808172
:10D530009181820F931FFC0180819181292F2F936C
:10D540008F9382E79BE2892F8F9382E79BE28F93F1
:10D550000E9471A00F900F900F900F90CE018659EE
:10D560009F4FFC018081813029F58981282F30E08F
:10D57000C901880F991F820F931F880F991F9C0163
:10D58000CE0189599F4FFC0180819181820F931FA9
:10D59000FC015581CE0185599F4F9E012D5F3F4F64
:10D5A000FC014081B901852F0E946160CE01039684
:10D5B0000E9489A08981282F30E0C901880F991F16
:10D5C000820F931F880F991F9C01CE0189599F4F8D
:10D5D000FC0180819181820F931FFC01848188234B
:10D5E00029F48AE090E00E9483A0D1C01A82B6C0DC
:10D5F000CE0186599F4FFC018081813021F489E062
:10D6000090E00E9483A08981282F30E0C901880F13
:10D61000991F820F931F880F991F9C01CE01895972
:10D620009F4FFC0180819181820F931FFC01228119
:10D6300033818A81482F50E061E1649FC001659F7A
:10D64000900D1124820F931FFC01628173818981E7
:10D65000282F30E0C901880F991F820F931F880F70
:10D66000991F9C01CE0189599F4FFC0180819181B6
:10D67000820F931FFC01228133818A81482F50E061
:10D68000E1E1E49FC001E59F900D1124820F931FFB
:10D69000FC018481882F90E0272F2F93262F2F9332
:10D6A000292F2F938F9388E79BE2892F8F9388E709
:10D6B0009BE28F930E9471A00F900F900F900F909C
:10D6C0000F900F90CE0186599F4FFC0180818130D1
:10D6D00009F041C08981282F30E0C901880F991FC6
:10D6E000820F931F880F991F9C01CE0189599F4F6C
:10D6F000FC0180819181820F931FFC012281338183
:10D700008A81482F50E061E1649FC001659F900DC0
:10D710001124820F931FFC013581CE0185599F4F43
:10D72000AE014D5F5F4FFC012081632F89810E9414
:10D73000F360CE010396292F2F938F9381E89BE20C
:10D74000892F8F9381E89BE28F930E9471A00F90A5
:10D750000F900F900F908A818F5F8A838981282F85
:10D7600030E0C901880F991F820F931F880F991FFE
:10D770009C01CE0189599F4FFC0180819181820FCC
:10D78000931FFC0184819A81981708F431CF898115
:10D790008F5F8983CE0187599F4F2981FC0180814A
:10D7A000281708F4B5CE8AE090E00E9483A080E0BC
:10D7B000C559DF4FCDBFDEBFDF91CF910895462F12
:10D7C000572FBC014150510961097109411551059B
:10D7D00061057105B9F70895E1EAF4E290E0A481EA
:10D7E000B5812C91821739F09F5F3E969530B9F73D
:10D7F00080E090E008952EE0929FC00111248F55A3
:10D800009B4D089580E0089580E008958091D6258D
:10D81000811181E08093862480E0089580E008955E
:10D8200080E0089580E0089580E0089580E0089504
:10D8300080E0089580E0089580917C23811181E04B
:10D840008093862480E00895E0E0F6E084E086831B
:10D8500098E0968380E18583E0E2F6E09683868314
:10D8600080E2858380E4868380E00895E0E0F6E04E
:10D8700084E0868398E0958380E18583E0E2F6E0AA
:10D880009683868380E2858380E4868380E00895A2
:10D89000E0E0F6E084E0858398E0968380E185838C
:10D8A000E0E2F6E09683868380E2858380E48683E7
:10D8B00080E0089584E08093060698E09093060641
:10D8C00080E18093060640910622509107226091E4
:10D8D000082270910922411551056105710541F435
:10D8E000909326068093260680E2809325061DC02D
:10D8F000413051056105710561F4909326068093CE
:10D90000250680E28093250680E48093250680E04A
:10D910000895423051056105710559F4909326062A
:10D920008093250680E28093260680E48093260675
:10D93000EECF433051056105710529F4909325061A
:10D9400080932606DECF443051056105710529F428
:10D950009093250680932606E5CF45305105610555
:10D96000710509F0BDCF909325068093250680E2CE
:10D9700080932606C9CF80E0089580E0089580E076
:10D98000089580E0089580E0089580E0089580E0A3
:10D99000089580E0089580E0089580917D20909121
:10D9A0007E202091574030915840821B930B019666
:10D9B000809357409093584080E0089510925740CC
:10D9C0001092584080E008951F93CF93DF934091C9
:10D9D0005F4050916040A0915D40B0915E401C92CC
:10D9E00013E011961C93119714961C93149712969A
:10D9F000ED91FC91139788E380831296ED91FC9151
:10DA0000139711821296ED91FC91139781E0828316
:10DA1000EA011C828091714090917240EC01E88192
:10DA2000F981BD01199540915F4050916040A091EE
:10DA30005D40B0915E401C9211961C931197149614
:10DA40001C9314971296ED91FC91139780E38083B9
:10DA50001296ED91FC91139711821296ED91FC9123
:10DA600013971282FA011482809171409091724052
:10DA7000EC01E881F981BD01199540915F40509119
:10DA80006040A0915D40B0915E401C9211961C9345
:10DA9000119714961C9314971296ED91FC9113977D
:10DAA00080E280831296ED91FC9113971182129679
:10DAB000ED91FC9113978FE38283FA011482809198
:10DAC000714090917240EC01E881F981BD01199596
:10DAD00040915F4050916040A0915D40B0915E40A8
:10DAE0001C9211961C93119714961C9314971296DE
:10DAF000ED91FC91139787E080831296ED91FC9154
:10DB0000139711821296ED91FC9113971282FA01EC
:10DB100014828091714090917240EC01E881F9810A
:10DB2000BD01199540915F4050916040A0915D40CA
:10DB3000B0915E401C9211961C93119714961C9301
:10DB400014971296ED91FC9113978FE080831296B3
:10DB5000ED91FC91139711821296ED91FC91139720
:10DB60001282FA0114828091714090917240EC010E
:10DB7000E881F981BD01199580E0DF91CF911F9176
:10DB800008951F93CF93DF939C0140915F40509184
:10DB90006040A0915D40B0915E401C9213E01196F0
:10DBA0001C93119714961C9314971296ED91FC9167
:10DBB000139787E080831296ED91FC911397C9012A
:10DBC00034E0969587953A95E1F781831296ED9129
:10DBD000FC9113972295207F2283EA011C82809179
:10DBE000714090917240EC01E881F981BD01199575
:10DBF00040915F4050916040A0915D40B0915E4087
:10DC00001C9211961C93119714961C9314971296BC
:10DC1000ED91FC9113978FE080831296ED91FC912A
:10DC2000139711821296ED91FC9113971282FA01CB
:10DC300014828091714090917240EC01E881F981E9
:10DC4000BD01199580E0DF91CF911F9108950F9349
:10DC50001F93CF93DF938B01A0916140B0916240FD
:10DC60001C9291E011969C9311971296ED91FC9164
:10DC70001397808314969C9314974091634050911E
:10DC8000644080E1EA0189839C83809120409091E7
:10DC90002140EC01E881F981BD011995E0916340D3
:10DCA000F09164400280F381E02D8081F80180834F
:10DCB00080E0DF91CF911F910F91089586E89BE25C
:10DCC0000E9489A080E008958AE99BE20E9489A0D1
:10DCD00080914E25811181E08093862480E0089513
:10DCE0008AE99BE20E9489A080E008958AE99BE28C
:10DCF0000E9489A080E008958AE99BE20E9489A0A1
:10DD000080E008958AE99BE20E9489A080E008955E
:10DD10001F9380914824909149240E94C16D182F2F
:10DD20008823C1F080914B248F9380914A248F9354
:10DD3000809149248F93809148248F938BEA9BE2B2
:10DD40009F938F930E9471A00F900F900F900F9050
:10DD50000F900F90812F1F910895AF92BF92CF9295
:10DD6000DF92EF92FF920F931F930BE714E2F801FB
:10DD700083818F9382818F9381818F9380818F9311
:10DD800084ED9BE29F938F930E9471A0F8016081C4
:10DD900071818281938120E038E448EE51E00E9455
:10DDA000FB9D29513C4F4F4F5F4F6F4F7F4F8F4F20
:10DDB0009F4FE0E8AE2EF5E2BF2EC12CD12CE12C16
:10DDC000F12C00E010E00E94599EB901CA010E94A6
:10DDD000DF6B0F900F900F900F900F900F9080E0DF
:10DDE0001F910F91FF90EF90DF90CF90BF90AF9079
:10DDF0000895CF92DF92EF92FF921F93CF93DF931C
:10DE00008091192790911A27A0911B27B0911C2768
:10DE1000892B8A2B8B2B49F480E0DF91CF911F91C6
:10DE2000FF90EF90DF90CF90089540915F40509128
:10DE30006040A0915D40B0915E401C9213E011964D
:10DE40001C93119714961C9314971296ED91FC91C4
:10DE5000139780E280831296ED91FC9113971182C3
:10DE60001296ED91FC91139788E08283EA011C825F
:10DE70008091714090917240EC01E881F981BD017F
:10DE80001995C0901927D0901A27E0901B27F09081
:10DE90001C27C114D0E1DD06E104F10450F083EE4B
:10DEA0009BE29F938F930E9471A00F900F9081E04F
:10DEB000B4CF40915F4050916040A0915D40B091DF
:10DEC0005E401C9211961C93119714961C93149704
:10DED0001296ED91FC91139710831296ED91FC919F
:10DEE0001397C60124E0969587952A95E1F78183DB
:10DEF0001296ED91FC911397C29430EFC322C28227
:10DF0000FA0114828091714090917240EC01E88195
:10DF1000F981BD01199540915F4050916040A091F9
:10DF20005D40B0915E401C9211961C93119714961F
:10DF30001C9314971296ED91FC9113978BE08083BC
:10DF40001296ED91FC91139711821296ED91FC912E
:10DF500013971282FA01148280917140909172405D
:10DF6000EC01E881F981BD01199556CFE1E9F3E2B1
:10DF700081A18F9380A18F93878D8F93868D8F93AF
:10DF80008AE09CE29F938F930E9471A00F900F9064
:10DF90000F900F900F900F9080E00895EF92FF92F6
:10DFA0000F931F9300917E210B3070F088E19CE26B
:10DFB0009F938F930E9471A00F900F9080E01F910C
:10DFC0000F91FF90EF90089580E18093A60610E0F6
:10DFD000000F111FF12C90E1E92E8F2D90E080179A
:10DFE000910724F080E18093A606E8CF65E176E111
:10DFF00085E090E00E94DF6BE092A706F394EDCFFE
:10E00000CF93DF9300D00F92CDB7DEB72091854834
:10E01000309186482115310511F42DE838E4CE0100
:10E020000196821B930B1F921F929F938F9380E206
:10E030009CE29F938F930E9471A00F900F900F907E
:10E040000F900F900F9080E02496CDBFDEBFDF9140
:10E05000CF9108958091F9201F928F9385E39CE2E0
:10E060009F938F930E9471A08091F8201F928F93AD
:10E070008FE49CE29F938F930E9471A08091B121C5
:10E080009091B221A091B321B091B4212DB73EB7A8
:10E09000285F3F4F2DBF3EBF81309105A105B105DF
:10E0A00001F581E08093F9208093F8208091F92098
:10E0B0001F928F9389E69CE29F938F930E9471A099
:10E0C0008091F8201F928F938FE79CE29F938F930C
:10E0D0000E9471A08DB79EB708968DBF9EBF80E04D
:10E0E000089582309105A105B10511F483E0DACFDE
:10E0F0000397A105B105D1F684E0D4CF80915840B3
:10E100008F93809157408F9389EB98E39F938F93E0
:10E110000E9471A080915740909158400196809341
:10E120005740909358400F900F900F900F9080E0C1
:10E130000895809193001F928F9381E79EE29F93B1
:10E140008F930E9471A00F900F900F900F9080E01E
:10E150000895EF92FF920F931F93E0E9F0E0808122
:10E16000E180F2801F928F9305E91CE21F930F93C9
:10E170000E9471A01F92EF921F930F930E9471A0B3
:10E180001F92FF921F930F930E9471A08AE090E06C
:10E190000E9483A08DB79EB70C968DBF9EBF80E076
:10E1A0001F910F91FF90EF9008950E94A97080E059
:10E1B000089580919F209091A020A091A120B091DE
:10E1C000A2208B309105A105B105B9F085319105EB
:10E1D000A105B105B9F08C309105A105B10559F043
:10E1E0004697A105B10571F08CEA9CE20E9489A0D6
:10E1F00081E00E94139782E001C081E00E941397A2
:10E2000080E008958DE59CE29F938F938AE99CE2DC
:10E210009F938F930E9471A00F900F900F900F907B
:10E2200081E008958091A80680FF06C089EC9CE2F9
:10E230000E9489A080E0089562E089E690E40E944F
:10E240008F988091184090911940880F892F881FCE
:10E25000990B91958770992721E030E0A90102C0C0
:10E26000440F551F8A95E2F7CA019F934F9382EDA1
:10E270009CE29F938F930E9471A00F900F900F903C
:10E280000F90D8CF60914B2870914C2867707727FA
:10E2900080912A2790912B27A0912C27B0912D2790
:10E2A00081309105A105B105D9F489E690E40E9479
:10E2B0008F988091184090911940880F892F881F5E
:10E2C000990B91959F938F9389EE9CE29F938F93E7
:10E2D0000E9471A00F900F900F900F9080E0089512
:10E2E0000297A105B10519F48DE690E4E0CF82EF25
:10E2F0009CE20E9489A081E00895CF92DF92EF9284
:10E30000FF920F931F9380915B2080FF42C084E1B6
:10E310009DE29F938F930E9471A00F900F9000E059
:10E3200010E068E2C62E6DE2D62E79EEE72E7CE292
:10E33000F72EC80183709927892B51F41F930F93EF
:10E34000DF92CF920E9471A00F900F900F900F90CC
:10E35000602F89E690E40E948F98809118409091F8
:10E360001940880F892F881F990B91959F938F9340
:10E37000FF92EF920E9471A00F5F1F4F0F900F90BE
:10E380000F900F9008301105A1F68AE090E00E94EE
:10E3900083A080915B2090915C20A0915D20B09142
:10E3A0005E2083709927AA27BB270397A105B10593
:10E3B00021F48AE090E00E9483A080915B2081FF9D
:10E3C00042C081E39DE29F938F930E9471A00F90C2
:10E3D0000F9000E010E038E2C32E3DE2D32E49EE6C
:10E3E000E42E4CE2F42EC80183709927892B51F456
:10E3F0001F930F93DF92CF920E9471A00F900F9006
:10E400000F900F90602F8DE690E40E948F9880917E
:10E41000184090911940880F892F881F990B91956A
:10E420009F938F93FF92EF920E9471A00F5F1F4FF7
:10E430000F900F900F900F9008301105A1F68AE011
:10E4400090E00E9483A080E01F910F91FF90EF90D9
:10E45000DF90CF90089580912A2790912B27A0914B
:10E460002C27B0912D2781309105A105B10531F4FC
:10E4700089E690E40E946F9880E008950297A105D4
:10E48000B10519F48DE690E4F5CF82EF9CE20E948D
:10E4900089A081E008958091B0209091B120A09151
:10E4A000B220B091B320AC01BD014B5051096109BC
:10E4B0007109423051056105710558F40C97A105A9
:10E4C000B10529F081E00E94239880E0089582E060
:10E4D000FACF83E0F8CF0E948F98809118409091F6
:10E4E0001940089580912A2790912B27A0912C27DD
:10E4F000B0912D2781309105A105B105C1F462E0ED
:10E5000089E690E40E946B72880F892F881F990B0F
:10E5100091959F938F9382EA94E39F938F930E94A8
:10E5200071A00F900F900F900F9080E008950297C8
:10E53000A105B10521F462E08DE690E4E3CF82EF1E
:10E540009CE20E9489A081E0089580912A27909101
:10E550002B27A0912C27B0912D2781309105A10563
:10E56000B105C1F466E089E690E40E946B72892FE0
:10E57000869590E0817099279F938F9382EA94E328
:10E580009F938F930E9471A00F900F900F900F9008
:10E5900080E008950297A105B10521F466E08DE6BB
:10E5A00090E4E3CF82EF9CE20E9489A081E008958D
:10E5B00080912A2790912B27A0912C27B0912D276D
:10E5C00081309105A105B105C1F467E089E690E4C9
:10E5D0000E946B72880F892F881F990B91959F93CA
:10E5E0008F9382EA94E39F938F930E9471A00F9080
:10E5F0000F900F900F9080E008950297A105B1054C
:10E6000021F467E08DE690E4E3CF82EF9CE20E9484
:10E6100089A081E0089580912A2790912B27A091CD
:10E620002C27B0912D2781309105A105B105C9F4A2
:10E6300064E089E690E40E946B72892F8695869546
:10E6400090E0817099279F938F938CEF9EE29F9328
:10E650008F930E9471A00F900F900F900F9080E009
:10E6600008950297A105B10521F464E08DE690E4D8
:10E67000E2CF82EF9CE20E9489A081E008950F938F
:10E680001F938C0164E00E946B729F938F9385E4CB
:10E690009DE29F938F930E9471A064E0C8010E9445
:10E6A0006B72892F90E0817099279F938F9382EAF4
:10E6B00094E39F938F930E9471A08DB79EB70896A5
:10E6C0008DBF9EBF80E01F910F9108951F93809191
:10E6D0002A2790912B27A0912C27B0912D278130AC
:10E6E0009105A105B105B1F489E690E40E943F735C
:10E6F000182F8823D9F08DE59CE29F938F9382E5B4
:10E700009DE29F938F930E9471A00F900F900F90A6
:10E710000F900CC00297A105B10519F48DE690E4A5
:10E72000E5CF82EF9CE20E9489A011E0812F1F912A
:10E7300008958F929F92AF92BF92CF92DF92EF9205
:10E74000FF920F931F93CF93DF93FC01C8010281C7
:10E750001381A0911C40B0911D401296CD90DC9089
:10E760001397E0901A40F0901B4002C0440F551FD1
:10E770002A95E2F748235923E701188222E02983EA
:10E780002C83AA80BB809C01369527952095E601B5
:10E79000988129234A01969487942829E5012883A2
:10E7A000E7012A813B818795882787958095E60137
:10E7B00099818923479544274795842BE9018983CB
:10E7C000E7012A813B81E90189818078D8E06D9F4A
:10E7D000B00111246877862BE80198819770892B06
:10E7E000E901898314961C928081918140911C409B
:10E7F00050911D4060911A4070911B40DC01ED91D9
:10E80000FC91DF91CF911F910F91FF90EF90DF90DE
:10E81000CF90BF90AF909F908F901994EF92FF92FE
:10E820000F931F9380912A2790912B27A0912C273B
:10E83000B0912D2781309105A105B105E1F4E0905B
:10E840003B27F0903C2786E0E816F10498F562E05B
:10E8500089E690E40E948F9803E010E020E0A70191
:10E8600062E089E690E40E94997380E01F910F9125
:10E87000FF90EF9008950297A105B105A9F4E090EB
:10E880003B27F0903C2786E0E816F10498F462E01C
:10E890008DE690E40E948F9803E010E020E0A7014D
:10E8A00062E08DE690E4DFCF82EF9CE20E9489A0D7
:10E8B00081E0DCCF8DE59CE29F938F938FE59DE215
:10E8C0009F938F930E9471A00F900F900F900F90C5
:10E8D00083E0CCCF0F931F9380912A2790912B2711
:10E8E000A0912C27B0912D2781309105A105B1056C
:10E8F00089F440913A2850913B280FEF1FEF20E018
:10E900006091292889E690E40E94997380E01F9124
:10E910000F9108950297A105B10561F440913A283D
:10E9200050913B280FEF1FEF20E0609129288DE6E2
:10E9300090E4EACF82EF9CE20E9489A081E0E7CFD9
:10E940000F931F93F82FE92F9B01CB010197803282
:10E95000910598F428233923232B79F40E947E9D76
:10E96000AC010FEF1FEF20E062E08F2F9E2F0E947F
:10E97000997380E01F910F91089583E0FBCF1F935F
:10E9800080912A2790912B27A0912C27B0912D2799
:10E9900081309105A105B10501F56091E5277091E0
:10E9A000E62789E690E40E94A074182F882329F1B5
:10E9B0008EE69DE29F938F938DE59CE29F938F93CC
:10E9C0008FE79DE29F938F930E9471A00F900F900D
:10E9D0000F900F900F900F9010C00297A105B105F6
:10E9E00039F46091E5277091E6278DE690E4DBCF5E
:10E9F00082EF9CE20E9489A011E0812F1F9108956F
:10EA0000EF92FF920F931F937C018B01623071058F
:10EA100090F01F936F9385E89DE29F938F930E94E0
:10EA200071A00F900F900F900F9083E01F910F91A6
:10EA3000FF90EF90089564E00E946B72880F892F19
:10EA4000881F990B9195AC01477F5170012B09F0FC
:10EA500048600FEF1FEF20E064E0C7010E94997348
:10EA600080E0E4CF1F9380912A2790912B27A091DB
:10EA70002C27B0912D2781309105A105B10501F515
:10EA8000609107287091082889E690E40E9400753B
:10EA9000182F882329F18EEA9DE29F938F938DE5AD
:10EAA0009CE29F938F938FE79DE29F938F930E94A9
:10EAB00071A00F900F900F900F900F900F9010C0BB
:10EAC0000297A105B10539F46091072870910828D3
:10EAD0008DE690E4DBCF82EF9CE20E9489A011E0FA
:10EAE000812F1F910895CF92DF92EF92FF920F93A3
:10EAF0001F937C016B016E33710560F08FEB9DE21B
:10EB00000E9489A083E01F910F91FF90EF90DF900A
:10EB1000CF90089564E08DE3C816D10471F4C70165
:10EB20000E948F9800E110E024E040E050E064E0B3
:10EB3000C7010E94997380E0E6CFC7010E948F98B9
:10EB400000E110E024E041E050E064E0C7010E94F1
:10EB5000997367E0C7010E948F980FE310E020E0EF
:10EB6000A60167E0E5CF1F9380912A2790912B277C
:10EB7000A0912C27B0912D2781309105A105B105D9
:10EB8000D1F46091A1277091A22789E690E40E94B8
:10EB90007375182F8823F9F08DE59CE29F938F936E
:10EBA00085EE9DE29F938F930E9471A00F900F902E
:10EBB0000F900F9010C00297A105B10539F4609134
:10EBC000A1277091A2278DE690E4E1CF82EF9CE22D
:10EBD0000E9489A011E0812F1F910895EF92FF926A
:10EBE0000F931F937C018B016230710550F084EF0D
:10EBF0009DE20E9489A083E01F910F91FF90EF900A
:10EC0000089564E00E946B72482F012B59F0426016
:10EC100050E00FEF1FEF20E064E0C7010E949973FE
:10EC200080E0EACF4D7FF4CF1F9380912A27909107
:10EC30002B27A0912C27B0912D2781309105A1057C
:10EC4000B105D1F46091C3277091C42789E690E49F
:10EC50000E94EE75182F8823F9F08DE59CE29F93B2
:10EC60008F9382E59DE29F938F930E9471A00F90F6
:10EC70000F900F900F9010C00297A105B10539F4C5
:10EC80006091C3277091C4278DE690E4E1CF82EFB5
:10EC90009CE20E9489A011E0812F1F910895EF92BC
:10ECA000FF920F931F937C010FEF1FEF20E041E0D5
:10ECB00050E061E00E94997320E040E250E064E09F
:10ECC000C7010E94997320E040E150E060E0C70175
:10ECD0000E94997380E01F910F91FF90EF9008952B
:10ECE000EF92FF920F931F937C010FEF1FEF20E035
:10ECF00040E050E060E00E94997320E04FE050E077
:10ED000061E0C7010E94997320E041E050E062E0B9
:10ED1000C7010E94997320E04AE350E063E0C70115
:10ED20000E94997320E04BE050E064E0C7010E942C
:10ED3000997320E040E250E065E0C7010E949973BA
:10ED400020E041E050E066E0C7010E94997320E0B6
:10ED500040E050E067E0C7010E94997380E01F9196
:10ED60000F91FF90EF900895EF92FF920F931F93F2
:10ED70007C018B0166E00E946B72482F012B79F4B5
:10ED80004B7F50E00FEF1FEF20E066E0C7010E94CD
:10ED9000997380E01F910F91FF90EF900895446068
:10EDA000F0CF1F9380912A2790912B27A0912C2799
:10EDB000B0912D2781309105A105B10559F46091DD
:10EDC0007F277091802789E690E46230710578F0A2
:10EDD00013E012C00297A105B105E9F460917F2705
:10EDE000709180276230710598F78DE690E40E945B
:10EDF000B476182F8823A1F08DE59CE29F938F9322
:10EE000084E19EE29F938F930E9471A00F900F90D8
:10EE10000F900F9005C082EF9CE20E9489A011E044
:10EE2000812F1F910895CF92DF92EF92FF920F935F
:10EE30001F936C0166E00E946B727C01E894E0F81D
:10EE4000FF240FEF1FEF20E0A70166E0C6010E943C
:10EE50009973A701416020E066E0C6010E949973A2
:10EE600080E01F910F91FF90EF90DF90CF90089579
:10EE70001F9380912A2790912B27A0912C27B09146
:10EE80002D2781309105A105B105E1F489E690E4D3
:10EE90000E941377182F882309F185E29EE29F9341
:10EEA0008F938DE59CE29F938F938FE79DE29F93D5
:10EEB0008F930E9471A00F900F900F900F900F9062
:10EEC0000F900CC00297A105B10519F48DE690E4EE
:10EED000DFCF82EF9CE20E9489A011E0812F1F9179
:10EEE0000895AF92BF92DF92EF92FF920F931F931C
:10EEF000D82EE92E66E00E946B72F82EE894F1F8A5
:10EF0000AF2CB12C0FEF1FEF20E0A50166E08D2D97
:10EF10009E2D0E9499734F2D426050E020E066E0E4
:10EF20008D2D9E2D0E94997320E0A50166E08D2D08
:10EF30009E2D0E94997380E01F910F91FF90EF909A
:10EF4000DF90BF90AF9008951F9380916E279091AE
:10EF50006F27A0917027B0917127892B8A2B8B2B5B
:10EF600041F08FE29EE20E9489A011E0812F1F9163
:10EF7000089580912A2790912B27A0912C27B0915A
:10EF80002D2781309105A105B105B1F489E690E402
:10EF90000E947177182F882349F38DE59CE29F9397
:10EFA0008F9382E59DE29F938F930E9471A00F90B3
:10EFB0000F900F900F90DACF0297A105B10519F4C9
:10EFC0008DE690E4E5CF82EF9CE2CDCF8DE49EE22A
:10EFD0009F938F9382E59EE29F938F930E9471A0EF
:10EFE0000F900F900F900F9022E0409139206FE02A
:10EFF00087EE94E20C94506AEF92FF920F931F9366
:10F0000000E010E085E6E82E8EE2F82E802F0E94C8
:10F0100033501F928F931F930F93FF92EF920E9492
:10F0200071A00F5F1F4F0F900F900F900F900F90D8
:10F030000F900630110551F780E01F910F91FF905E
:10F04000EF9008950E94FC7780E00895CF92DF92C0
:10F05000EF92FF920F931F93CF93DF93CDB7DEB75D
:10F060002B97CDBFDEBFCE0101960E94144B8E01BF
:10F070000F5F1F4F6E018CE0C80ED11C85E9E82E92
:10F080008CE2F82EF80181918F011F928F93FF92ED
:10F09000EF920E9471A00F900F900F900F900C159F
:10F0A0001D0581F78AE090E00E9483A080E02B9606
:10F0B000CDBFDEBFDF91CF911F910F91FF90EF90F9
:10F0C000DF90CF9008951F930E9479978DE49EE280
:10F0D0009F938F9382E59EE29F938F930E9471A0EE
:10F0E00087E79EE29F938F938EE79EE29F938F9395
:10F0F0000E9471A08AE89EE29F938F938FEA9EE21E
:10F100009F938F930E9471A08DEB9EE29F938F93AC
:10F1100081ED9EE29F938F930E9471A01F9282E0E7
:10F120008F931F928CE08F938FED9EE29F938F932E
:10F130000E9471A08BEE9EE20E9489A01F928BE03C
:10F140008F9387EF9EE29F938F930E9471A080E040
:10F150009FE29F938F930E9471A00E942678182FA0
:10F1600084E19FE29F938F930E9471A00E94A970F7
:10F17000180F81E29FE29F938F930E9471A080916C
:10F1800093002DB73EB7205E3F4F2DBF3EBF1F926D
:10F190008F9381E79EE29F938F930E9471A080E3FB
:10F1A0009FE20E9489A00E94FC770F900F900F9021
:10F1B0000F90810F1F9108950E946378882341F07A
:10F1C0008BE39FE29F938F930E9471A00F900F900B
:10F1D00080E008950E94267880E00895CF93DF9321
:10F1E0000F920F92CDB7DEB7AE014F5F5F4F61E078
:10F1F00080E092E00E94CE428A818F9389818F9332
:10F2000083E49FE29F938F930E9471A0AE014F5FB2
:10F210005F4F62E080E092E00E94CE428A818F934D
:10F2200089818F9381E59FE29F938F930E9471A0C4
:10F23000CDBFDEBF80E00F900F90DF91CF9108959A
:10F24000682F8EE698E20E941B3280E090E00895DD
:10F250001F920F920FB60F9211240BB60F922F939D
:10F260003F934F935F936F937F938F939F93AF934E
:10F27000BF93EF93FF938EE698E20E947830FF9160
:10F28000EF91BF91AF919F918F917F916F915F911E
:10F290004F913F912F910F900BBE0F900FBE0F908B
:10F2A0001F9018951F920F920FB60F9211240BB654
:10F2B0000F922F933F934F935F936F937F938F930F
:10F2C0009F93AF93BF93EF93FF9320E040E050E014
:10F2D00060E070E08EE698E20E940730FF91EF91C7
:10F2E000BF91AF919F918F917F916F915F914F915E
:10F2F0003F912F910F900BBE0F900FBE0F901F905C
:10F300001895BF92CF92DF92EF92FF920F931F93C7
:10F31000CF93DF930F92CDB7DEB78C01CE0101966C
:10F320007C01BC0180E00E94276ED82ECE2CBF2C21
:10F33000882381F0F801108294E0D92E8D2D0F9052
:10F34000DF91CF911F910F91FF90EF90DF90CF90C1
:10F35000BF90089589818A3A69F781E0F801808336
:10F36000B7010E94276E8981F8018183B70182E08D
:10F370000E94276E8981F8018283B70183E00E9491
:10F38000276E8981F8018383B70185E00E94276E8B
:10F390008981F8018483158280E1F82E6C2D7B2D04
:10F3A0008F2D0E94276E898181508E3F20F481E04D
:10F3B000F8018583C3CFF394F0E6FF12EFCFBECF01
:10F3C000EF92FF920F931F93CF93DF93CDB7DEB7EA
:10F3D0002A97CDBFDEBF0E947997CE0101960E9489
:10F3E00081798A87882399F08DE69FE29F938F9396
:10F3F0000E9471A00F900F9080E02A96CDBFDEBFD3
:10F40000DF91CF911F910F91FF90EF900895EA81C6
:10F41000E1508FE59FE2E43038F4F0E0EE0FFF1F9B
:10F42000E154F74D808191819F938F9380E593E321
:10F430009F938F930E9471A0EB81E1500F900F90EA
:10F440000F900F908FE59FE2E83038F4F0E0EE0F78
:10F45000FF1FE155F74D808191819F938F9380E548
:10F4600093E39F938F930E9471A08C811F928F933F
:10F470008EE99FE29F938F930E9471A02D81CDBF53
:10F48000DEBF2F3F19F1AE01495F5F4F2B3108F40A
:10F4900051C0822F6AE10E94489D911101C09AE1FA
:10F4A000822F891B905C98876AE10E94489D805C4E
:10F4B0008F8319865F934F9386EA9FE29F938F9382
:10F4C0000E9471A00F900F900F900F9081EB9FE220
:10F4D0009F938F930E9471A00F900F908E8188232D
:10F4E00069F100E110E08DEBE82E8FE2F82EBE010D
:10F4F000665F7F4F802F0E94276E8A859FEF980F4F
:10F500009E3F70F41F928F931F930F93FF92EF9281
:10F510000E9471A00F900F900F900F900F900F907E
:10F520000F5F1F4F0036110511F78AE090E00E942F
:10F5300083A062CF205C2F831886BCCF8FEC9FE224
:10F540009F938F930E9471A00F900F90EECFCF9357
:10F55000DF93A0915B40B0915C4060915940709105
:10F560005A40EB01188291E099831C821C9292E12F
:10F5700011969C93119793E014969C93149712966E
:10F58000ED91FC911397806880831296ED91FC9128
:10F59000139711821296ED91FC911397128280912C
:10F5A000734090917440EC01E881F981AD011995A7
:10F5B000E0915B40F0915C400280F381E02D81811D
:10F5C0009281982789279827DF91CF910895CF932B
:10F5D000DF9340915B4050915C40A0915940B091C5
:10F5E0005A401C9293E011969C93119714969C9309
:10F5F00014971296ED91FC9113978F778083129652
:10F60000ED91FC91139771831296ED91FC911397F4
:10F610006283EA011C828091734090917440EC01F6
:10F62000E881F981BD01DF91CF911994CF92DF92EA
:10F63000EF92FF920F931F936BE078E081E00E94BE
:10F64000E77A84ED9FE20E9489A0C12CD12C76013B
:10F65000C39400E010E0980141E050E060E070E009
:10F660008BE30E942C97CC24CA94DC2CE12CF12C47
:10F6700000E010E0980148EE53E060E070E08CE3B9
:10F680000E942C978EE60E94A77A8C01812F869586
:10F69000877081112EC080EE9FE20E9489A085E0D4
:10F6A000169507958A95E1F70770011142C085E428
:10F6B00090E30E9489A08FE60E94A77A90E09F9332
:10F6C0008F938DE690E39F938F930E9471A080E7C4
:10F6D0000E94A77A91709F938F9385E890E39F9300
:10F6E0008F930E9471A08DB79EB708968DBF9EBF65
:10F6F00013C0813019F48EEF9FE2CFCF823019F41E
:10F7000085E190E3CACF833019F486E290E3C5CF58
:10F7100085E490E30E9489A063E078E081E00E94A4
:10F72000E77A80E01F910F91FF90EF90DF90CF90EC
:10F7300008951F920F938EE590E39F938F930E94FD
:10F7400071A00F900F900F900F90B5CFCF92DF92D6
:10F75000EF92FF920F931F936BE078E081E00E949D
:10F76000E77A8FE990E30E9489A000E010E088E248
:10F77000C82E8DE2D82E9DEAE92E90E3F92EC8011D
:10F7800083709927892B51F41F930F93DF92CF92A7
:10F790000E9471A00F900F900F900F90802F0E94E9
:10F7A000A77A9F938F93FF92EF920E9471A00F5FB1
:10F7B0001F4F0F900F900F900F9001371105F9F622
:10F7C0008AE090E00E9483A063E078E081E00E94FC
:10F7D000E77A80E01F910F91FF90EF90DF90CF903C
:10F7E00008950F931F936BE078E081E00E94E77A21
:10F7F00009E312E2F8016081F0E16F9FB00111248A
:10F8000068608BE00E94E77AF80183818F938281A0
:10F810008F9381818F9380818F9385EB90E39F936A
:10F820008F930E9471A08BE00E94A77A9F938F9381
:10F830008EEC90E39F938F930E9471A063E078E039
:10F8400081E00E94E77A8DB79EB70A968DBF9EBF72
:10F8500080E01F910F910895CF92DF92EF92FF9277
:10F860006BE078E081E00E94E77AC0904A22D09075
:10F870004B22E0904C22F0904D22B60184E20E948F
:10F88000E77AB7016770772782E20E94E77A63E040
:10F8900078E081E00E94E77A80E0FF90EF90DF90CF
:10F8A000CF9008952F923F924F925F926F927F92E6
:10F8B0008F929F92AF92BF92CF92DF92EF92FF9280
:10F8C0000F931F93CF93DF93CDB7DEB76497CDBF70
:10F8D000DEBF6BE078E081E00E94E77A80915E22F3
:10F8E0008F9380915D228F9380915C228F93809182
:10F8F0005B228F9380EE90E39F938F930E9471A081
:10F9000080916F228F9380916E228F9380916D22D0
:10F910008F9380916C228F9387E095E39F938F93D1
:10F920000E9471A0809180228F9380917F228F937B
:10F9300080917E228F9380917D228F9387E995E33A
:10F940009F938F930E9471A0809191228F938091B9
:10F9500090228F9380918F228F9380918E228F930C
:10F960008DEE90E39F938F930E9471A08091A222CD
:10F970008F938091A1228F938091A0228F93809169
:10F980009F228F9389EF90E39F938F930E9471A0A2
:10F9900084E08093060698E09093060680E18093C9
:10F9A0000506909326068093250680E2809325061F
:10F9B00080E48093250686E091E30E9489A020914F
:10F9C000F4223091F5224091F6225091F7222D83B6
:10F9D0003E834F8358878091052390910623A09101
:10F9E0000723B091082389839A83AB83BC8340901B
:10F9F0005B2250905C2260905D2270905E22A0900D
:10FA00008E22B0908F2220916C2230916D224091F5
:10FA10006E2250916F22298B3A8B4B8B5C8B80919D
:10FA20007D2290917E22A0917F22B09180228D87AD
:10FA30009E87AF87B88B4C97A109B109CDBFDEBFB8
:10FA4000843E9F4FA740B10520F181E291E39F934F
:10FA50008F930E9471A00F900F9063E078E081E097
:10FA60000E94E77A80E06496CDBFDEBFDF91CF9140
:10FA70001F910F91FF90EF90DF90CF90BF90AF90CC
:10FA80009F908F907F906F905F904F903F902F90BE
:10FA9000089589899A89AB89BC890197A109B1091F
:10FAA0008F3F9105A105B10518F089E291E3CFCF11
:10FAB00081E391E341E0A41643E0B40640F689E314
:10FAC00091E359E345165AE455066104710408F0C0
:10FAD000BECF69817A818B819C810E94299C962E60
:10FAE000872E382E292E20E030E040E05EE3698743
:10FAF0007A878B879C8769857A858B859C850E9410
:10FB0000919B87FD09C089819A81AB81BC81813934
:10FB10009140A105B10518F084E491E398CF3D81AF
:10FB20008EE491E3303408F092CF49E944164AE379
:10FB300054066104710440F088E591E39F938F932C
:10FB40000E9471A00F900F9080E00E94A77A9C0104
:10FB5000892B21F023703327232B29F068E176E6E7
:10FB600080E00E94E77AC12CD12C7601C39409E091
:10FB700010E020E030E041E050E060E070E080E044
:10FB80000E942C970EE010E020E030E040E050E0D2
:10FB9000BA0187E00E942C970EE010E020E030E0F0
:10FBA00041E050E060E070E080E00E942C9759E96D
:10FBB00045165AE3550661047104C8F000E010E0F0
:10FBC000980141E050E060E070E08BE10E942C97EA
:10FBD000F3E0CF2ED12CE12CF12C0BE010E020E053
:10FBE00030E042E050E060E070E08DE22DC08CE457
:10FBF00048168DE158066104710408F4A1C0C12CB7
:10FC0000D12C7601C39400E010E0980140E050E070
:10FC1000BA018BE10E942C97E3E0CE2ED12CE12C8F
:10FC2000F12C0BE010E020E030E041E050E060E03B
:10FC300070E08DE20E942C9700E010E0980141E016
:10FC400050E060E070E08EE20E942C978BE1C82EBD
:10FC5000D12CE12CF12C03E010E020E030E040E07A
:10FC600050E0BA018CE20E942C972D813E814F8199
:10FC700058853327442755272D833E834F83588744
:10FC80009FE3C92ED12CE12CF12C08E010E020E0FC
:10FC900030E04D815E816F8178858CE20E942C97E7
:10FCA00000E010E098014D815E816F8178858DE2E2
:10FCB0000E942C9727E0C22ED12CE12CF12C00E0E1
:10FCC00010E0980140E050E0BA018CE20E942C97CD
:10FCD0003FE3C32ED12CE12CF12C08E010E020E012
:10FCE00030E041E050E060E070E085E20E942C9757
:10FCF00031E0A316B10409F49AC140E4A416B1049A
:10FD000009F48FC108F05FC18CE0A816B10409F4B2
:10FD10008AC108F05AC0A6E0AA16B10409F485C148
:10FD200008F04CC022E0A216B10409F480C141E001
:10FD300034E0A316B10409F45AC081E991E387CEF7
:10FD40009AE0491651046104710498F1C12CD12C38
:10FD50007601C39400E010E0980140E050E0BA0161
:10FD60008BE10E942C9763E0C62ED12CE12CF12C64
:10FD70000BE010E020E030E040E050E0BA018DE21E
:10FD80000E942C9700E010E0980140E050E0BA019A
:10FD90008EE20E942C9743E0C42ED12CE12CF12C52
:10FDA0000BE010E020E030E043E050E060E070E085
:10FDB0001CCF8FE791E30E9489A0EDCF48E0A41605
:10FDC000B10409F0BACF43E012C050E2A516B10465
:10FDD00009F42FC108F0F0C090E1A916B10409F4AC
:10FDE0002AC146E0A8E1AA16B10409F0A6CF50E066
:10FDF00060E070E01FE1C12ED12CE12CF12C06E077
:10FE000010E020E030E08BE40E942C97C12CD12C34
:10FE10007601C3940EE010E020E030E04DE444169B
:10FE20004DE154066104710408F00FC141E050E057
:10FE300060E070E08FE10E942C97C12CD12C7601FC
:10FE4000CA9404E010E020E030E049895A896B89C7
:10FE50007C898BE00E942C9789819A81AB81BC813F
:10FE600085369105A105B10508F0F3C0A3E0CA2EBF
:10FE7000D12CE12CF12C07E010E020E030E040E054
:10FE800050E0BA0180E00E942C9729813A814B8191
:10FE90005C812A3031054105510508F414C173E035
:10FEA000C72ED12CE12CF12C05E010E020E030E051
:10FEB00040E050E0BA0180E00E942C9739E94316F7
:10FEC0003AE3530661047104F0F0C12CD12C7601A1
:10FED000C39400E010E0980141E050E060E070E081
:10FEE0008BE10E942C9733E0C32ED12CE12CF12C16
:10FEF0000BE010E020E030E042E050E060E070E035
:10FF00008DE20E942C976D857E8584E20E94E77ABF
:10FF10002D853E854F855889BA018827992782E229
:10FF20000E94E77A60E070E08BE20E94E77A60E08E
:10FF300070E08AE20E94E77AC12CD12C7601C3944A
:10FF400003E010E020E030E041E050E060E070E0ED
:10FF500080E00E942C9703E010E020E030E040E0D9
:10FF600050E0BA0180E00E942C9703E010E020E00E
:10FF700030E041E050E060E070E080E00E942C97CB
:10FF80000EE010E020E030E040E050E0BA0180E018
:10FF90000E942C970EE010E020E030E041E050E0BD
:10FFA00060E070E080E00E942C9760E177E280E002
:10FFB00090E00E94DF6B51CD48E0B0E3AB16B10496
:10FFC00009F415CFBACEA11421E0B206B1F1B8F40C
:10FFD00040E8A416B10499F158F488E4A816B104D5
:10FFE00081F14BE090E6A916B10409F400CFA5CE4B
:10FFF0004DE0A0ECAA16B10409F4F9CE9ECEA114EE
:020000021000EC
:10000000B2E0BB0601F141E1A11423E0B20609F41C
:10001000EECE4FE030E8A31631E0B30609F4E7CEA8
:100020008CCE49E0E4CE44E0E2CE42E0E0CE40E0D7
:10003000DECE47E0DCCE45E0DACE4EE0D8CE4CE076
:10004000D6CE4AE0D4CE40E1D2CE40E050E0BA0174
:10005000F1CE89819A81AB81BC8185569109A10934
:10006000B109F3E0CF2ED12CE12CF12C07E010E008
:1000700020E030E041E050E060E070E0C297A10590
:10008000B105E8F089819A81AB81BC8187599109DA
:10009000A109B109E3E0CE2ED12CE12CF12C07E02F
:1000A00010E020E030E042E050E060E070E0C29715
:1000B000A105B10520F043E050E060E070E080E091
:1000C0000E942C97ECCE89819A81AB81BC810597E7
:1000D000A109B10963E0C62ED12CE12CF12C05E079
:1000E00010E020E030E041E050E060E070E0059793
:1000F000A105B10508F4DFCE20E030E040E250E495
:1001000099828A823B822C8269817A818B819C814F
:100110000E94DB9C53E0C52ED12CE12CF12C05E094
:1001200010E020E030E042E050E060E070E087FF67
:10013000C2CE20E030E040E250E499828A823B82E5
:100140002C8269817A818B819C810E94919B87FF9F
:10015000B5CE43E0C42ED12CE12CF12C05E010E00B
:1001600020E030E043E050E060E070E0A4CE0F9388
:100170001F936BE078E081E00E94E77AE0EBF2E227
:1001800010810181812F0E94A77A9F938F930F93F3
:100190001F938AEA91E39F938F930E9471A063E07B
:1001A00078E081E00E94E77A0F900F900F900F9017
:1001B0000F900F9080E01F910F910895CF92DF92E2
:1001C000EF92FF920F931F936BE078E081E00E9423
:1001D000E77A1091C1221F921F9384EC91E39F93C1
:1001E0008F930E9471A00F900F900F900F9012307C
:1001F00009F494C040F51111C0C0C12CD12C760176
:10020000C39400E010E0980141E050E060E070E04D
:100210008BE10E942C9706E010E020E030E040E007
:1002200050E0BA018CE20E942C9723E0C22ED12C20
:10023000E12CF12C0BE010E020E030E042E050E057
:1002400060E070E08EC0133009F445C0143009F04E
:10025000B9C0C12CD12C7601C39400E010E0980104
:1002600040E050E0BA018BE10E942C9707E010E0DB
:1002700020E030E040E050E0BA018CE20E942C9790
:10028000B3E0CB2ED12CE12CF12C00E010E0980152
:1002900041E050E060E070E08EE20E942C97C12CBB
:1002A000D12C7601C39406E010E020E030E041E07C
:1002B00050E060E070E08CE20E942C9763E078E010
:1002C00081E00E94E77A80E01F910F91FF90EF900C
:1002D000DF90CF900895C12CD12C7601C39400E01B
:1002E00010E0980140E050E0BA018BE10E942C97A9
:1002F00007E010E020E030E040E050E0BA018CE29E
:100300000E942C97F3E0CF2ED12CE12CF12C00E0B1
:1003100010E0980140E050E0BA01BECFC12CD12CD2
:100320007601C39400E010E0980140E050E0BA018B
:100330008BE10E942C9706E010E020E030E040E0E6
:1003400050E0BA018CE20E942C9763E0C62ED12CBB
:10035000E12CF12C0BE010E020E030E040E050E038
:10036000BA018DE20E942C97C12CD12C7601C39446
:1003700007E010E020E030E09ACFC12CD12C7601CC
:10038000C39400E010E0980140E050E0BA018BE136
:100390000E942C9706E010E020E030E040E050E0C2
:1003A000BA018CE20E942C9743E0C42ED12CE12CA0
:1003B000F12C0BE010E020E030E041E050E060E0A4
:1003C00070E0CFCF80ED91E30E9489A077CFEF92CC
:1003D000FF920F931F9302ED12E2F80183818F9336
:1003E00082818F9381818F9380818F9388E092E3C4
:1003F0009F938F930E9471A083EEE82E82E2F82EE5
:10040000F70183818F9382818F9381818F93808184
:100410008F938AEE98E39F938F930E9471A0F701C8
:1004200060817181F80180810E94E77A8DB79EB763
:100430000C968DBF9EBF80E01F910F91FF90EF90B3
:100440000895AF92BF92CF92DF92EF92FF920F93F7
:100450001F936BE078E081E00E94E77A84EFA82E9A
:1004600082E2B82EF50183818F9382818F938181FF
:100470008F9380818F9383E192E39F938F930E9468
:1004800071A0F50140815181628173819FE3C92E82
:10049000D12CE12CF12C08E010E020E030E08CE2DF
:1004A0000E942C97F50183818F9382818F938181A4
:1004B0008F9380818F9385E292E39F938F930E9425
:1004C00071A0F501408151816281738100E010E0EB
:1004D00098018DE20E942C9763E078E081E00E9411
:1004E000E77A8DB79EB70C968DBF9EBF80E01F91B7
:1004F0000F91FF90EF90DF90CF90BF90AF90089555
:10050000CF92DF92EF92FF920F931F936BE078E010
:1005100081E00E94E77AC0905A23D0905B23E0905C
:100520005C23F0905D23DD24EE24FF2400916B23F7
:1005300010916C2320916D2330916E231127222777
:1005400033274091162350911723609118237091FF
:100550001923662777278091D2220E942C9763E087
:1005600078E081E00E94E77A80E01F910F91FF9090
:10057000EF90DF90CF900895EF92FF921F936AE182
:1005800076E680E00E94E77A65E07DE080E090E03A
:100590000E94DF6B68E176E680E00E94E77A65E022
:1005A0007DE080E090E00E94DF6B83EAE82E89E244
:1005B000F82E1EE61150F701729162917F01812F92
:1005C0000E94E77A1111F6CF65E372E880E090E0CF
:1005D0000E94DF6B68E176E680E00E94E77A65E0E2
:1005E0007DE080E090E00E94DF6B63E078E081E0F6
:1005F0000E94E77A80E01F91FF90EF900895CF92DC
:10060000DF92EF92FF920F931F936BE078E081E00F
:100610000E94E77A8091382381111EC0C12CD12C11
:100620007601C39401E010E020E030E040E050E0CB
:10063000BA010E942C9787E392E30E9489A063E0AD
:1006400078E081E00E94E77A80E01F910F91FF90AF
:10065000EF90DF90CF900895813091F4C12CD12C90
:100660007601C39401E010E020E030E041E050E08A
:1006700060E070E080E00E942C9782E492E3DDCF9E
:100680008EE492E3DACFCF92DF92EF92FF920F9354
:100690001F936BE078E081E00E94E77A8091492324
:1006A00081111DC0C12CD12C7601C39400E010E053
:1006B000980140E050E0BA010E942C9785E792E350
:1006C0000E9489A063E078E081E00E94E77A80E000
:1006D0001F910F91FF90EF90DF90CF9008958130A0
:1006E00089F4C12CD12C7601C39400E010E098016C
:1006F00041E050E060E070E080E00E942C9782E8EA
:1007000092E3DECF80E992E3DBCFCF92DF92EF92EC
:10071000FF920F931F936BE078E081E00E94E77AED
:1007200080918D2381111EC0C12CD12C7601C394E0
:100730000EE010E020E030E040E050E0BA010E941E
:100740002C978CEB92E30E9489A063E078E081E033
:100750000E94E77A80E01F910F91FF90EF90DF9069
:10076000CF900895813091F4C12CD12C7601C3949F
:100770000EE010E020E030E041E050E060E070E0AA
:1007800080E00E942C978BEC92E3DDCF89ED92E321
:10079000DACFDF92EF92FF920F931F93CF93DF9305
:1007A0007C014091674050916840A0916540B091B4
:1007B00066401C9213E011961C93119714961C939B
:1007C00014971296ED91FC911397DD24D394D08267
:1007D0001296ED91FC9113970FE501831296ED911E
:1007E000FC9113978BE38283EA011C8280911E4067
:1007F00090911F40EC01E881F981BD01199580912C
:100800001E4090911F404091674050916840609118
:10081000654070916640DC01ED91FC911995811164
:1008200067C0A0916740B091684060916540709149
:100830006640EB01188219831C82C7019F711C92CC
:1008400022E111962C93119714961C9314971296EB
:10085000ED91FC911397906890831296ED91FC9125
:10086000139781831296ED91FC91139712828091D8
:100870001E4090911F40EC01E881F981AD0119956E
:100880004091674050916840DA011296ED91FC91D9
:10089000F280A0916540B09166401C9211961C9325
:1008A000119714961C9314971296ED91FC9113973F
:1008B000D0821296ED91FC91139701831296ED91DF
:1008C000FC9113978AE38283EA011C8280911E4087
:1008D00090911F40EC01E881F981BD0119958F2DA0
:1008E000DF91CF911F910F91FF90EF90DF900895CE
:1008F00082E0F82EF4CF81E08093862489E690E4AC
:100900000E9444998DE690E40E94449983E090E02F
:100910000E94C983E0EAF6E084E0858388E085836D
:1009200082E0868390E49683809306060E94C54900
:1009300080E008950E947B84882341F08BE39FE24E
:100940009F938F930E9471A00F900F9080E0089565
:100950001F9387E093E30E9489A00E947B84182F55
:10096000882341F08EE293E39F938F930E9471A0BE
:100970000F900F90812F1F9108951F9380918026D3
:1009800090918126A0918226B09183260197A1059E
:10099000B10509F053C080919126EFEFE80FEE30DA
:1009A00010F480FD20C080E39AE29F938F9384E44B
:1009B0009AE29F938F9389E493E39F938F930E948E
:1009C00071A08DE59CE29F938F9383E593E39F93C2
:1009D0008F930E9471A08DB79EB70A968DBF9EBF60
:1009E00083E01F91089580E090E0DC01ED3039F064
:1009F000F0E0EE0FFF1FE354F64D808191810E94DD
:100A0000C983182F187F1F921F9386E693E39F9345
:100A10008F930E9471A089E1189F102D11241F92BD
:100A20001F9384E793E39F938F930E9471A08DB7E8
:100A30009EB708968DBF9EBF80E0D3CF88E893E332
:100A40000E9489A081E0CDCF1F9380918026909154
:100A50008126A0918226B09183260197A105B10538
:100A600009F043C0E09191268FEF8E0F8E3020F475
:100A70001E2F11701123E1F080E39AE29F938F9370
:100A800084E49AE29F938F938BEA93E39F938F93EF
:100A90000E9471A086EB93E30E9489A00F900F90B3
:100AA0000F900F900F900F9013E0812F1F910895DA
:100AB000E25080E090E0DC01ED3038F4F0E0EE0F41
:100AC000FF1FED55F64D808191810E94C9838F7083
:100AD0001F928F938AED93E39F938F930E9471A04F
:100AE0000F900F900F900F90E0CF88E893E30E9453
:100AF00089A011E0DACF0F931F93E9EDF6E2068D9E
:100B0000178D1F930F938EEE93E39F938F930E9405
:100B100071A0C8010E94C9831F928F9384E094E35F
:100B20009F938F930E9471A08DB79EB708968DBF3B
:100B30009EBF80E01F910F9108950F931F938AE14C
:100B400094E30E9489A00E94799786E394E39F939F
:100B50008F930E9471A00E9412718CEA9CE20E9405
:100B600089A081E00E94139782E00E94139789E494
:100B700094E30E9489A081E00E94239882E00E9471
:100B800023988091880681701F928F9387E694E363
:100B90009F938F930E9471A061E089E690E40E9488
:100BA0008F98109118400091194061E089E690E417
:100BB0000E948F980F931F93809119408F9380917B
:100BC00018408F9385E894E39F938F930E9471A0C0
:100BD00061E08DE690E40E948F981091184000919A
:100BE000194061E08DE690E40E948F980F931F9367
:100BF000809119408F93809118408F938AEA94E3F3
:100C00009F938F930E9471A083E090E00E94C9831C
:100C10001F928F938FEC94E39F938F930E9471A008
:100C20008DB79EB746968DBF9EBF80E01F910F91F6
:100C30000895EF92FF920F931F9380914A2080FFB7
:100C400039C08EEE94E30E9489A000E010E0C80154
:100C500001967C0104978D3F910510F48701F7CF31
:100C6000C80183709927892B61F41F930F9388E241
:100C70009DE29F938F930E9471A00F900F900F9011
:100C80000F90C8010E94C9831F928F938DEA90E351
:100C90009F938F930E9471A087010F900F900F90E8
:100CA0000F9099E8E91691E0F90689F687EE9FE33F
:100CB0000E9489A080E01F910F91FF90EF9008950E
:100CC0001F938DE391E00E94C983182F8CE391E07C
:100CD0000E94C9838F7190E0982F8827092E000CFD
:100CE000AA0BBB0B812BBF93AF939F938F9382E093
:100CF00095E39F938F930E9471A00F900F900F9098
:100D00000F900F900F9080E01F9108951F93EFEFC9
:100D1000E80FEE3010F480FD17C080E39AE29F9355
:100D20008F9384E49AE29F938F9389E493E39F9354
:100D30008F930E9471A00F900F900F900F900F90C3
:100D40000F9083E01F91089580E090E0DC01ED308A
:100D500039F0F0E0EE0FFF1FEB56F74D80819181E7
:100D60000E94C983182F82958F701F928F9383E101
:100D700095E39F938F930E9471A01F701F921F9302
:100D80008DE295E39F938F930E9471A08DB79EB7DC
:100D900008968DBF9EBF80E0D5CF83E090E00E9493
:100DA000C98321E045E061E083E491E00E94E3969D
:100DB00021E045E060E083E491E00E94E39680E07A
:100DC00008950E94CD8686E495E30E9489A080E084
:100DD00008951F930E94CD86182F65E377EB8CE072
:100DE00090E00E94DF6B83E090E00E94C9836AE19B
:100DF00071E480E090E00E94DF6B812F1F910895E5
:100E0000813071F482E891E00E94C98386958570F3
:100E1000823028F088E595E30E9489A080E008955B
:100E200083E891E0F1CFFF920F931F93CF93DF936D
:100E30008C01F62E83E090E00E94C98340916740C8
:100E400050916840A0916540B09166401C9283E04B
:100E500011968C93119714968C9314971F71129678
:100E6000ED91FC91139710831296ED91FC911397DD
:100E700001831296ED91FC911397F282EA011C8294
:100E800080911E4090911F40EC01E881F981BD01E5
:100E9000199580E0DF91CF911F910F91FF900895F8
:100EA0008F929F92AF92BF92CF92DF92EF92FF927A
:100EB0000F931F93CF93DF93CDB7DEB72897CDBFA6
:100EC000DEBF80914E2590914F25A0915025B09185
:100ED00051254091A3255091A4256091A52570919D
:100EE000A625452B462B472B09F062C00197A1058B
:100EF000B10509F048C088E691E00E94C983082F37
:100F000087E691E00E94C983182F86E691E00E944F
:100F1000C983482F4370812F90E0982F8827A0E045
:100F2000B0E0A42B802BBF93AF939F938F9382E964
:100F300095E39F938F930E9471A085E691E00E94B4
:100F4000C983082F84E691E00E94C983182F83E6A5
:100F500091E00E94C983482F4370812F90E0982F21
:100F60008827A0E0B0E0A42B802BBF93AF939F9382
:100F70008F9383EA95E39F938F930E9471A0CDBFD7
:100F8000DEBF80E005C088E893E30E9489A081E08D
:100F90002896CDBFDEBFDF91CF911F910F91FF90BB
:100FA000EF90DF90CF90BF90AF909F908F9008957B
:100FB0000197A105B10539F788E191E00E94C98345
:100FC0008F71B82E811102C040E2B42EC090A325CB
:100FD000D090A425E090A525F090A625D701C601C4
:100FE0000197A109B1098F3F9F4FA340B105F0F0D0
:100FF00084E79AE29F938F9388EB95E39F938F9377
:101000000E9471A00F900F900F900F908DE59CE2C1
:101010009F938F9380E196E39F938F930E9471A09B
:101020000F900F900F900F9083E0B2CF1F92BF925E
:1010300081ED95E39F938F930E9471A082E691E0EA
:101040000E94C983182F082F0295069507701695E0
:101050001695AB2DB0E0A70196010E94989D69837B
:101060007A838B839C83802E912CA12CB12C0F90A2
:101070000F900F900F90A50194010E94549D6D83D5
:101080007E838F839887672B682B692B21F51F92AE
:101090000F938AED95E39F938F930E9471A0612F28
:1010A000660F660F6C710F900F900F900F90A0E27B
:1010B0000A9FC0011124682B31C0083039F48CE636
:1010C0009AE29F938F9383EE95E398CF8FEF881AE0
:1010D000980AA80AB80A082D69817A818B819C81B7
:1010E000A50194010E94549D6D837E838F83988710
:1010F000672B682B692B09F71F928F928AED95E376
:101100009F938F930E9471A0612F660F660F6C7181
:101110000F900F900F900F90083049F682E691E003
:101120000E941387202F30E040E050E069817A81EF
:101130008B819C810E94549D49015A01BF92AF92BC
:101140009F922F9383E096E39F938F930E9471A0C9
:10115000B5018827992783E691E00E941387992794
:101160008B2D7A2D692D84E691E00E941387682DDE
:1011700085E691E00E941387B7018827992786E6C4
:1011800091E00E94138799278F2D7E2D6D2D87E684
:1011900091E00E9413876C2D88E691E00E941387EE
:1011A0000F900F900F900F900F900F90EACE2F920C
:1011B0003F924F925F926F927F928F929F92AF92E7
:1011C000BF92CF92DF92EF92FF920F931F93C09046
:1011D000B425D090B525E090B625F090B725809144
:1011E0004E2590914F25A0915025B0915125C114C5
:1011F000D104E104F10409F062C00197A105B10531
:1012000009F057C080915F258F3010F480FD24C015
:1012100080E39AE29F938F9384E49AE29F938F9363
:1012200089E493E39F938F930E9471A00F900F9096
:101230000F900F900F900F908DE59CE29F938F93EE
:101240008BE296E39F938F930E9471A00F900F9073
:101250000F900F9083E01CC0EFEFE80F8E3039F055
:10126000F0E0EE0FFF1FEA5EF54DC080D180C601B1
:101270000E94C9838F711F928F9383E496E39F939B
:101280008F930E9471A00F900F900F900F9080E0AD
:101290001F910F91FF90EF90DF90CF90BF90AF9094
:1012A0009F908F907F906F905F904F903F902F9086
:1012B000089588E893E30E9489A081E0E9CF01972F
:1012C000A105B105B1F790915F259F3008F0A0CF3F
:1012D00090FF9ECF8FEF890F412C512C3201812C32
:1012E000912C54019E3069F090E0880F991FFC0109
:1012F000EA5EF54D808091808354964DFC014080DC
:101300005180F1E2CF16D104E104F10478F084E7D2
:101310009AE29F938F938DE196E39F938F930E9420
:1013200071A00F900F900F900F9086CF8401120143
:1013300081E0C816D104E104F10401F5C4010E9462
:10134000C9838074883298F0C4010E94C983682FD1
:101350006C7F6160C2010E941387C8010E94C9832B
:10136000807E682F6C29C8010E94138790CFC4012A
:101370000E94C983682F6C7F6260ECCFE0E2CE16DA
:10138000D104E104F10419F4C12CD12C7601C1017E
:101390000E94C983682F6C7FC101DDCFCF92DF929D
:1013A000EF92FF921F93C090C525D090C625E09084
:1013B000C725F090C82580914E2590914F25A0918A
:1013C0005025B0915125C114D104E104F10439F53F
:1013D0000197A105B105E9F48BE391E00E94C9836F
:1013E000182F8AE391E00E94C9838F708F931F9317
:1013F0008CE396E39F938F930E9471A00F900F90C0
:101400000F900F9080E01F91FF90EF90DF90CF90B2
:10141000089588E893E30E9489A081E0F4CF0197C2
:10142000A105B105B1F7D701C6010897A109B10916
:10143000883F9F41A105B105D8F084E79AE29F93C8
:101440008F9380E596E39F938F930E9471A08DE523
:101450009CE29F938F9380E696E39F938F930E94E5
:1014600071A08DB79EB708968DBF9EBF83E0CBCF8E
:1014700099278F2D7E2D6D2D8AE391E00E94138791
:101480006C2D8BE391E00E941387BCCF2F923F928B
:101490004F925F926F927F928F929F92AF92BF9284
:1014A000CF92DF92EF92FF920F931F93F090E72578
:1014B0009090092600911A2680905E268091F8254A
:1014C0009091F925A091FA25B091FB250097A105EF
:1014D000B105C9F58091D6259091D725A091D82541
:1014E000B091D9250197A105B105B1F48F2D0E94C6
:1014F0008686182F882309F4B8C08DE59CE29F9357
:101500008F9383E593E39F938F930E9471A00F9035
:101510000F900F900F9005C088E893E30E9489A078
:1015200011E0812F1F910F91FF90EF90DF90CF90EE
:10153000BF90AF909F908F907F906F905F904F90F3
:101540003F902F9008950197A105B10509F03AC188
:101550008091D6259091D725A091D825B091D925F5
:101560000197A105B105C1F6192D602E88E796E314
:101570000E9489A08EEA96E30E9489A01F92FF92A2
:1015800085E097E39F938F930E9471A01F929F9293
:101590008DE097E39F938F930E9471A01F920F930A
:1015A00086E197E39F938F930E9471A08FEF8F0D39
:1015B0002DB73EB7245F3F4F2DBF3EBF8E3010F496
:1015C000F0FC16C080E39AE29F938F9384E49AE242
:1015D0009F938F9389E493E39F938F930E9471A0CD
:1015E0000F900F900F900F900F900F9013E085CFFA
:1015F000712CC12CD12C7601212C312C21018D3064
:1016000091F090E09C01220F331FF901EB56F74D4A
:10161000208031802450364DF901C080D180815125
:10162000964DFC017080F0E1F91510F0013178F071
:1016300084E79AE29F938F938EE197E39F938F9332
:101640000E9471A00F900F900F900F90CFCF560176
:1016500021E092120CC0013051F4C6010E94C983EE
:10166000682F6068C6010E94138710E05ACF83E498
:1016700091E00E94C983682F6C7D616083E491E0F2
:101680000E94138789E391E00E94C983682F6C7FD1
:1016900089E391E00E94138780E491E00E94C9836E
:1016A000682F697F80E491E00E941387C5010E9442
:1016B000C983682F6F77C5010E94138783E491E087
:1016C0000E94C983682F606183E491E00E941387C0
:1016D00080E491E00E94C983682F6E7F80E491E0EE
:1016E0000E9413878EE391E00E94C983682F637084
:1016F00061608EE391E00E94138783E491E00E9491
:10170000C983682F606883E491E00E94138730E109
:10171000931201C010E0003109F4612C612F629531
:10172000607F6629C1010E94138781E491E00E94D5
:10173000C98301E010E001C0000F7A94EAF7682F36
:10174000602B81E491E00E94138784E491E00E9481
:10175000C9830095602F682384E491E00E94138779
:1017600083E491E00E94C983182F682F606283E4AC
:1017700091E00E941387612F6F7D83E491E00E94C6
:10178000138783E491E00E94C983182F1C7F682F80
:10179000636083E491E00E941387612F626083E4B9
:1017A00091E00E94138789E391E00E94C983682F2A
:1017B0006C7F626089E391E00E941387682D82E468
:1017C00091E051CF8AE297E30E9489A011E095CE83
:1017D0003F924F925F926F927F928F929F92AF92C1
:1017E000BF92CF92DF92EF92FF920F931F93CF930E
:1017F000DF930F920F92CDB7DEB7F090E725D09030
:10180000092600911A2680916F2690917026A0914A
:101810007126B09172260097A105B105E1F580917E
:10182000D6259091D725A091D825B091D92501979B
:10183000A105B105B1F48F2D0E948686182F88234B
:1018400009F4BFC08DE59CE29F938F9383E593E3FA
:101850009F938F930E9471A00F900F900F900F9005
:1018600005C088E893E30E9489A011E0812F0F90C2
:101870000F90DF91CF911F910F91FF90EF90DF902C
:10188000CF90BF90AF909F908F907F906F905F9020
:101890004F903F9008950197A105B10509F01DC132
:1018A0008091D6259091D725A091D825B091D925A2
:1018B0000197A105B105A9F61D2D302E81E697E30C
:1018C0000E9489A085E997E30E9489A01F92FF9258
:1018D00085E097E39F938F930E9471A01F92DF9200
:1018E0008DE097E39F938F930E9471A01F920F93B7
:1018F00086E197E39F938F930E9471A08FEF8F0DE6
:10190000CDBFDEBF8E3010F4F0FC16C080E39AE24B
:101910009F938F9384E49AE29F938F9389E493E358
:101920009F938F930E9471A00F900F900F900F9034
:101930000F900F9013E086CF8D3051F190E0FC01B5
:10194000EE0FFF1FDF01AB56B74D4D905C90DF01EE
:10195000A450B64D8D909C908151964DDC01CC9059
:10196000E354F64DE080F180B0E1BD1510F0013197
:10197000C8F084E79AE29F938F938EE197E39F9359
:101980008F930E9471A00F900F900F900F90D2CF65
:10199000E12CF12CC12C812C912C5401412C512C87
:1019A0003201E2CF89829A8221E0D2120CC001304A
:1019B00051F4C4010E94C983682F6068C4010E9469
:1019C000138710E053CF83E491E00E94C983682F0E
:1019D0006F7D83E491E00E94138789E391E00E9488
:1019E000C983682F6C7F89E391E00E94138783E4A9
:1019F00091E00E94C983682F606183E491E00E94B6
:101A00001387C7010E94C983682F6C7FC7010E949A
:101A1000138781E491E00E94C98321E030E07901DD
:101A200001C0EE0CCA94EAF7682F6E2981E491E0B8
:101A30000E94138730E1D31201C010E0003109F495
:101A4000312C612F6295607F6329C2010E94138748
:101A500089819A810E94C983682F6F7789819A81D1
:101A60000E94138784E491E00E94C9836E2D6095E3
:101A7000682384E491E00E94138783E491E00E944C
:101A8000C983182F682F606283E491E00E94138756
:101A9000612F6F7D83E491E00E94138784E491E0DD
:101AA0000E94C983682F6E2984E491E00E94138705
:101AB00083E491E00E94C983682F6F7D626083E4B4
:101AC00091E00E94138789E391E00E94C983682F07
:101AD0006C7F626089E391E072CF8AE297E30E94B3
:101AE00089A011E0AFCEEF92FF920F931F938091E8
:101AF000D6259091D725A091D825B091D9250197C9
:101B0000A105B10509F06BC00091E72510914D26A4
:101B10008AEE97E30E9489A088E198E30E9489A059
:101B20008FEF800F8E3020F180E39AE29F938F93A6
:101B300084E49AE29F938F938BEA93E39F938F932E
:101B40000E9471A00F900F900F900F900F900F9028
:101B50008DE59CE29F938F938CE898E39F938F93FE
:101B60000E9471A00F900F900F900F9083E02CC0F7
:101B7000EDEFE00F84E091E0A0E0B0E0EC3038F46D
:101B8000F0E0EE0FFF1FE952F64D80819181123097
:101B900078F084E79AE29F938F9387E698E39F9388
:101BA0008F930E9471A00F900F900F900F90D0CF45
:101BB0007C010E94C98300FD0CC08E7F612F682BC1
:101BC000C7010E94138780E01F910F91FF90EF9053
:101BD00008958F7B90E4199FB0011124F0CF88E81D
:101BE00093E30E9489A081E0EFCF8F929F92AF9202
:101BF000BF92DF92EF92FF920F931F931091912665
:101C00000091A2268091802690918126A091822623
:101C1000B09183260197A105B10509F095C0D02E9A
:101C20001F921F9386EA98E39F938F930E9471A05F
:101C3000412F4170B42E1F924F9383EB98E39F93F3
:101C40008F930E9471A0E02EF12C1F920F938DEBC9
:101C500098E39F938F930E9471A011508DB79EB708
:101C60000C968DBF9EBF1E3010F4B11024C080E3CF
:101C70009AE29F938F9384E49AE29F938F9389E4EF
:101C800093E39F938F930E9471A00F900F900F90FA
:101C90000F900F900F908DE59CE29F938F9382EDB4
:101CA00098E39F938F930E9471A00F900F900F90D5
:101CB0000F9083E03FC080E090E0DC01812C912C0C
:101CC00054011D3071F0212F30E0220F331FF90134
:101CD000E354F64D808091802450364DF901808187
:101CE0009181083178F084E79AE29F938F9388EC92
:101CF00098E39F938F930E9471A00F900F900F9085
:101D00000F90C9CF23E044E063E0002361F0970126
:101D100043E0220F331F4A95E1F7F22FF760DF2EE1
:101D200023E044E060E00E94E3966D2DC4010E9430
:101D3000138780E01F910F91FF90EF90DF90BF908D
:101D4000AF909F908F90089588E893E30E9489A0B8
:101D500081E0F0CFCF92DF92EF92FF920F931F932B
:101D60008091802690918126A0918226B091832631
:101D70000197A105B10509F07AC0809191264091A3
:101D8000C4265091C5266091C6267091C726EFEFF4
:101D9000E80FEE3010F480FD24C080E39AE29F93B8
:101DA0008F9384E49AE29F938F9389E493E39F93C4
:101DB0008F930E9471A00F900F900F900F900F9033
:101DC0000F908DE59CE29F938F9382ED98E39F9314
:101DD0008F930E9471A00F900F900F900F9083E04F
:101DE0003FC080E090E0ED3039F0F0E0EE0FFF1FF3
:101DF000ED55F64D808191818A019B0111272227A3
:101E000033276A017B01E0EFCE22DD24EE24FF249C
:101E1000CD28CE28CF28D1F03F932F931F930F9337
:101E200084EE98E39F938F930E9471A084E79AE2D7
:101E30009F938F9386EF98E39F938F930E9471A057
:101E40008DB79EB70A968DBF9EBFBBCF642F6061D2
:101E5000012B022B032B09F460E00E94138780E022
:101E60001F910F91FF90EF90DF90CF90089588E839
:101E700093E30E9489A081E0F3CFEF92FF920F934A
:101E80001F93E9EDF6E2068D178DF7A4E0A81F93E6
:101E90000F9380E099E39F938F930E9471A0EF923C
:101EA000FF9287E199E39F938F930E9471A06F2D1A
:101EB000C8010E9413878DB79EB708968DBF9EBF3D
:101EC00080E01F910F91FF90EF9008950F931F9363
:101ED0000091862421E020938624892BA1F063E0E1
:101EE00089E391E00E941387182F8EE299E39F9374
:101EF0008F930E9471A00F900F9000938624812FE2
:101F00001F910F91089562E089E391E00E94138789
:101F1000182F8CE499E3EBCF80911524909116242F
:101F20000C94668FCF92DF92EF92FF926B017C014F
:101F300086E699E30E9489A086E999E30E9489A038
:101F4000D701C6010897A109B109883F9F41A105A2
:101F5000B105A0F084E79AE29F938F9387EE99E30F
:101F60009F938F930E9471A00F900F900F900F90EE
:101F700083E0FF90EF90DF90CF90089599278F2D09
:101F80007E2D6D2D8CE391E00E9413876C2D8DE3E7
:101F900091E00E94138780E0ECCF1F93CF93DF93F3
:101FA00000D00F92CDB7DEB780913C2690913D26B0
:101FB000A0913E26B0913F2689839A83AB83BC8350
:101FC000892B8A2B8B2BD9F40E946086182F8823AB
:101FD00071F08DE59CE29F938F938CE898E39F933B
:101FE0008F930E9471A00F900F900F900F90812FF0
:101FF0002496CDBFDEBFDF91CF911F9108956981F7
:102000007A818B819C810E94928FE0CF1F93CF9326
:10201000DF9300D00F92CDB7DEB720913C263091F0
:102020003D2640913E2650913F2629833A834B839B
:102030005C838091D6259091D725A091D825B09129
:10204000D925232B242B252B29F50197A105B10593
:10205000A1F40E946086182F8823A1F08DE59CE2F0
:102060009F938F938CE898E39F938F930E9471A026
:102070000F900F900F900F9005C088E893E30E9497
:1020800089A011E0812F2496CDBFDEBFDF91CF91D3
:102090001F9108950197A105B10579F769817A81AA
:1020A0008B819C810E94928FD6CFCF92DF92EF924C
:1020B000FF926B017C01D701C6010197A109B1090B
:1020C0008F3F9F40A105B105A0F084E79AE29F935E
:1020D0008F9383EF99E39F938F930E9471A00F904A
:1020E0000F900F900F9083E0FF90EF90DF90CF90D4
:1020F000089599278F2D7E2D6D2D80E691E00E9409
:1021000013876C2D81E691E00E94138780E0ECCF6D
:102110001F93CF93DF9300D00F92CDB7DEB72091FE
:1021200092253091932540919425509195252983AE
:102130003A834B835C8380914E2590914F25A091EB
:102140005025B0915125232B242B252B49F50197A0
:10215000A105B105F9F481E691E00E94C983182F29
:1021600080E691E00E94C9838F708F931F9383E074
:102170009AE39F938F930E9471A00F900F900F90FE
:102180000F9010E0812F2496CDBFDEBFDF91CF915D
:102190001F91089588E893E30E9489A011E0F2CF8F
:1021A00081309105A105B105C1F469817A818B81E6
:1021B0009C810E945590182F112319F38DE59CE204
:1021C0009F938F9380E196E39F938F930E9471A0DA
:1021D0000F900F900F900F90D5CF0397A105B105E9
:1021E000C9F683E08093862469817A818B819C8102
:1021F0000E945590182F81E080938624DDCFCF92E6
:10220000DF92EF92FF926B017C01D701C60101972B
:10221000A109B1098F3F9F43A105B105A0F084E753
:102220009AE29F938F9383E19AE39F938F930E9407
:1022300071A00F900F900F900F9083E0FF90EF90A0
:10224000DF90CF90089599278F2D7E2D6D2D89E5F4
:1022500091E00E9413876C2D8AE591E00E9413871C
:1022600080E0ECCF1F93CF93DF9300D00F92CDB7D8
:10227000DEB72091812530918225409183255091B0
:10228000842529833A834B835C8380914E259091EA
:102290004F25A0915025B0915125232B242B252B80
:1022A00049F50197A105B105F9F48AE591E00E948D
:1022B000C983182F89E591E00E94C9838F738F939A
:1022C0001F9383E29AE39F938F930E9471A00F90D4
:1022D0000F900F900F9010E0812F2496CDBFDEBF9E
:1022E000DF91CF911F91089588E893E30E9489A020
:1022F00011E0F2CF81309105A105B105C1F46981EA
:102300007A818B819C810E94FF90182F112319F3F1
:102310008DE59CE29F938F9383E39AE39F938F9342
:102320000E9471A00F900F900F900F90D5CF039740
:10233000A105B105C9F683E08093862469817A817D
:102340008B819C810E94FF90182F81E080938624CE
:10235000DDCFCF92DF92EF92FF926B017C01D7012C
:10236000C6010197A109B1098F3F9F43A105B1059E
:10237000A0F084E79AE29F938F9380E49AE39F937F
:102380008F930E9471A00F900F900F900F9083E099
:10239000FF90EF90DF90CF90089599278F2D7E2D9D
:1023A0006D2D85E591E00E9413876C2D86E591E007
:1023B0000E94138780E0ECCF1F93CF93DF9300D070
:1023C0000F92CDB7DEB720917025309171254091E5
:1023D00072255091732529833A834B835C838091C6
:1023E0004E2590914F25A0915025B0915125232B3A
:1023F000242B252B41F50197A105B105F1F486E5C4
:1024000091E00E94C983182F85E591E00E94C9835D
:102410008F931F938DE49AE39F938F930E9471A0F3
:102420000F900F900F900F9010E0812F2496CDBF4A
:10243000DEBFDF91CF911F91089588E893E30E945A
:1024400089A011E0F2CF81309105A105B105C1F459
:1024500069817A818B819C810E94A991182F112317
:1024600019F38DE59CE29F938F9383E39AE39F9307
:102470008F930E9471A00F900F900F900F90D5CF67
:102480000397A105B105C9F683E08093862469818D
:102490007A818B819C810E94A991182F81E0809381
:1024A0008624DDCF9C01243581E0380748F12B35A7
:1024B00081E0380788F0F901EB55F140EE32F10583
:1024C00008F008958827E452F9458F4F0C94769DC3
:1024D00063E3C9010C941387A90144555140942F1B
:1024E00081E001C0880F4A95EAF7482F4A724111EE
:1024F00049C08571811148C061E4963051F3089557
:10250000F901FA95E435F10508F042C08827E65F45
:10251000F8458F4F0C94769D60ECDBCF6BE1D9CF03
:102520006AEAD7CF65E1D5CF6DEBD3CF6FE1D1CFDD
:1025300061E5CFCF64E4CDCF6BE3CBCF6AE0C9CF09
:102540006EE1C7CF66E1C5CF68E1C3CF6FE7C1CF0A
:102550006EE5BFCF66E0BDCF60E8BBCF69E0B9CF25
:1025600063E0B7CF6DE0B5CF62E0B3CF65E5B1CF43
:1025700062EBAFCF68E2ADCF68E8ABCF68E0A9CF40
:1025800060E5A7CF60E0A5CF61E0A3CF60E1A1CF78
:1025900008950F931F9300E011E0C8010E9452922A
:1025A0000F5F1F4F063681E01807B9F785E491E009
:1025B0000E94529281E791E00E94529282E791E05C
:1025C0000E94529284E791E00E9452928CE791E03F
:1025D0000E9452928DE791E00E945292C8010E949F
:1025E00052920F5F1F4F093881E01807B9F780E05A
:1025F0001F910F91089583E090E00E94C98361E5E7
:1026000083E491E00E94138761E089E391E00E94F6
:10261000138760E080E491E00E94138761ED83E41A
:1026200091E00E94138765E07DE080E090E00E94E9
:10263000DF6B60E084E491E00E94138765E07DE059
:1026400080E090E00E94DF6B61EF83E491E00E9404
:1026500013876AE171E480E090E00E94DF6B61ED36
:1026600083E491E00E9413876FEF84E491E00E947D
:10267000138761E583E491E00E94138783E491E08E
:102680000E94529289E391E00E9452926AE171E4C1
:1026900080E090E00E94DF6B80E491E00E94529223
:1026A00021E045E061E083E491E00E94E39683E469
:1026B00091E00E94529280E00895EF92FF921F9362
:1026C000CF93DF9380919E2390919F23A091A0238D
:1026D000B091A123892B8A2B8B2B41F10E94C992A7
:1026E000182F0E94FB92180F111167C010E0809103
:1026F000A1238F938091A0238F9380919F238F9309
:1027000080919E238F938DE59AE39F938F930E94F0
:1027100071A00F900F900F900F900F900F90812F3E
:10272000DF91CF911F91FF90EF90089586E0E82E02
:10273000FF24F394C7010E94C983182F682F686093
:10274000C7010E94138788E0E80EF11CCEE3EC1667
:10275000C1E0FC0679F74091674050916840A09134
:102760006540B09166401C9283E011968C9311975E
:1027700014968C9314971296ED91FC91139781E027
:1027800080831296ED91FC91139788E381831296D2
:10279000ED91FC9113971F7E18601283FA01148249
:1027A00080911E4090911F40EC01E881F981BD01AC
:1027B0001995882309F49ACF12E08BE39FE29F9347
:1027C0008F930E9471A00F900F9091CF1F930E9442
:1027D000FB92182F65E377EB8CE090E00E94DF6BB3
:1027E00083E090E00E94C9836AE171E480E090E0B8
:1027F0000E94DF6B812F1F9108951F930E94C99241
:10280000182F60E573EC80E090E00E94DF6B0E947F
:10281000FB92180F65E377EB8CE090E00E94DF6B92
:1028200083E090E00E94C9836AE171E480E090E077
:102830000E94DF6B812F1F910895AF92BF92CF92BC
:10284000DF92EF92FF920F931F93CF93DF9394E069
:102850009093A50688E08093A50620E42093A50622
:1028600002E0009306060093850690938606809307
:10287000850680E88093060665E377EB8CE090E0C0
:102880000E94DF6B0093A5066AE67EE689E190E090
:102890000E94DF6B89ED94E28093734090937440C3
:1028A0002EE7C22E28E4D22EC0925B40D0925C402C
:1028B00039E6E32E38E4F32EE0925940F0925A4084
:1028C0008AE10E94EC6B8093714090937240C092B9
:1028D0005F40D0926040E0925D40F0925E400E9486
:1028E000E46CB82E40915F4050916040A0915D40F3
:1028F000B0915E401C9213E011961C9311971496B0
:102900001C9314971296ED91FC91139788E38083A2
:102910001296ED91FC91139711821296ED91FC9114
:1029200013971282EA011C8280917140909172404B
:10293000EC01E881F981BD0119950E94E46C409198
:102940005F4050916040A0915D40B0915E401C920C
:1029500011961C93119714961C9314971296ED914F
:10296000FC91139787E080831296ED91FC91139769
:102970008FE781831296ED91FC91139780EF82830C
:10298000FA0114828091714090917240EC01E881CB
:10299000F981BD01199540915F4050916040A0912F
:1029A0005D40B0915E401C9211961C931197149655
:1029B0001C9314971296ED91FC9113976FE0A62E3D
:1029C000A0821296ED91FC91139711821296ED91CF
:1029D000FC9113971282FA011482809171409091B8
:1029E0007240EC01E881F981BD01199540915F4089
:1029F00050916040A0915D40B0915E401C92119654
:102A00001C93119714961C9314971296ED91FC91B8
:102A1000139780E280831296ED91FC9113971182B7
:102A20001296ED91FC911397A282FA011482809183
:102A3000714090917240EC01E881F981BD011995D6
:102A40008BE795E00E94C16D182F1B0D65E372E8BE
:102A500080E090E00E94DF6B0093050665E372E87A
:102A600080E090E00E94DF6B8DE10E94EC6B9C01A6
:102A700083E02115310599F088E894E280936F4056
:102A80009093704020936D4030936E40C0921C40F4
:102A9000D0921D40E0921A40F0921B4080E0180F47
:102AA0008DE690E40E944F76180F8DE690E40E9428
:102AB0007076180F80E280936606809365066AE15F
:102AC00071E480E090E00E94DF6B8CE10E94EC6B8F
:102AD0009C0183E021153105B9F087E894E28093E9
:102AE0006B4090936C402093694030936A408EE72E
:102AF00098E480931C4090931D4089E698E480936D
:102B00001A4090931B4080E0180F89E690E40E94E1
:102B10004F76180F89E690E40E947076180F80E1D6
:102B200080936606809365066AE171E480E090E038
:102B30000E94DF6B02E000930606009305066AE13F
:102B400071E480E090E00E94DF6B8EE7C82E88E49D
:102B5000D82EC0926340D092644099E6E92E98E462
:102B6000F92EE0926140F092624088E99AE2809307
:102B700020409093214088E10E94EC6B80931E409E
:102B800090931F40C0926740D0926840E0926540A9
:102B9000F0926640009386066AE171E480E090E07E
:102BA0000E94DF6B60E880E090E00E94138760E1A4
:102BB00080E090E00E94138760E082E090E00E9455
:102BC000138763E089E491E00E9413876BE38FE54C
:102BD00091E00E94138761E070E089E690E40E9432
:102BE000A074180F01E00093A60680E88093A50664
:102BF0000E94FD93180F65E176E185E090E00E9468
:102C0000DF6B81E00E940087813051F162E070E06B
:102C100089E690E40E94A074F82E0E94FD93F80EBD
:102C20001F0D65E176E185E090E00E94DF6B81E0B9
:102C30000E9400878130A1F00093A5060E94FD93B9
:102C4000180F65E176E185E090E00E94DF6B81E09E
:102C50000E9400878823D9F0813029F0180F03C023
:102C600088E08093A60681E090E00E94668F8AE06B
:102C700090E00E9483A0812FDF91CF911F910F914F
:102C8000FF90EF90DF90CF90BF90AF9008951F5FBF
:102C9000EACF0E941D94E0EAF6E094E0958398E084
:102CA000958392E0968320E4268390930606089508
:102CB0000E944996882341F08BE39FE29F938F9374
:102CC0000E9471A00F900F9080E008950E941D94C3
:102CD000882341F08BE39FE29F938F930E9471A022
:102CE0000F900F9080E008958091862480937F2438
:102CF00081E080938624409126245091272460917E
:102D0000282470912924452B462B472B31F18093A1
:102D1000A60688E08093A60680E88093A5066CE36B
:102D200070E080E090E00E94DF6B81E00E9400870D
:102D3000813041F00E94FD9365E176E185E090E00D
:102D40000E94DF6B81E00E9413970E9412718091B4
:102D50007F248093862480E0089594E09093A506D4
:102D600098E09093A506D9CF1F9380918624813057
:102D700059F08EEA9AE39F938F930E9471A00F906F
:102D80000F9080E01F9108950E94C992182F65E36B
:102D900077EB8CE090E00E94DF6B0E94FB92180FB3
:102DA00065E377EB8CE090E00E94DF6B83E090E0DE
:102DB0000E94C98360E573EC80E090E00E94DF6BC5
:102DC0001123F9F2D6CFFF920F931F93CF93DF9386
:102DD000182FD92FC62F042FF22E8EE190E4892BC5
:102DE000E1F0812F9D2F0E94C983EF2D002E01C09D
:102DF000EE0F0A94EAF7E095E823CF216C2F01C08B
:102E0000660F0A95EAF76E2B812F9D2FDF91CF91E8
:102E10001F910F91FF900C941387DF91CF911F9119
:102E20000F91FF900895CF93C82F0E9400878130A3
:102E300071F41F92CF938FEA9EE39F938F930E942A
:102E400071A00F900F900F900F90CF9108951F9247
:102E5000CF938DEB9EE3F1CF4F925F926F927F9273
:102E60008F929F92AF92BF92CF92DF92EF92FF929A
:102E70000F931F93CF93C82F2A013B01460157019F
:102E80000E94A77AA0E0B0E075016401002E04C0A2
:102E9000CC0CDD1CEE1CFF1C0A94D2F7C094D0941D
:102EA000E094F094C822D922EA22FB2284209520C3
:102EB000A620B720C501B40104C0660F771F881F84
:102EC000991F0A95D2F76C297D298E299F298C2F6D
:102ED000CF911F910F91FF90EF90DF90CF90BF9017
:102EE000AF909F908F907F906F905F904F900C94D9
:102EF000E77ACF93DF9300D000D0CDB7DEB780E282
:102F000090E4892B09F496C0CE0101960E94817944
:102F1000E0918124882309F1E230B1F48091832487
:102F2000843048F480918224883009F483C0815031
:102F3000833008F47FC08DEC9EE32696CDBFDEBFC4
:102F4000DF91CF910C9489A0E130A9F7809183247F
:102F5000883088F780918224EACF8A818E1741F1E8
:102F6000E1502FE53FE2E43038F4F0E0EE0FFF1FD0
:102F7000E154F74D208131818150843008F060C0E8
:102F8000E82FF0E0EE0FFF1FE154F74D80819181B3
:102F90003F932F939F938F938AEE9EE39F938F93FC
:102FA0000E9471A00F900F900F900F900F900F90B4
:102FB000EB81A0918224EA1741F1A1502FE53FE275
:102FC000A83038F4B0E0AA0FBB1FA155B74D2D9122
:102FD0003C91E1508FE59FE2E83038F4F0E0EE0FED
:102FE000FF1FE155F74D808191813F932F939F9370
:102FF0008F9384E49FE39F938F930E9471A00F901F
:103000000F900F900F900F900F908C8190918324D0
:10301000891781F01F929F931F928F9388E99FE3F6
:103020009F938F930E9471A00F900F900F900F901D
:103030000F900F902696CDBFDEBFDF91CF91089500
:103040008FE59FE2A5CF1F93CF93DF93D82FC82F93
:10305000C170182F1270C11118C01123D9F183E863
:1030600091E00E94C983282F30E035952795227082
:103070003327C20F61E083E891E00E94138760E08C
:1030800083E891E00E94138713C082E891E00E94D8
:10309000C98382FBCC27C0F961E082E891E00E94FD
:1030A000138760E082E891E00E9413871111D7CF67
:1030B000CC2381F01F92DF9389EE9FE39F938F9340
:1030C0000E9471A00F900F900F900F90DF91CF9101
:1030D0001F9108951F92DF9381E090E4EFCF62E0AB
:1030E0000E946B72880F892F881F990B91958770AA
:1030F000992721E030E0A90102C0440F551F8A95AD
:10310000E2F7CA019F934F9389EB98E39F938F93C4
:103110000E9471A00F900F900F900F900895AF92A2
:10312000BF92CF92DF92EF92FF920F931F93CF93B4
:10313000DF935C01F62E0FEF1FEF20E040E150E03F
:1031400065E00E949973D50112964D915C91A09112
:103150001C40B0911D40E0911A40F0911B4010823C
:1031600082E081838483828193812F2D2695EC01D7
:10317000288322813381EA0188818770D0E8FD9E0F
:10318000B0011124682BE90169831C9282E1119638
:103190008C93119783E014968C93149712968D91CB
:1031A0009C91139722813381E9012881EC012883C6
:1031B00012968D919C91139722813381E901298187
:1031C000EC01298312960D90BC91A02D0280F38111
:1031D000E02D818112968C93F5018081918140913F
:1031E0001C4050911D4060911A4070911B40DC01C1
:1031F000ED91FC911995E0901C40F0901D40E70185
:10320000EA81FB81808190E0982F8827990F2181A6
:1032100030E0220F331F822B932B2281221F222783
:10322000221F822B80931840909319401282EA81CA
:10323000FB819C01220F232F221F330B31952795F1
:10324000222727952183EA81FB819083C0901A4031
:10325000D0901B4020E040E250E065E0C5010E94B4
:103260009973E0921C40F0921D40C0921A40D09297
:103270001B40DF91CF911F910F91FF90EF90DF9056
:10328000CF90BF90AF9008950F931F93CF93DF938C
:10329000D82FC92F0FEF1FEF20E041E050E061E091
:1032A0000E94997320E040E250E064E08D2F9C2F53
:1032B0000E949973DF91CF911F910F9108950F9202
:1032C000CDB7DEB7198280E698E280938948909363
:1032D0008A488EE698E4809380489093814889E5F7
:1032E00098E480936B4890936C4880915000826082
:1032F000809350008091510081FFFCCF88ED84BF06
:10330000EE24E394E092400007E00093A200F894DA
:1033100084BFE092960061E084EB9AE20E94C623AB
:10332000182F65E081EA94E20E94C924180F23EF68
:1033300031E041E050E061E576E485E498E40E9404
:10334000AB502BED35E041E050E065E770E48FE4F1
:1033500098E40E94AB5061E08EE698E20E94AB30A8
:10336000D82E61E089E894E20E941519F82E0093A6
:10337000A2009091A20090689093A20078940E947D
:103380006D498AE00E94044920E148E061E080E064
:1033900092E00E94244220E149E062E080E092E075
:1033A0000E94244200E10093A10690E29093A106BE
:1033B000E092220652E050932206E092610644E039
:1033C00040936106009361069093610660E8609304
:1033D000610630E43093610628E020936206E092B3
:1033E0008206509381064093810620938106E092E5
:1033F000A1066093A1065093A1064093A1062093D5
:10340000A1063093A1065093010660930106309304
:1034100001063093060690930106909306062093CA
:1034200021060093210690932106309321064093B4
:10343000010620930106009301068981180F1F0DD4
:103440001D0D1983A8950093A1069093A1060093E2
:10345000A5069093A606A8950E941D949981980FA1
:103460009983A8950093A60616E065E176E185E0CC
:1034700090E00E94DF6B0093A70611501111F5CF69
:103480000093A60680E28093A60616E000E265E1BE
:1034900076E185E090E00E94DF6B0093A706115073
:1034A0001111F5CF0093A606A8950E946378898331
:1034B000882361F01F928F938BE69AE39F938F93FB
:1034C0000E9471A00F900F900F900F908EED9AE2D6
:1034D0009F938F930E9471A019820E94E9860E9497
:1034E000E9860E94E9860F900F9083E0F82E9FE016
:1034F000E92E21E1C22E30E1D32EA8958FE498E485
:103500000E943651892B09F486C08E010F5F1F4F30
:103510002FE047EE54E265E478E48FE498E40E94FB
:10352000EC588150803178F422E040E06FE087EE83
:1035300094E20E94506A8EED9AE29F938F930E94CC
:1035400071A00F900F90F0924E2510924F2510927F
:10355000502510925125E0925F251092602510921F
:10356000612510926225F092D6251092D7251092EF
:10357000D8251092D925E092E7251092E8251092DF
:10358000E9251092EA251092092610920A26109237
:103590000B2610920C2610921A2610921B261092BF
:1035A0001C2610921D2610924D2610924E26109227
:1035B0004F2610925026F092E6261092E72610929F
:1035C000E8261092E926F092802610928126109229
:1035D000822610928326E0929126109292261092D3
:1035E000932610929426C092A2261092A32610929F
:1035F000A4261092A526C092C4261092C526109229
:10360000C6261092C72610922A2710922B271092B6
:103610002C2710922D27898181110AC0809188065C
:1036200080FF03C0D092A60668CFD092A50665CFD2
:103630000E9449968EE79AE30E9489A0898190E0D2
:103640000F9008954091CA01E62FF72F8093CA0189
:1036500084914093CA0108955058BB27AA270ED0E1
:1036600070C161D130F066D120F031F49F3F11F488
:103670001EF456C10EF4E095E7FB4CC1E92F72D160
:1036800080F3BA17620773078407950718F071F47F
:103690009EF58AC10EF4E0950B2EBA2FA02D0B01DA
:1036A000B90190010C01CA01A0011124FF27591B87
:1036B00099F0593F50F4503E68F11A16F040A22F8D
:1036C000232F342F4427585FF3CF469537952795FE
:1036D000A795F0405395C9F77EF41F16BA0B620BFD
:1036E000730B840BBAF09150A1F0FF0FBB1F661F44
:1036F000771F881FC2F70EC0BA0F621F731F841F87
:1037000048F4879577956795B795F7959E3F08F0AC
:10371000B3CF9395880F08F09927EE0F979587956B
:103720000895D4D008F481E008950CD00AC102D1E4
:1037300040F0F9D030F021F45F3F19F0EBC05111A7
:1037400034C1EEC00FD198F39923C9F35523B1F3D7
:10375000951B550BBB27AA2762177307840738F000
:103760009F5F5F4F220F331F441FAA1FA9F333D05F
:103770000E2E3AF0E0E830D091505040E695001C13
:10378000CAF729D0FE2F27D0660F771F881FBB1FCF
:10379000261737074807AB07B0E809F0BB0B802DA9
:1037A000BF01FF2793585F4F2AF09E3F510568F0F5
:1037B000B1C0FBC05F3FECF3983EDCF38695779594
:1037C0006795B795F7959F5FC9F7880F911D9695F7
:1037D000879597F90895E1E0660F771F881FBB1F53
:1037E000621773078407BA0720F0621B730B840B00
:1037F000BA0BEE1F88F7E0950895BCD088F09F576C
:1038000090F0B92F9927B751A0F0D1F0660F771F2C
:10381000881F991F1AF0BA95C9F712C0B13081F00C
:10382000C3D0B1E00895C0C0672F782F8827B85F54
:1038300039F0B93FCCF3869577956795B395D9F76D
:103840003EF490958095709561957F4F8F4F9F4F77
:103850000895E89409C097FB3EF490958095709583
:1038600061957F4F8F4F9F4F9923A9F0F92F96E9CC
:10387000BB279395F695879577956795B795F11141
:10388000F8CFFAF4BB0F11F460FF1BC06F5F7F4FDE
:103890008F4F9F4F16C0882311F096E911C07723F0
:1038A00021F09EE8872F762F05C0662371F096E8F9
:1038B000862F70E060E02AF09A95660F771F881FC8
:1038C000DAF7880F9695879597F90895990F00086C
:1038D000550FAA0BE0E8FEEF16161706E807F907E2
:1038E000C0F012161306E407F50798F0621B730B7D
:1038F000840B950B39F40A2661F0232B242B252BFE
:1039000021F408950A2609F4A140A6958FEF811DA0
:10391000811D089597F99F6780E870E060E0089541
:103920009FEF80EC089500240A94161617061806D7
:103930000906089500240A941216130614060506B3
:103940000895092E0394000C11F4882352F0BB0F44
:1039500040F4BF2B11F460FF04C06F5F7F4F8F4FA7
:103960009F4F089557FD9058440F551F59F05F3FE2
:1039700071F04795880F97FB991F61F09F3F79F091
:1039800087950895121613061406551FF2CF469513
:10399000F1DF08C0161617061806991FF1CF869595
:1039A0007105610508940895E894BB276627772779
:1039B000CB0197F908958ADF08F48FEF08950BD0B3
:1039C000C0CFB1DF28F0B6DF18F0952309F0A2CF01
:1039D000A7CF1124EACFC6DFA0F3959FD1F3950FAF
:1039E00050E0551F629FF001729FBB27F00DB11D83
:1039F000639FAA27F00DB11DAA1F649F6627B00D13
:103A0000A11D661F829F2227B00DA11D621F739FFB
:103A1000B00DA11D621F839FA00D611D221F749F09
:103A20003327A00D611D231F849F600D211D822F50
:103A3000762F6A2F11249F5750408AF0E1F0882397
:103A40004AF0EE0FFF1FBB1F661F771F881F9150A4
:103A50005040A9F79E3F510570F05CCFA6CF5F3F65
:103A6000ECF3983EDCF3869577956795B795F795D7
:103A7000E7959F5FC1F7FE2B880F911D969587955F
:103A800097F908951BBEFC0128ED24BF60830895BB
:103A9000991B79E004C0991F961708F0961B881FA0
:103AA0007A95C9F780950895A1E21A2EAA1BBB1B2F
:103AB000FD010DC0AA1FBB1FEE1FFF1FA217B307FA
:103AC000E407F50720F0A21BB30BE40BF50B661F10
:103AD000771F881F991F1A9469F7609570958095D4
:103AE00090959B01AC01BD01CF010895EE0FFF1F22
:103AF000881F8BBF0790F691E02D19940E94889D36
:103B00008F93892F0E94889D99270F90800D08958B
:103B1000082E817006940694811D0694811D0694DA
:103B2000811D0694811D0694811D0694801D0895B3
:103B30000E94229FA59F900DB49F900DA49F800D81
:103B4000911D11240895DF93CF931F930F939A9D96
:103B5000F02D219FF00D8B9DF00D8A9DE02DF10D34
:103B6000039FF00D029FE00DF11D4E9DE00DF11D34
:103B70005E9DF00D4F9DF00D7F936F93BF92AF92BE
:103B80005F934F93D5010E94229F8B01AC01D70117
:103B90000E94229FEB01E80FF91FD6010E94F29DBF
:103BA0002F913F91D6010E94229FC60FD71FE81F79
:103BB000F91FAF91BF910E94F29D2F913F910E94FA
:103BC000229FC60FD71FE81FF91FD6010E94229F10
:103BD000E60FF71F9801BE01CF010F911F91CF9102
:103BE000DF9108950E94229F460F571FC81FD91FBB
:103BF00008F431960895E894DF93CF93FC01DB013C
:103C00000E94229F7F936F93E9019A01AC01BF93B9
:103C1000AF933F932F93DF010E94229F26F46C1BEA
:103C20007D0B820B930B9E01EB01FC010E94F29D28
:103C3000AF91BF912F913F910E94F29DBE01CF01A4
:103C4000F9012F913F91CF91DF910895689401C0C0
:103C5000E894F92FF12B12F00C945A9EA0E0B0E0FA
:103C6000E4E3FEE90C94CC9E092E059422F40E9414
:103C7000B69E112392F4F0E80F26FFEFE094F09443
:103C800000951095B094C094D094A194BF0ACF0A27
:103C9000DF0AEF0AFF0A0F0B1F0B0E94659E07FC4D
:103CA0000E94B69ECDB7DEB7ECE00C94E59E68941A
:103CB00001C0E8948F929F92CF93DF930E94659EFC
:103CC000DF91CF919F908F90089588249924F401DB
:103CD000E401B0E49F93AA279A158B049C04ED0598
:103CE000FE05CF05D007A10798F4AD2FDC2FCF2F0D
:103CF000FE2FE92D982C892E982F872F762F652F50
:103D0000542F432F322F2227B85031F7BF9127C0AD
:103D10001B2EBF91BB27220F331F441F551F661F49
:103D2000771F881F991F881C991CEE1FFF1FCC1F2F
:103D3000DD1FAA1FBB1F8A149B04EC05FD05CE05E1
:103D4000DF05A007B10748F08A189B08EC09FD09B8
:103D5000CE09DF09A00BB10B21601A94E1F62EF415
:103D60009401AF01BE01CD01000C089560957095DE
:103D70008095909530954095509521953F4F4F4FA8
:103D80005F4F6F4F7F4F8F4F9F4F08952F923F92FE
:103D90004F925F926F927F928F929F92AF92BF925B
:103DA000CF92DF92EF92FF920F931F93CF93DF9307
:103DB000CDB7DEB7CA1BDB0BCDBFDEBF19942A8897
:103DC000398848885F846E847D848C849B84AA842F
:103DD000B984C884DF80EE80FD800C811B81AA81BC
:103DE000B981CE0FD11DCDBFDEBFED010895002EEC
:103DF000083090F0982F872F762F652F542F432F60
:103E0000322F22270850F4CF220F331F441F551F93
:103E1000661F771F881F991F0A95B2F7002D089516
:103E20002A0D3B1D4C1D5D1D6E1D7F1D801F911FAA
:103E300008952A193B094C095D096E097F09800B19
:103E4000910B0895A29FB001B39FC001A39F700D75
:103E5000811D1124911DB29F700D811D1124911D92
:103E600008950F931F93CF93DF939C01029710F453
:103E700022E030E0E0918348F091844890E080E0D7
:103E8000B0E0A0E0309791F4009709F445C0821BA0
:103E9000930B84309105B8F58A819B81611571057A
:103EA00069F1FB0182839383FE0111C0408151813E
:103EB0000281138142175307F0F04217530799F418
:103EC000109761F012960C93129713961C933296EA
:103ED000CF01DF91CF911F910F91089500938348F7
:103EE00010938448F4CF009719F04817590718F435
:103EF000CA01BD01EF01DF01F801C4CF80938348FF
:103F000090938448D1CFFE01E80FF91F219331939C
:103F1000029788839983DCCF809185489091864869
:103F2000892B41F48091842890918528809385483D
:103F3000909386488091822890918328009741F43D
:103F40008DB79EB74091862850918728841B950B8A
:103F500040918548509186484817590708F0B8CFD6
:103F6000841B950B8217930708F4B2CFB9016E5FDB
:103F70007F4F8617970708F4ABCF640F751F6093C8
:103F8000854870938648FA0121933193A1CFCF934E
:103F9000DF939C010097E9F0FC01329712821382B3
:103FA000C0918348D0918448DE0190E080E0209762
:103FB000A1F480819181280F391F809185489091CB
:103FC00086488217930709F067C0E0938548F0930D
:103FD0008648DF91CF910895DA01AE17BF0708F048
:103FE00041C012964D915C911397CD014115510539
:103FF00099F7DC011296ED93FC9313974D915D9127
:10400000A40FB51FEA17FB0781F4208131812E5FD1
:104010003F4F240F351FDC012D933C9311972281D4
:10402000338112962D933C931397B0E0A0E08A81E0
:104030009B810097B1F5FE0181919191E80FF91FE5
:1040400080918548909186488E179F0711F61097AA
:1040500059F51092834810928448C0938548D093B4
:104060008648B7CFA283B38340815181240F351F87
:10407000A217B30771F44E5F5F4F2D913C911197DA
:10408000240F351F2083318312962D913C9122837A
:104090003383009709F0ADCFE0938348F0938448D1
:1040A00098CFDE01EC01C3CF12961D921C9213979C
:1040B000D4CFFB01DC014150504048F005900D92F7
:1040C0000020C9F701C01D9241505040E0F708950B
:1040D000FB01DC0102C001900D9241505040D8F725
:1040E0000895CF93DF93CDB7DEB7FE013696619189
:1040F0007191AF018091894890918A480E94D1A026
:10410000DF91CF9108956091894870918A480C940D
:1041100010A60F931F93CF93DF93E0918948F091FE
:104120008A48238100E010E021FD0EC00FEF1FEF51
:10413000C801DF91CF911F910F9108951995892B97
:1041400011F00FEF1FEFCE01EC01899160918948CA
:1041500070918A48DB011896ED91FC918111EECFA8
:104160008AE01995892B21F3E1CFCF93DF93CDB767
:10417000DEB72E97CDBFDEBF85E08C838C899D890D
:1041800089839A83AE01485E5F4F6E897F89CE0135
:1041900001960E946EA42E96CDBFDEBFDF91CF9117
:1041A00008952F923F924F925F926F927F928F92DB
:1041B0009F92AF92BF92CF92DF92EF92FF920F93B6
:1041C0001F93CF93DF93CDB7DEB72F97CDBFDEBF61
:1041D0007C013B018A01DC0116961D921C92179707
:1041E00013968C9181FFD0C19AE0292EFE01319661
:1041F0004F01D70113969C91F30193FD859193FF95
:1042000081913F01882309F444C1853239F493FD3B
:10421000859193FF81913F01853229F4B70190E0A8
:104220000E9410A6E6CFB12C412C512CBFE1B51550
:1042300038F08B3209F188F4803201F1833221F1B8
:1042400057FC3AC020ED280F2A3040F556FE1FC01B
:10425000B29C200D1124B22E06C08D3291F0803315
:1042600079F7689450F8F30193FD859193FF81915C
:104270003F018111DBCF20C0689451F8689452F857
:10428000F2CF689453F8EFCF689454F8ECCF429C87
:10429000200D1124422E689455F8E5CF8E3229F472
:1042A00056FCF7C0689456F8DECF8C3619F4689443
:1042B00057F8D9CF8836B9F2982F9F7D955493300F
:1042C000C0F0833681F18337A1F1833509F05BC0FB
:1042D000D801CD90DD908D016B2D70E056FC02C0B1
:1042E0006FEF7FEFC6010E94BCA55C01689457F890
:1042F0000AC00C5F1F4FEFE3E983AA24A394B12CFB
:104300006401E89457F853FE29C0342CA114B10479
:1043100051F5332009F46DCFB70180E290E00E949F
:1043200010A63A94F6CFD8018C9189830E5F1F4F67
:10433000E4CFF801C190D1908F016B2D70E056FC55
:1043400002C06FEF7FEFC6010E94C7A55C01D9CF05
:10435000B70180E290E00E9410A64A944A141B0420
:1043600009F0B0F7D2CFF60157FC859157FE819145
:104370006F01B70190E00E9410A631103A94B1E0AD
:10438000AB1AB108C3CF843619F0893609F071C071
:10439000F80157FE67C061917191819191918F01F0
:1043A000E52DEF76DE2E97FF09C0909580957095EC
:1043B00061957F4F8F4F9F4F6894D7F82AE030E088
:1043C000A4010E9458A6C82EC818AC2C5D2CD6FE9D
:1043D0000CC0E89450F8CB1440F4D4FE05C0D2FCD5
:1043E00003C05D2D5E7E552EAB2C54FEA5C0FE0194
:1043F000EC0DF11D8081803309F097C0652D697E39
:10440000562E752D7870372E53FCA5C050FE9FC0D8
:10441000BC2CA41410F4B40CBA1854FEA2C0B701FA
:1044200080E390E00E9410A652FE07C088E751FC8E
:1044300088E590E0B7010E9410A6CB1408F49DC057
:10444000CA94D12C8FEFC81AD80AC80CD91CD6012F
:104450008E916D01B70190E00E9410A68C149D040E
:10446000B1F757CF61917191072E000C880B990B12
:1044700096CFD52CE894D4F82AE08537B9F1F52DFC
:10448000F97FDF2E803731F1E8F4883531F18F364E
:1044900061F1F701868197812F96CDBFDEBFDF9155
:1044A000CF911F910F91FF90EF90DF90CF90BF9031
:1044B000AF909F908F907F906F905F904F903F90C4
:1044C0002F900895883729F7D4FE02C06894D2F857
:1044D00020E10CC06894D4F8F7CF54FE03C02F2F0E
:1044E0002660D22E20E132E002C028E030E0F80160
:1044F000D7FE15C041915191619171914C875D87B3
:104500006E877F878F01A4016C857D858E859F8551
:104510000E9458A6C82EC818E894D7F856CF8191A3
:104520009191AC0170E060E0E9CF52FC02C0A3942D
:1045300068CFA394A39465CF852D867809F461CFC5
:10454000F6CFB70180E290E00E9410A6A394A414D5
:10455000C0F3312C62CF342C3A18A41408F45DCF88
:10456000F8CF852D867809F468CF8BE251FE80E282
:1045700057FC8DE2B70190E05ECFB70180E390E099
:104580000E9410A6BA9459CF8FEF9FEF85CFFC0100
:10459000CA01DB0120FD08C023FD05C022FF02C0C7
:1045A000B383A283918380830895CF92DF92EF92A9
:1045B000FF92CF93DF9300D00F92CDB7DEB76B01A0
:1045C0007C0183E044FD10C084E046FD0DC0D601AF
:1045D000F701AA0FBB1FEE1FFF1F1094D1F7CA0EE1
:1045E000DB1EEE1EFF1E81E0CC0CDD1CEE1CFF1C52
:1045F0008150D1F7D701C601820F911DA11DB11DB8
:10460000BC01CD012496CDBFDEBFDF91CF91FF90DD
:10461000EF90DF90CF9008950F931F93CF93DF9388
:104620008C01C8010E94D2A5EC0197FD08C00E9430
:10463000A8A5892BB1F7B801CE010E9440A6CE01F2
:10464000DF91CF911F910F910895AF92BF92CF92BA
:10465000DF92EF92FF920F931F93CF93DF938C0122
:10466000C62F5A01F22E0E94D2A5FC019927EB32E7
:1046700021F08D97B1F46894F7F8C15061F480E0AF
:10468000DF91CF911F910F91FF90EF90DF90CF902E
:10469000BF90AF900895C8010E94D2A5FC0197FD7C
:1046A000EECFDF2DDD7F8F2D807309F5E033F9F438
:1046B000EE24EA94EC0EC13091F0C8010E94D2A51C
:1046C000FC0197FD0CC08F7D883569F4D264C2501F
:1046D00031F0C8010E94D2A5FC0197FF08C0C12C8F
:1046E000D12C76011CC0F6FE2CC0D260CE2DC12C80
:1046F000D12C760120ED2E0F283030F1D4FD09C0E9
:104700002A3010F1D6FF05C02F7D8FEE820F863044
:10471000D0F0B801CF010E9440A6D1FFB0CFD7FFA3
:1047200008C0F094E094D094C094C11CD11CE11C4A
:10473000F11C2D2FB701A601C5010E94C7A281E07F
:104740009FCFD261D3CF27504D2FC701B6010E9412
:10475000D5A26B017C01D260C15009F3C8010E944F
:10476000D2A5FC0197FFC6CFDACF8F929F92AF926E
:10477000BF92CF92DF92EF92FF920F931F93CF934E
:10478000DF93CDB7DEB7A097CDBFDEBF6C01962E0D
:104790007A01CE0101965C0180E2F50111928A95C1
:1047A000E9F7F6018380890150E040E0B0E020E0C5
:1047B000A0E061E070E0F80183FC959183FE9191A7
:1047C000892F8F01911113C010E000E0C801A0965D
:1047D000CDBFDEBFDF91CF911F910F91FF90EF9082
:1047E000DF90CF90BF90AF909F908F9008959E35AF
:1047F00019F44115510531F1A4171506ECF49D3556
:1048000049F19D32C9F4222309F1982F9695969586
:104810009695F501E90FF11D982F97709B0101C046
:10482000220F9A95EAF79081922B90838B1781F053
:104830008B1730F48F5FE9CF2111E7CFB92FE5CF88
:104840008150E3CFA1E04F5F5F4FB5CF21E0FBCFB9
:1048500020E0F9CF222319F08E8180628E83AA2373
:1048600061F0F5019E012F5D3F4F8081DF013196A0
:1048700080958C93E217F307C1F788248394C601CF
:104880000E94D2A597FD16C0282F2695269526951D
:10489000F501E20FF11D208130E0AC014770552792
:1048A00002C0359527954A95E2F720FD06C0B6016E
:1048B0000E9440A6882059F087CFE114F10419F036
:1048C000F70181937F019A94812C9110D8CFE11444
:1048D000F10409F47BCFF701108278CF6F927F92B9
:1048E0008F929F92AF92BF92CF92DF92EF92FF9200
:1048F0000F931F93CF93DF9300D000D0CDB7DEB7D7
:104900005C016D837E83742E652EDC0116961D92EC
:104910001C921797C12CD5011396FC90ED81FE8156
:10492000F3FC8591F3FE8191182FED83FE8388239C
:10493000F9F090E00E94A8A5892B21F0C5010E9402
:104940000CA3E9CF153251F4ED81FE81F3FC1591F2
:10495000F3FE1191ED83FE83153269F4C5010E94C7
:10496000D2A597FDA3C01817B1F2B5010E9440A6C9
:104970008C2D90E09FC000E01A3249F4ED81FE8159
:10498000F3FC1591F3FE1191ED83FE8301E0D12C30
:1049900020ED210F2A3060F101FF42C0DD2041F3FC
:1049A000183609F440C01C3609F449C0112301F33C
:1049B000612F70E08CE594E00E94B1A5892BC1F2D3
:1049C000E12CF12C00FD06C0E72DF62DE190F190D1
:1049D0007E2E6F2E1E3609F03CC0D50116964D91E5
:1049E0005C9170E060E0202FC7010E94C7A293CFC6
:1049F00002608D2D90E0B0E0A0E089839A83AB83C4
:104A0000BC8340E2BC01CD010E94D5A2D62EED812F
:104A1000FE81F3FC1591F3FE1191ED83FE83B8CF77
:104A2000DD24DA94BDCFED81FE81F3FC1591F3FE18
:104A30001191ED83FE83183609F0B8CF0860046049
:104A4000ED81FE81F3FC1591F3FE1191ED83FE8360
:104A5000ADCF1336B1F401FD02C0DD24D394C501FE
:104A60000E94D2A597FD22C0E114F10419F0F701CC
:104A700081937F01DA94D110F2CF00FD4CCFC39423
:104A80004ACF1B3549F52D813E81A7016D2DC5010A
:104A90000E94B5A38D839E83ED81FE81EF2B69F784
:104AA000D50113968C91807309F462CF8FEF9FEF3D
:104AB000C1105ECF2696CDBFDEBFDF91CF911F9193
:104AC0000F91FF90EF90DF90CF90BF90AF909F90AD
:104AD0008F907F906F900895C5010E940CA397FD61
:104AE000E5CF1F3699F130F4143641F0193639F01C
:104AF000006405C01337A9F01537D1F70062202FE5
:104B0000A7016D2DC5010E9425A38111B6CFC8CF85
:104B1000E114F10419F0F70181927F01DA94DD20AC
:104B200071F0C5010E94D2A54C0197FD08C00E94FA
:104B3000A8A5892B69F3B501C4010E9440A6E11420
:104B4000F10409F49ACFF701108297CF0061D7CF13
:104B500091110C94B6A6803219F089508550C8F78F
:104B60000895FC010590061621F00020D9F7C00138
:104B700008953197CF010895FC0105906150704070
:104B80000110D8F7809590958E0F9F1F0895FC0116
:104B90006150704001900110D8F7809590958E0F6C
:104BA0009F1F0895CF93DF93EC018B8180FF33C06B
:104BB00086FF0CC08F7B8B838E819F8101968E83B5
:104BC0009F838A8190E0DF91CF91089582FF15C085
:104BD000E881F9819081292F092E000C330B806226
:104BE0009923C1F03196E883F9838E819F810196E4
:104BF0008E839F83C9019927E6CFEA85FB85CE0185
:104C000019959C0197FFF1CF9B812F3F3F4F31F0CA
:104C100080E2892B8B838FEF9FEFD5CF80E1F9CF97
:104C20000F931F93CF93DF93182F092FEB018B81E5
:104C300081FD09C01FEF0FEF812F902FDF91CF91E2
:104C40001F910F91089582FF14C02E813F818C81A6
:104C50009D81281739073CF4E881F981CF0101963D
:104C60008883998310838E819F8101968E839F8391
:104C7000E3CFE885F985812F1995892BA1F3DACF48
:104C8000FB01238120FF11C026FD0FC08F3F980735
:104C900071F082832F7D2064238326813781215008
:104CA000310926833783992708958FEF9FEF089561
:104CB000FA01AA27283051F1203181F1E8946F934D
:104CC0006E7F6E5F7F4F8F4F9F4FAF4FB1E03ED0F3
:104CD000B4E03CD0670F781F891F9A1FA11D680F91
:104CE000791F8A1F911DA11D6A0F711D811D911DC4
:104CF000A11D20D009F468943F912AE0269F112439
:104D00003019305D3193DEF6CF010895462F47709C
:104D1000405D4193B3E00FD0C9F7F6CF462F4F70F7
:104D2000405D4A3318F0495D31FD4052419302D055
:104D3000A9F7EACFB4E0A6959795879577956795FB
:104D4000BA95C9F700976105710508959B01AC01FB
:104D50000A2E06945795479537952795BA95C9F722
:104D6000620F731F841F951FA01D08959927882720
:104D70000895F894FFCF963F983F9A3FA83F9C3FF5
:104D8000A83FA83FA83F9E3FA83FA83FA83FA83FF5
:104D9000A83FA83FA83FA03FA83FA83FA83FA83FE3
:104DA000A83FA83FA83FA83FA83FA83FA83FA83FCB
:104DB000A83FA83FA83FA23FA0928E929E92C29287
:104DC0009C92C292C4929A92C292C292B292C2929F
:104DD000C292B2929892969294928E9292928E925F
:104DE000C892C8929092B492C2929E92C892C8926F
:104DF000C892C892C892C892C89292926892C89279
:104E0000C892C892C892AA92AA92C092B292C8922C
:104E1000C892C292BE92BC92C892C292BA928E922C
:104E2000B892B692BE92BC92C892C292BA928E9238
:104E3000B892B692BE92BC92C892C292BA928E9228
:104E4000B892B692BE92BC92C892C292BA928E9218
:104E5000B892B692BE92BC92C892C292BA928E9208
:104E6000B892B692BE92BC92C892C292BA928E92F8
:104E7000B892B692BE92BC92C892C292BA928E92E8
:104E8000B892B692C292B492B492C292C292B292C4
:104E9000B092AE92C292AC92AA92A892C292A692FC
:104EA000C692A492B492B492C292A292C292C292B8
:0C4EB0008C92A692B092B492C292C29270
:104EBC006B54061D1F1E1B1C1A180000C73A2D0030
:104ECC000001000000000000000000A884CA3A6540
:104EDC00000000000000000000000000E677D03A5F
:104EEC00760000010000000000000000001986D8C8
:104EFC003A6C0000030000000000000000007D710F
:104F0C00E13A680000030000000000000000007E91
:104F1C0070EA3A6800000000000000000000000089
:104F2C00CD6CF43A7201000000000000000000009B
:104F3C0000DE6C043B780200000000000000000062
:104F4C000000D970133B6C0300000000000000004F
:104F5C000000004B72223B6F0400000000000000B8
:104F6C0000000000D570303B64050000000000001C
:104F7C00000000000099703D3B7605000000000029
:104F8C0000000000000022784A3B6605000000008B
:104F9C0000000000000000EA78543B73050000009C
:104FAC000000000000000000010166960E3B690045
:104FBC000000000000000000000000B496AD3B644F
:104FCC000100000000000000000000009D85B23BC5
:104FDC00650200000000000000000000009A84FE42
:104FEC003A72030000000000000000000000589618
:104FFC00B73B6B040000000000000000000000CB79
:10500C006CBC3B70050000000000000000000000BC
:10501C00DC78C23B760600000000000000000000B7
:10502C0000CE6FD5326C07000300000000000000BA
:10503C000000EE78CA3B740800000000000000007D
:10504C000000000070CF3B61090000000000000070
:10505C00000000002A70D33B670A0000000000002B
:10506C000000000000E079D73B6800000000000061
:10507C00000000000000246CDD3B690C0000000007
:10508C0000000000000000366C7E326C0C0000004A
:10509C000000000000000000486CE13B6D0C0000BB
:1050AC000000000000000000005A6CE53B460C00BC
:1050BC0000000000000000000000167BEB3B4C0CD5
:1050CC000000000000000000000000A67BF13B4443
:1050DC000C0000000000000000000000F17BF83B19
:1050EC00520C00000000000000000000002C7C00AE
:1050FC003C4E0C0000000000000000000000527C40
:10510C00083C660C0000000000000000000000BB22
:10511C006C2F31720C000000000000000000000039
:10512C00BD6C27316E0C0000000000000000000078
:10513C0000BF6C3731640C00000000000000000060
:10514C000000C16C103C760C000000000000000058
:10515C00000000B780143C670C0000000000000049
:10516C0000000000DE801B3C4A0C00030000000025
:10517C000000000000C36C873E610C0003000000BF
:10518C00000000000000E781223C770C00030000C7
:10519C00000000000000002182283C700C00000080
:1051AC000000000000000000C56C2F3C6F0C0000DC
:1051BC000000000000000000008082363C530C0010
:1051CC0000000000000000000000BC823D3C6B0CA5
:1051DC000000000000000000000000FF82463C516F
:1051EC000C000000000000000000000043834C3C59
:1051FC00500C0000000000000000000000C76C53C1
:10520C003C4D0C0000000000000000000000C96CC8
:10521C00583C4F0C00000000000000000000001C77
:10522C006C5C3C630C0000000000000000000000FF
:10523C008583043E730C0000000000000000000099
:10524C00005D93DB3C6300000000000000000000E8
:10525C000000B66F643C6601000000000000000016
:10526C00000000E986683C6B0000000000000000B4
:10527C0000000000026C7B3C71000000000000008C
:10528C000000000000E6938D3C6A00000000000066
:10529C00000000000000046C9C3C7000000000004A
:1052AC0000000000000000FD93AA3C720100000009
:1052BC0000000000000000008C8FB33C6300000075
:1052CC000000000000000000007496C33C74000055
:1052DC0000000000000000000000E186043E79019F
:1052EC000000000000000000000000886ECA3C783E
:1052FC000200000000000000000000001271D03C11
:10530C00690200000000000000000000005E6ED882
:10531C003C64020000000000000000000000AD6EC4
:10532C00DF3C620200E80300000000000000000106
:10533C000101010B010001010280044006A086015D
:10534C000000000000200000000000000000000031
:10535C00005D29B42A092086240100564000005D16
:10536C0029B42A082086240148554000005D29B440
:10537C002A072086240100F92004205D29B42A0381
:10538C002086240100F82004205D29B42A022086FE
:10539C0024010054400420DB3C19240600043EB3D5
:1053AC00230601B53DC9250A02E53C7326060357C1
:1053BC003D41250804EA3C1D271305EE3CC6211B84
:1053CC000CF23CD9260406F83CFA200C07293B5F6A
:1053DC00200908FE3C3D200208033D9123020909E7
:1053EC003D1B20010A392B0A20010B0E3D2C2001FC
:1053FC000C646E133D6C0000000000000000000007
:10540C000000766E1E3D63010000000000000000ED
:10541C00000000DC91293D52020000000000000059
:10542C00000000003291303D4E03000000000000EF
:10543C0000000000008890373D7202000000000060
:10544C0000000000000050873E3D6E03000000008D
:10545C0000000000000000D788453D6404000000F7
:10546C000000000000000000CE89503D73040000D5
:10547C00000000000000000000066C133D6C0000F2
:10548C00000000000000000000007C6E1E3D630167
:10549C000000000000000000000000468A5B3D6434
:1054AC000200000000000000000000000E6C6A3DCD
:1054BC0048020000000000000000000000106C74A6
:1054CC003D4C020000000000000000000000CD8FE9
:1054DC007D3D71020000000000000000000000068D
:1054EC00908C3D73020000000000000000000000E2
:1054FC00738D993D68020000000000000000000060
:10550C0000126CA03D6E02000000000000000000C4
:10551C000000E88BAB3D66020000000000000000BC
:10552C00000000706E133D6C0000000000000000D5
:10553C0000000000826E1E3D6301000000000000B0
:10554C000000000000F58DBB3D640200000000006F
:10555C00000000000000BD84CA3D440200000000B1
:10556C0000000000000000AA8EBA3D73020000008B
:10557C0000000000000000002485C93D530200001B
:10558C00000000000000000000146C133D6C0000D3
:10559C00000000000000000000007B85D83D720177
:1055AC0003000000000000000000003D8F223C774B
:1055BC00010300000000000000000000F96EDD3D5A
:1055CC006F010000000000000000000000166CE6F7
:1055DC003D680000000000000000000000000E7498
:1055EC00F53D730100000000000000000000007297
:1055FC0072F13D53010000000000000000000000AB
:10560C003877003E79020000000000000000000026
:10561C0000A477093E7002000000000000000000AA
:10562C000000D176163E6C03000000000000000064
:10563C00000000A572123E4C0300000000000000A8
:10564C0000000000B375273E640400000000000059
:10565C000000000000D872233E440400000000004B
:10566C000000000000001476333E740400000000BB
:10567C00000000000000006673433E54040000006C
:10568C000000000000000000BF74533E76050000CF
:10569C000000000000000000002B725F3E56050069
:1056AC000000000000000000000032756B3E620636
:1056BC0000000000000000000000000B73743E426C
:1056CC00060000000000000000000000186C7D3E89
:1056DC00610600000000000000000000006A748CED
:1056EC003E72060000000000000000000000427145
:1056FC009B3E520600000000000000000000001A53
:10570C006CA43E69060000000000000000000000D0
:10571C00000000020000000020790000000000A042
:10572C000803100203020200C201000300004F48EC
:10573C00454800008D48200065786974006C730042
:10574C007375646F00010100000901000011010074
:10575C000019010000210100002901000031015F46
:10576C003B653B693B6D3B723B763B7B3B833B8AAA
:10577C003B933B993BA33B18660808000542064344
:10578C000AC80002C8B20000200406D81018000194
:10579C00500040701E4F0680002C016400B7274853
:1057AC00A0010401007C001A072B0CB00D0200882C
:1057BC00048C318C31EC039303211E000004007E19
:1057CC00000402000000000000000000000000A027
:1057DC001FDFC8FD0700030003804100008000208C
:1057EC00080000000000000000200001920100E809
:1057FC0003A8002203000088130000F4010000E855
:10580C0003000050C3810000003F00000000080CA2
:10581C000000000300000000000000000000000079
:10582C00000000000000000000000000000000006C
:10583C0000000000000000000088080000000000CC
:10584C00000000000000000000010000000000004B
:10585C00000000050100000D010000150100001DF5
:10586C00010000250100002D01000035010301009D
:10587C00000B010000130100001B010000230100BC
:10588C00002B01000033010C010C01140114011C4C
:10589C00011C01240124012C012C013401340100D0
:1058AC0000010002000300040005000606010000D0
:1058BC000E010000160100001E0100002601000070
:1058CC002E0100003601000100000801000010014B
:1058DC000000180100002001000028010000300128
:1058EC00636C6F636B206265747765656E20312D18
:1058FC0031340A004552524F523A20496E76616C4F
:10590C00696420636C6F636B20737065636966698F
:10591C0065642E2053656C65637420004552524FAC
:10592C00523A20004552524F523A2056616C7565DE
:10593C00206F7574206F66206C6567616C207261D6
:10594C006E6765206F662000A71B800401208624EB
:10595C00010000000000A71B800400208624010029
:10596C0000000000C008400640420F000054686967
:10597C0073206973206E6F7420616E206F70657276
:10598C006174696E672073797374656D21000A3ECA
:10599C0000596F752068617665206265656E2067B9
:1059AC0072616E74656420726F6F74207065726DB5
:1059BC00697373696F6E732100256C750025630024
:1059CC002530346C78006572726F723A20756E7285
:1059DC0065636F676E697A656420636F6D6D616E68
:1059EC0064206F7074696F6E00657869740055730C
:1059FC006167653A205B636D645D205B2D7C2D2DAA
:105A0C005D5B617267315D205B2D7C2D2D5D5B6173
:105A1C007267325D2E2E2E00436F6D6D616E647356
:105A2C003A000A20252D7300205B25637C25735DCD
:105A3C00000925730A00444556434C4B3A20333237
:105A4C0035303030303030487A0046756E637469CA
:105A5C006F6E2072656D6F766564004552524F52C1
:105A6C003A204144353632345220696E76616C6985
:105A7C00642072657475726E20636F646528256C82
:105A8C0075290A0077616974696E6720256C756DDC
:105A9C00730A004552524F523A2061643536323403
:105AAC00206D617820636F6E74726F6C20776F72EB
:105ABC00642069732034303935007077725F666109
:105ACC006E28256C75290A004552524F523A200017
:105ADC00467265652072616D3A20256C752062797D
:105AEC007465730A0043757272656E742070686910
:105AFC005F7265665F6D6F64653A2025640A0043CA
:105B0C00757272656E74207068695F6578745F6D0C
:105B1C006F64653A2025640A004E657720706869C9
:105B2C005F7265665F6D6F64653A2025640A004E8E
:105B3C006577207068695F6578745F6D6F64653A2E
:105B4C002025640A002530327800257320636F729B
:105B5C00726563742076616C75652E004A455344FA
:105B6C00204C4D4B204C6F636B2044657465637403
:105B7C00205374617475733A00696E7465726E614A
:105B8C006C0065787465726E616C2064697669640A
:105B9C00652062792025750A00203078253034780C
:105BAC0020004552524F523A2053656C6563742065
:105BBC005265662028313A4578742C20323A2049B7
:105BCC006E742900457874205265662048434D391F
:105BDC0038384C5033453A000A3078253032783A10
:105BEC0000496E74205265662048434D3938384C54
:105BFC005033453A007265673A2030782530347856
:105C0C000A0025732073706920736C69700A002573
:105C1C00732073796E632064656C61790A00646922
:105C2C0076696465722076616C7565732E0A002541
:105C3C0073202573004552524F523A2042696173CA
:105C4C002076616C7565206D7573742062652030EB
:105C5C00206F7220312C206E6F74202575007278A5
:105C6C002062756666657220626961732E0A004552
:105C7C0052524F523A2044656C6179206D757374A1
:105C8C00206265206265747765656E203020616ED8
:105C9C00642036300025732064656C6179206C6952
:105CAC006E650A004552524F523A20547269672071
:105CBC006D6F6465206D7573742062652031206F83
:105CCC00722030002573206C61756E6368207068DB
:105CDC006173650A007370692073796E630A004EF4
:105CEC004F54453A205350492053594E4320746128
:105CFC006B6573206E6F20696E7075740054696DDE
:105D0C006500426F6172642056657273696F6E3AFA
:105D1C002025730A0046757365253032783A203099
:105D2C0078253032780A006D6173746572004272A6
:105D3C00616E63683A2025730A006D63752D737468
:105D4C0061626C652D74357631306C312D332E36A5
:105D5C002D3133332D673831643063613331005268
:105D6C0065766973696F6E3A2025730A003230329A
:105D7C00362D30372D31372D32313A31313A3233ED
:105D8C0000446174653A202573205554430A00473A
:105D9C0043433A2025642E25640A0050524F443A5E
:105DAC00205641554E540052544D3A2025690A0054
:105DBC004D43552053657269616C204E756D62655B
:105DCC00723A20004D4355204465766963653A204C
:105DDC00004D4355205265766973696F6E3A200009
:105DEC004D43552046757365733A006572726F7238
:105DFC003A200054656D70303A2025336920430AEF
:105E0C000054656D70313A2025336920430A0055E2
:105E1C006E7265636F676E697A65642000554E4BD0
:105E2C004E4F574E3A20454550524F4D206E6F7491
:105E3C002070726F6772616D6D6564206F72206483
:105E4C006F6573206E6F742065786973740052549B
:105E5C004D202575200053455249414C2025732077
:105E6C00002D2046656174757265733A0020726569
:105E7C00672030782578203D20307825783B004EFF
:105E8C006F6E65000A504C4C2053544154555300CE
:105E9C004C4D5820504C4C3A20556E6C6F636B65D2
:105EAC00642C205674756E65204C6F7720004C4D19
:105EBC005820504C4C3A20496E76616C69642073C2
:105ECC0074617465004C4D5820504C4C3A204C6F0A
:105EDC00636B656420004C4D5820504C4C3A205557
:105EEC006E6C6F636B65642C205674756E65204800
:105EFC0069676820004552524F523A204C4D582049
:105F0C0047656E65726963204572726F7200564305
:105F1C004F3A2056433025303478200A0043415004
:105F2C004354524C20636170636F64653A20253092
:105F3C003458200A004441434953455420616D7044
:105F4C006C69747564653A2025303458200A004C0D
:105F5C004D58323539352064756D703A00203078E3
:105F6C0025303478006C6D7820706C6C20736574FF
:105F7C00206E3A2030782530346C78200A00726517
:105F8C0067203078423A20307825303478200A0067
:105F9C00666F75743A203078256C780A00643A2064
:105FAC0030782530346C780A006676636F3A20308E
:105FBC0078256C780A005374726169676874207470
:105FCC0068726F7567682073656C656374656420AF
:105FDC00006572726F72206E006572726F72207241
:105FEC00006572726F722064006572726F72206647
:105FFC006F7574006572726F7220667064006572E2
:10600C00726F7220707772006572726F72206368A3
:10601C00616E204220667265712063616E206E6F26
:10602C00742065786365656420313547487A005380
:10603C006F6D657468696E67277320616D69737322
:10604C00004552524F523A20696E76616C69642059
:10605C00642064697669646572007265676973743B
:10606C006572203078253032783A203078253034FB
:10607C0078200A006D757876616C3A2025750A00D7
:10608C004552524F523A205F5F46494C455F5F3A4A
:10609C005F5F4C494E455F5F20696E205F5F6675A0
:1060AC006E635F5F3A20696E76616C6964206D7512
:1060BC007876616C20282900616464723A20256C22
:1060CC00750A00736574204D75784120746F3A2001
:1060DC00256C750A00736574204D75784220746FB9
:1060EC003A20256C750A0052455345543A206C6F82
:1060FC00770052455345543A206869676800496EE9
:10610C0076616C696420696E7075742E206D757380
:10611C007420626520312028726573657429206FA4
:10612C007220302E005057522044574E3A206C6F3C
:10613C0077005057522044574E3A206869676800E0
:10614C00496E76616C696420696E7075742E206D71
:10615C0075737420626520312028706F776572200A
:10616C00646F776E29206F7220302E0053594E4386
:10617C003A2064697361626C65640053594E433A0A
:10618C0020656E61626C656400496E76616C696451
:10619C0020696E7075742E206D7573742062652085
:1061AC0031202873796E6320656E61626C65642999
:1061BC00206F7220302E002D20636C6F736520735E
:1061CC00657269616C20706F7274206265666F72A3
:1061DC00652070726F6772616D6D696E67004552F4
:1061EC00524F523A205265626F6F7420756E737500
:1061FC006365737366756C2E002573206F64642061
:10620C002573002573206469676974616C2064656B
:10621C006C61792E0A0061646C793A2030782530F3
:10622C0034780A0061646C7920696E2070733A20AE
:10623C003078253034780A004552524F523A205368
:10624C00656C65637420504C4C2028313A4A455398
:10625C00442C20323A20524546290025732065767D
:10626C00656E202573004552524F523A20466169A3
:10627C006C656420746F207265616420616E616C62
:10628C006F672064656C61792E007364636C6B209E
:10629C0064646C793A203078253034780A00526581
:1062AC00616420416464726573733A2030782530E0
:1062BC0034580A00526561642056616C7565202063
:1062CC003A203078253032580A0053796E746820A1
:1062DC00646961676E6F7374696320696E69746950
:1062EC00617465643A005265666572656E6365201B
:1062FC00536F757263653A20004A455344204C4DE8
:10630C004B204C6F7373206F66204C6F636B205364
:10631C0074617475733A004A455344204C4D4B20BC
:10632C0050696E204C44205374617475733A202567
:10633C003034780A0050686920496E7420726567A1
:10634C003120283369293A202533692028307829CF
:10635C003A203078253034780A0050686920457826
:10636C0074207265673120283369293A20253369F6
:10637C0020283078293A203078253034780A004AA1
:10638C00455344204C4D4B20526567332052656178
:10639C0064283078293A3078253034780A004C4D0E
:1063AC004B3034383238204A4553442064756D7074
:1063BC003A00706C6C3220723A2030782530346C94
:1063CC00780A00646576636C6B2064646C79206871
:1063DC006967683A203078253034780A006465762D
:1063EC00636C6B2064646C79206C6F773A20307826
:1063FC00253034780A004A455344205359535245AA
:10640C00462050756C7365004552524F52286C6D86
:10641C006B30343832785F706C6C5F6C645F6765BE
:10642C0074293A2062616420726561642C20756E57
:10643C006578706563746564206869676820626953
:10644C007400706C6C32206E3A2030782530346CCD
:10645C00780A00706C6C32206E5F63616C3A20308D
:10646C00782530346C780A004552524F523A202528
:10647C0073203120616E64203236323134332E0A6F
:10648C000044203D202575200A0050203D20257514
:10649C00200A00257320666F72204E20616E6420E6
:1064AC00442E20556E61626C6520746F206C6F6396
:1064BC006B2E004E63616C203D20256C75200A000C
:1064CC00257320504C4C32206469760A00257320C9
:1064DC003120616E642033322E0A00257320636CE8
:1064EC006B20646976696465722E0A007379737225
:1064FC006566206469763A203078253034780A0055
:10650C002573203820616E6420383139312E0A0011
:10651C0025732073797372656620636C6B206469D4
:10652C0076696465722E0A005741524E494E473ABD
:10653C00206C6D6B30343832785F64636C6B5F64E5
:10654C00646C795F7365745F64796E616D696328DF
:10655C002920697320756E746573746564005741E6
:10656C00524E494E473A206C6D6B30343832785F5E
:10657C0064636C6B5F64646C795F7365745F64797E
:10658C006E616D696328292075736573207265616E
:10659C006472656720616E642077726974657265D8
:1065AC006720726174686572207468616E2073650F
:1065BC007472656700434C4B3A2025750048494777
:1065CC00483A202575004C4F573A20257500257305
:1065DC002032202D2031362E0A004552524F523A8D
:1065EC002044444C592074616B6573203020666FD5
:1065FC007220726561646261636B20616E6420312C
:10660C0020746F2073657420612076616C75652E23
:10661C00005741524E494E473A206C6D6B3034381E
:10662C0032785F64636C6B5F64646C795F73657400
:10663C005F6669786564282920697320756E7465B6
:10664C0073746564005741524E494E473A206C6D45
:10665C006B30343832785F64636C6B5F64646C7974
:10666C005F7365745F666978656428292075736546
:10667C0073207265616472656720616E6420777245
:10668C0069746572656720726174686572207468DC
:10669C00616E20736574726567005741524E494EA6
:1066AC00473A206C6D6B30343832785F68616C66B9
:1066BC005F737465705F7365742829206973207526
:1066CC006E746573746564005741524E494E473A77
:1066DC00206C6D6B30343832785F68616C665F7338
:1066EC007465705F736574282920757365732072E7
:1066FC0065616472656720616E6420777269746588
:10670C0072656720726174686572207468616E20AE
:10671C00736574726567002573203120282D302E27
:10672C0035206379636C657329206F7220302028C3
:10673C0030206379636C6573292E0A0025732073EE
:10674C007973726566206469676974616C2064652D
:10675C006C61792E0A00636C6B206E756D3A202586
:10676C00750A006D6F64323A2025750A0064656CF9
:10677C0061793A2025750A00257320302D32332E8D
:10678C000A00257320616E616C6F672064656C6113
:10679C00792E0A0064656C61792076616C75653AB6
:1067AC0020256C750A00257320302D31352E0A00FA
:1067BC00577269746520416464726573733A203052
:1067CC0078253034580A0057726974652056616C0C
:1067DC00756520203A203078253034580A005365EE
:1067EC007474696E672053595352454620746F2058
:1067FC00436F6E74696E756F75732E005365747488
:10680C00696E672053595352454620746F2050755A
:10681C006C7365642E005741524E494E473A206CBA
:10682C006D6B30343832785F7379737265665F6480
:10683C00646C795F736574282920697320756E7494
:10684C006573746564005741524E494E473A206C4B
:10685C006D6B30343832785F7379737265665F6450
:10686C00646C795F73657428292075736573207265
:10687C0065616472656720616E6420777269746506
:10688C0072656720726174686572207468616E202D
:10689C0073657472656700257320382D3831393172
:1068AC002E0A002573203120616E64203430393576
:1068BC002E0A00706C6C3220723A203078253034FD
:1068CC00780A002573203120746F20313633383329
:1068DC002E0A00706C6C31206E3A203078253034E2
:1068EC00780A00257320504C4C31206469760A00DC
:1068FC00257320312D31363338332E0A00706C6CF1
:10690C003120723A203078253034780A0070777252
:10691C005F636C6B28256C75290A00426F6F7420BD
:10692C005761726E696E67733A2025690A00537954
:10693C006E746820426F6172643A20466174616CB7
:10694C00206572726F722C20736166656C7920738E
:10695C0068757474696E6720646F776E2E0065724B
:10696C00726F723A20426F6172642064656D6F20A1
:10697C006661696C6564002D2D00656E746572002E
:10698C00766572626F7365006C6D6B5F72656773B1
:10699C0000686D635F72656773006865617274622D
:1069AC00656174006865617274626561745F7265BB
:1069BC00736574006865617274626561745F696E99
:1069CC00697400706C6C5F6C6F636B646574656389
:1069DC007400706C6C5F6C6F6C73746174757300A5
:1069EC006D63755F6465766963656964006D637575
:1069FC005F7265766973696F6E006D63755F66753E
:106A0C00736573006D63755F73657269616C0054B7
:106A1C00696D652000545820005258200044696765
:106A2C0020004250200050575220004645435452FB
:106A3C004C20004C4F47454E20004372696D736FDC
:106A4C006E20004379616E200043616C616D696E4C
:106A5C0065200043686573746E7574200064656D01
:106A6C006F0064696167006B696C6C0070616E69C2
:106A7C00630076657273696F6E0074656D70007279
:106A8C00616D00676C650068777665720069736F7D
:106A9C00006D696400666273656C00706C6C4C44CC
:106AAC0000726567646D7000706C6C527365740075
:106ABC00706C6C4E7365740073657446726571000E
:106ACC0076636F00676574726567007365746D75C6
:106ADC0078007772697465006C6D78507772006C11
:106AEC006D785265660073657456616C00696E69E9
:106AFC007452656773005265736574005077724405
:106B0C00776E006D61736B006F6666006368616E13
:106B1C006E656C0066616E00746F67676C655F6AAA
:106B2C006573645F73797372656600746F67676C05
:106B3C00655F706C6C5F7379737265660073796EE8
:106B4C00635F6A6573645F656467650073796E6320
:106B5C005F706C6C5F656467650073796E635F6111
:106B6C006C6C0073796E635F636F6E74696E756FB6
:106B7C0075730074656E72656600786F7265660079
:106B8C00696E666F72656600646576636C6B006235
:106B9C00656E63680061646C7900484D43006C6DF0
:106BAC007800646562756700626F61726400647579
:106BBC006D7000706F77657200626F6F740068653E
:106BCC006C70006C6D6B5F73656C65637400636CEB
:106BDC006B5F73656C65637400706C6C315F720015
:106BEC00706C6C315F6E00706C6C325F7200706C2C
:106BFC006C325F6E00646576636C6B5F6469760003
:106C0C00737973636C6B5F646976007365745F642E
:106C1C00796E616D5F64646C790064646C795F6833
:106C2C006967680064646C795F6C6F770073646388
:106C3C006C6B5F64646C795F736574007379735FFC
:106C4C0064646C795F7365740068735F736574005A
:106C5C00737465705F636F756E74007365745F66D3
:106C6C00697865645F64646C79007364636C6B5FF2
:106C7C0061646C795F736574007364636C6B5F61E2
:106C8C00646C795F6765740072656164006F63782A
:106C9C006F5F64616300686D635F73656C656374DB
:106CAC00006765745F73796E635F64656C6179000E
:106CBC007370695F73796E63007370695F736C696D
:106CCC0070006765745F6C61756E63685F70686196
:106CDC007365006765745F64656C61795F6C696E80
:106CEC006573007365745F6578745F747269676748
:106CFC006572006765745F6578745F747269676745
:106D0C006572007365745F646976696465720067A7
:106D1C0065745F64697669646572007365745F623B
:106D2C00696173006765745F62696173007772698A
:106D3C0074655F7265675F61646472007772697411
:106D4C00655F7265675F6461746100726561645F41
:106D5C0072656700363833325F696E73656C00504C
:106D6C004C4C2575204C6F636B65640A00504C4C81
:106D7C00257520556E6C6F636B65640A0045525225
:106D8C004F523A20756E61626C6520746F2072658B
:106D9C00616420454550524F4D00454550524F4D72
:106DAC00205741524E494E473A2070726F647563BA
:106DBC0074206D69736D617463680A204545505287
:106DCC004F4D2050726F64756374204E616D653A3F
:106DDC002025730A20466C61736865642050726FBD
:106DEC0064756374204669726D776172653A20250B
:106DFC00730A0A00454550524F4D205741524E4997
:106E0C004E473A20626F617264206D69736D6174D4
:106E1C0063680A20454550524F4D20426F617264A1
:106E2C00204E616D653A2025730A20466C617368AB
:106E3C00656420426F617264204669726D7761727D
:106E4C00653A2025730A0A00454550524F4D20578C
:106E5C0041524E494E473A2072746D206D69736DE4
:106E6C00617463680A20454550524F4D2052544D71
:106E7C003A2052544D2025640A20466C6173686593
:106E8C00642052544D204669726D776172653A20C8
:106E9C0052544D2025640A0A00504C4C257520494B
:106EAC006E746572727570746564204C6F636B0AD6
:106EBC0000504C4C257520436F6E74696E756F7560
:086ECC0073204C6F636B0A0098
:00000001FF
